

Microchip MPLAB XC8 Assembler V3.10 build 20250813170317 
                                                                                               Fri Nov 28 17:53:55 2025

Microchip MPLAB XC8 C Compiler v3.10 (Free license) build 20250813170317 Og1 
     1                           	processor	16F18875
     2                           	pagewidth 120
     3                           	opt	flic
     4                           	psect	idataBANK1,global,class=CODE,space=0,delta=2,noexec
     5                           	psect	stringtext1,global,class=STRCODE,space=0,delta=2,noexec
     6                           	psect	nvBANK1,global,class=BANK1,space=1,delta=1,noexec
     7                           	psect	stringtext2,global,class=STRCODE,space=0,delta=2,noexec
     8                           	psect	stringtext3,global,class=STRCODE,space=0,delta=2,noexec
     9                           	psect	cinit,global,class=CODE,space=0,merge=1,delta=2
    10                           	psect	bssCOMMON,global,class=COMMON,space=1,delta=1,noexec
    11                           	psect	bssBANK1,global,class=BANK1,space=1,delta=1,noexec
    12                           	psect	dataBANK1,global,class=BANK1,space=1,delta=1,noexec
    13                           	psect	bssBANK2,global,class=BANK2,space=1,delta=1,noexec
    14                           	psect	clrtext,global,class=CODE,space=0,delta=2
    15                           	psect	cstackBANK1,global,class=BANK1,space=1,delta=1,noexec
    16                           	psect	cstackCOMMON,global,class=COMMON,space=1,delta=1,noexec
    17                           	psect	cstackBANK0,global,class=BANK0,space=1,delta=1,noexec
    18                           	psect	maintext,global,class=CODE,space=0,merge=1,split=1,delta=2
    19                           	psect	text1,local,class=CODE,space=0,merge=1,delta=2,group=3
    20                           	psect	text2,local,class=CODE,space=0,merge=1,delta=2,group=1
    21                           	psect	text3,local,class=CODE,space=0,merge=1,delta=2,group=1
    22                           	psect	text4,local,class=CODE,space=0,merge=1,delta=2,group=1
    23                           	psect	text5,local,class=CODE,space=0,merge=1,delta=2,group=1
    24                           	psect	text6,local,class=CODE,space=0,merge=1,delta=2,group=3
    25                           	psect	text7,local,class=CODE,space=0,merge=1,delta=2,group=3
    26                           	psect	text8,local,class=CODE,space=0,merge=1,delta=2,group=3
    27                           	psect	text9,local,class=CODE,space=0,merge=1,delta=2,group=2
    28                           	psect	text10,local,class=CODE,space=0,merge=1,delta=2,group=2
    29                           	psect	text11,local,class=CODE,space=0,merge=1,delta=2,group=1
    30                           	psect	text12,local,class=CODE,space=0,merge=1,delta=2,group=2
    31                           	psect	text13,local,class=CODE,space=0,merge=1,delta=2
    32                           	psect	text14,local,class=CODE,space=0,merge=1,delta=2
    33                           	psect	text15,local,class=CODE,space=0,merge=1,delta=2
    34                           	psect	text16,local,class=CODE,space=0,merge=1,delta=2
    35                           	psect	text17,local,class=CODE,space=0,merge=1,delta=2
    36                           	psect	text18,local,class=CODE,space=0,merge=1,delta=2
    37                           	psect	text19,local,class=CODE,space=0,merge=1,delta=2
    38                           	psect	text20,local,class=CODE,space=0,merge=1,delta=2
    39                           	psect	text21,local,class=CODE,space=0,merge=1,delta=2
    40                           	psect	text22,local,class=CODE,space=0,merge=1,delta=2
    41                           	psect	text23,local,class=CODE,space=0,merge=1,delta=2
    42                           	psect	text24,local,class=CODE,space=0,merge=1,delta=2
    43                           	psect	text25,local,class=CODE,space=0,merge=1,delta=2
    44                           	psect	text26,local,class=CODE,space=0,merge=1,delta=2
    45                           	psect	text27,local,class=CODE,space=0,merge=1,delta=2
    46                           	psect	text28,local,class=CODE,space=0,merge=1,delta=2
    47                           	psect	text29,local,class=CODE,space=0,merge=1,delta=2
    48                           	psect	text30,local,class=CODE,space=0,merge=1,delta=2
    49                           	psect	text31,local,class=CODE,space=0,merge=1,delta=2
    50                           	psect	intentry,global,class=CODE,space=0,delta=2
    51                           	psect	text33,local,class=CODE,space=0,merge=1,delta=2
    52                           	psect	text34,local,class=CODE,space=0,merge=1,delta=2
    53                           	psect	text35,local,class=CODE,space=0,merge=1,delta=2
    54                           	psect	idloc,global,abs,ovrld,class=IDLOC,space=5,delta=2,noexec
    55                           	psect	config,global,abs,ovrld,class=CONFIG,space=4,delta=2,noexec
    56                           	dabs	1,0x7E,2
    57     0000                     
    58                           ; Version 2.35
    59                           ; Generated 13/04/2021 GMT
    60                           ; 
    61                           ; Copyright © 2021, Microchip Technology Inc. and its subsidiaries ("Microchip")
    62                           ; All rights reserved.
    63                           ; 
    64                           ; This software is developed by Microchip Technology Inc. and its subsidiaries ("Microch
      +                          ip").
    65                           ; 
    66                           ; Redistribution and use in source and binary forms, with or without modification, are
    67                           ; permitted provided that the following conditions are met:
    68                           ; 
    69                           ;     1. Redistributions of source code must retain the above copyright notice, this lis
      +                          t of
    70                           ;        conditions and the following disclaimer.
    71                           ; 
    72                           ;     2. Redistributions in binary form must reproduce the above copyright notice, this 
      +                          list
    73                           ;        of conditions and the following disclaimer in the documentation and/or other
    74                           ;        materials provided with the distribution. Publication is not required when
    75                           ;        this file is used in an embedded application.
    76                           ; 
    77                           ;     3. Microchip's name may not be used to endorse or promote products derived from th
      +                          is
    78                           ;        software without specific prior written permission.
    79                           ; 
    80                           ; THIS SOFTWARE IS PROVIDED BY MICROCHIP "AS IS" AND ANY EXPRESS OR IMPLIED WARRANTIES,
    81                           ; INCLUDING, BUT NOT LIMITED TO, THE IMPLIED WARRANTIES OF MERCHANTABILITY AND FITNESS F
      +                          OR
    82                           ; PURPOSE ARE DISCLAIMED.  IN NO EVENT SHALL MICROCHIP BE LIABLE FOR ANY DIRECT, INDIREC
      +                          T,
    83                           ; INCIDENTAL, SPECIAL, EXEMPLARY, OR CONSEQUENTIAL DAMAGES (INCLUDING BUT NOT LIMITED TO
    84                           ; PROCUREMENT OF SUBSTITUTE GOODS OR SERVICES; LOSS OF USE, DATA OR PROFITS; OR BUSINESS
    85                           ; INTERRUPTION) HOWSOEVER CAUSED AND ON ANY THEORY OF LIABILITY, WHETHER IN CONTRACT, ST
      +                          RICT
    86                           ; LIABILITY, OR TORT (INCLUDING NEGLIGENCE OR OTHERWISE) ARISING IN ANY WAY OUT OF THE U
      +                          SE OF
    87                           ; THIS SOFTWARE, EVEN IF ADVISED OF THE POSSIBILITY OF SUCH DAMAGE.
    88                           ; 
    89                           ; 
    90                           ; Code-generator required, PIC16F18875 Definitions
    91                           ; 
    92                           ; SFR Addresses
    93     0008                     bsr             equ	8
    94     0005                     fsr0h           equ	5
    95     0004                     fsr0l           equ	4
    96     0007                     fsr1h           equ	7
    97     0006                     fsr1l           equ	6
    98     0000                     indf            equ	0
    99     0000                     indf0           equ	0
   100     0001                     indf1           equ	1
   101     000B                     intcon          equ	11
   102     0002                     pc              equ	2
   103     0002                     pcl             equ	2
   104     000A                     pclath          equ	10
   105     0003                     status          equ	3
   106     0009                     wreg            equ	9
   107     0000                     INDF0           equ	0	;# 
   108     0001                     INDF1           equ	1	;# 
   109     0002                     PCL             equ	2	;# 
   110     0003                     STATUS          equ	3	;# 
   111     0004                     FSR0L           equ	4	;# 
   112     0005                     FSR0H           equ	5	;# 
   113     0006                     FSR1L           equ	6	;# 
   114     0007                     FSR1H           equ	7	;# 
   115     0008                     BSR             equ	8	;# 
   116     0009                     WREG            equ	9	;# 
   117     000A                     PCLATH          equ	10	;# 
   118     000B                     INTCON          equ	11	;# 
   119     000C                     PORTA           equ	12	;# 
   120     000D                     PORTB           equ	13	;# 
   121     000E                     PORTC           equ	14	;# 
   122     000F                     PORTD           equ	15	;# 
   123     0010                     PORTE           equ	16	;# 
   124     0011                     TRISA           equ	17	;# 
   125     0012                     TRISB           equ	18	;# 
   126     0013                     TRISC           equ	19	;# 
   127     0014                     TRISD           equ	20	;# 
   128     0015                     TRISE           equ	21	;# 
   129     0016                     LATA            equ	22	;# 
   130     0017                     LATB            equ	23	;# 
   131     0018                     LATC            equ	24	;# 
   132     0019                     LATD            equ	25	;# 
   133     001A                     LATE            equ	26	;# 
   134     001C                     TMR0L           equ	28	;# 
   135     001C                     TMR0            equ	28	;# 
   136     001D                     TMR0H           equ	29	;# 
   137     001D                     PR0             equ	29	;# 
   138     001E                     T0CON0          equ	30	;# 
   139     001F                     T0CON1          equ	31	;# 
   140     008C                     ADRES           equ	140	;# 
   141     008C                     ADRESL          equ	140	;# 
   142     008D                     ADRESH          equ	141	;# 
   143     008E                     ADPREV          equ	142	;# 
   144     008E                     ADPREVL         equ	142	;# 
   145     008F                     ADPREVH         equ	143	;# 
   146     0090                     ADACC           equ	144	;# 
   147     0090                     ADACCL          equ	144	;# 
   148     0091                     ADACCH          equ	145	;# 
   149     0093                     ADCON0          equ	147	;# 
   150     0094                     ADCON1          equ	148	;# 
   151     0095                     ADCON2          equ	149	;# 
   152     0096                     ADCON3          equ	150	;# 
   153     0097                     ADSTAT          equ	151	;# 
   154     0098                     ADCLK           equ	152	;# 
   155     0099                     ADACT           equ	153	;# 
   156     009A                     ADREF           equ	154	;# 
   157     009B                     ADCAP           equ	155	;# 
   158     009C                     ADPRE           equ	156	;# 
   159     009D                     ADACQ           equ	157	;# 
   160     009E                     ADPCH           equ	158	;# 
   161     010C                     ADCNT           equ	268	;# 
   162     010D                     ADRPT           equ	269	;# 
   163     010E                     ADLTH           equ	270	;# 
   164     010E                     ADLTHL          equ	270	;# 
   165     010F                     ADLTHH          equ	271	;# 
   166     0110                     ADUTH           equ	272	;# 
   167     0110                     ADUTHL          equ	272	;# 
   168     0111                     ADUTHH          equ	273	;# 
   169     0112                     ADSTPT          equ	274	;# 
   170     0112                     ADSTPTL         equ	274	;# 
   171     0113                     ADSTPTH         equ	275	;# 
   172     0114                     ADFLTR          equ	276	;# 
   173     0114                     ADFLTRL         equ	276	;# 
   174     0115                     ADFLTRH         equ	277	;# 
   175     0116                     ADERR           equ	278	;# 
   176     0116                     ADERRL          equ	278	;# 
   177     0117                     ADERRH          equ	279	;# 
   178     0119                     RC1REG          equ	281	;# 
   179     0119                     RCREG           equ	281	;# 
   180     0119                     RCREG1          equ	281	;# 
   181     011A                     TX1REG          equ	282	;# 
   182     011A                     TXREG1          equ	282	;# 
   183     011A                     TXREG           equ	282	;# 
   184     011B                     SP1BRG          equ	283	;# 
   185     011B                     SP1BRGL         equ	283	;# 
   186     011B                     SPBRG           equ	283	;# 
   187     011B                     SPBRG1          equ	283	;# 
   188     011B                     SPBRGL          equ	283	;# 
   189     011C                     SP1BRGH         equ	284	;# 
   190     011C                     SPBRGH          equ	284	;# 
   191     011C                     SPBRGH1         equ	284	;# 
   192     011D                     RC1STA          equ	285	;# 
   193     011D                     RCSTA1          equ	285	;# 
   194     011D                     RCSTA           equ	285	;# 
   195     011E                     TX1STA          equ	286	;# 
   196     011E                     TXSTA1          equ	286	;# 
   197     011E                     TXSTA           equ	286	;# 
   198     011F                     BAUD1CON        equ	287	;# 
   199     011F                     BAUDCON1        equ	287	;# 
   200     011F                     BAUDCTL1        equ	287	;# 
   201     011F                     BAUDCON         equ	287	;# 
   202     011F                     BAUDCTL         equ	287	;# 
   203     018C                     SSP1BUF         equ	396	;# 
   204     018D                     SSP1ADD         equ	397	;# 
   205     018E                     SSP1MSK         equ	398	;# 
   206     018F                     SSP1STAT        equ	399	;# 
   207     0190                     SSP1CON1        equ	400	;# 
   208     0191                     SSP1CON2        equ	401	;# 
   209     0192                     SSP1CON3        equ	402	;# 
   210     0196                     SSP2BUF         equ	406	;# 
   211     0197                     SSP2ADD         equ	407	;# 
   212     0198                     SSP2MSK         equ	408	;# 
   213     0199                     SSP2STAT        equ	409	;# 
   214     019A                     SSP2CON1        equ	410	;# 
   215     019B                     SSP2CON2        equ	411	;# 
   216     019C                     SSP2CON3        equ	412	;# 
   217     020C                     TMR1            equ	524	;# 
   218     020C                     TMR1L           equ	524	;# 
   219     020D                     TMR1H           equ	525	;# 
   220     020E                     T1CON           equ	526	;# 
   221     020F                     T1GCON          equ	527	;# 
   222     020F                     PR1             equ	527	;# 
   223     0210                     T1GATE          equ	528	;# 
   224     0210                     TMR1GATE        equ	528	;# 
   225     0211                     T1CLK           equ	529	;# 
   226     0211                     TMR1CLK         equ	529	;# 
   227     0212                     TMR3            equ	530	;# 
   228     0212                     TMR3L           equ	530	;# 
   229     0213                     TMR3H           equ	531	;# 
   230     0214                     T3CON           equ	532	;# 
   231     0215                     T3GCON          equ	533	;# 
   232     0215                     PR3             equ	533	;# 
   233     0216                     T3GATE          equ	534	;# 
   234     0216                     TMR3GATE        equ	534	;# 
   235     0217                     T3CLK           equ	535	;# 
   236     0217                     TMR3CLK         equ	535	;# 
   237     0218                     TMR5            equ	536	;# 
   238     0218                     TMR5L           equ	536	;# 
   239     0219                     TMR5H           equ	537	;# 
   240     021A                     T5CON           equ	538	;# 
   241     021B                     T5GCON          equ	539	;# 
   242     021B                     PR5             equ	539	;# 
   243     021C                     T5GATE          equ	540	;# 
   244     021C                     TMR5GATE        equ	540	;# 
   245     021D                     T5CLK           equ	541	;# 
   246     021D                     TMR5CLK         equ	541	;# 
   247     021E                     CCPTMRS0        equ	542	;# 
   248     021F                     CCPTMRS1        equ	543	;# 
   249     028C                     T2TMR           equ	652	;# 
   250     028C                     TMR2            equ	652	;# 
   251     028D                     T2PR            equ	653	;# 
   252     028D                     PR2             equ	653	;# 
   253     028E                     T2CON           equ	654	;# 
   254     028F                     T2HLT           equ	655	;# 
   255     0290                     T2CLKCON        equ	656	;# 
   256     0290                     T2CLK           equ	656	;# 
   257     0291                     T2RST           equ	657	;# 
   258     0292                     T4TMR           equ	658	;# 
   259     0292                     TMR4            equ	658	;# 
   260     0293                     T4PR            equ	659	;# 
   261     0293                     PR4             equ	659	;# 
   262     0294                     T4CON           equ	660	;# 
   263     0295                     T4HLT           equ	661	;# 
   264     0296                     T4CLKCON        equ	662	;# 
   265     0296                     T4CLK           equ	662	;# 
   266     0297                     T4RST           equ	663	;# 
   267     0298                     T6TMR           equ	664	;# 
   268     0298                     TMR6            equ	664	;# 
   269     0299                     T6PR            equ	665	;# 
   270     0299                     PR6             equ	665	;# 
   271     029A                     T6CON           equ	666	;# 
   272     029B                     T6HLT           equ	667	;# 
   273     029C                     T6CLKCON        equ	668	;# 
   274     029C                     T6CLK           equ	668	;# 
   275     029D                     T6RST           equ	669	;# 
   276     030C                     CCPR1           equ	780	;# 
   277     030C                     CCPR1L          equ	780	;# 
   278     030D                     CCPR1H          equ	781	;# 
   279     030E                     CCP1CON         equ	782	;# 
   280     030F                     CCP1CAP         equ	783	;# 
   281     0310                     CCPR2           equ	784	;# 
   282     0310                     CCPR2L          equ	784	;# 
   283     0311                     CCPR2H          equ	785	;# 
   284     0312                     CCP2CON         equ	786	;# 
   285     0313                     CCP2CAP         equ	787	;# 
   286     0314                     CCPR3           equ	788	;# 
   287     0314                     CCPR3L          equ	788	;# 
   288     0315                     CCPR3H          equ	789	;# 
   289     0316                     CCP3CON         equ	790	;# 
   290     0317                     CCP3CAP         equ	791	;# 
   291     0318                     CCPR4           equ	792	;# 
   292     0318                     CCPR4L          equ	792	;# 
   293     0319                     CCPR4H          equ	793	;# 
   294     031A                     CCP4CON         equ	794	;# 
   295     031B                     CCP4CAP         equ	795	;# 
   296     031C                     CCPR5           equ	796	;# 
   297     031C                     CCPR5L          equ	796	;# 
   298     031D                     CCPR5H          equ	797	;# 
   299     031E                     CCP5CON         equ	798	;# 
   300     031F                     CCP5CAP         equ	799	;# 
   301     038C                     PWM6DC          equ	908	;# 
   302     038C                     PWM6DCL         equ	908	;# 
   303     038D                     PWM6DCH         equ	909	;# 
   304     038E                     PWM6CON         equ	910	;# 
   305     0390                     PWM7DC          equ	912	;# 
   306     0390                     PWM7DCL         equ	912	;# 
   307     0391                     PWM7DCH         equ	913	;# 
   308     0392                     PWM7CON         equ	914	;# 
   309     040C                     SCANLADRL       equ	1036	;# 
   310     040D                     SCANLADRH       equ	1037	;# 
   311     040E                     SCANHADRL       equ	1038	;# 
   312     040F                     SCANHADRH       equ	1039	;# 
   313     0410                     SCANCON0        equ	1040	;# 
   314     0411                     SCANTRIG        equ	1041	;# 
   315     0416                     CRCDATA         equ	1046	;# 
   316     0416                     CRCDATL         equ	1046	;# 
   317     0417                     CRCDATH         equ	1047	;# 
   318     0418                     CRCACC          equ	1048	;# 
   319     0418                     CRCACCL         equ	1048	;# 
   320     0419                     CRCACCH         equ	1049	;# 
   321     041A                     CRCSHFT         equ	1050	;# 
   322     041A                     CRCSHIFTL       equ	1050	;# 
   323     041B                     CRCSHIFTH       equ	1051	;# 
   324     041C                     CRCXOR          equ	1052	;# 
   325     041C                     CRCXORL         equ	1052	;# 
   326     041D                     CRCXORH         equ	1053	;# 
   327     041E                     CRCCON0         equ	1054	;# 
   328     041F                     CRCCON1         equ	1055	;# 
   329     048C                     SMT1TMR         equ	1164	;# 
   330     048C                     SMT1TMRL        equ	1164	;# 
   331     048D                     SMT1TMRH        equ	1165	;# 
   332     048E                     SMT1TMRU        equ	1166	;# 
   333     048F                     SMT1CPR         equ	1167	;# 
   334     048F                     SMT1CPRL        equ	1167	;# 
   335     0490                     SMT1CPRH        equ	1168	;# 
   336     0491                     SMT1CPRU        equ	1169	;# 
   337     0492                     SMT1CPW         equ	1170	;# 
   338     0492                     SMT1CPWL        equ	1170	;# 
   339     0493                     SMT1CPWH        equ	1171	;# 
   340     0494                     SMT1CPWU        equ	1172	;# 
   341     0495                     SMT1PR          equ	1173	;# 
   342     0495                     SMT1PRL         equ	1173	;# 
   343     0496                     SMT1PRH         equ	1174	;# 
   344     0497                     SMT1PRU         equ	1175	;# 
   345     0498                     SMT1CON0        equ	1176	;# 
   346     0499                     SMT1CON1        equ	1177	;# 
   347     049A                     SMT1STAT        equ	1178	;# 
   348     049B                     SMT1CLK         equ	1179	;# 
   349     049C                     SMT1SIG         equ	1180	;# 
   350     049D                     SMT1WIN         equ	1181	;# 
   351     050C                     SMT2TMR         equ	1292	;# 
   352     050C                     SMT2TMRL        equ	1292	;# 
   353     050D                     SMT2TMRH        equ	1293	;# 
   354     050E                     SMT2TMRU        equ	1294	;# 
   355     050F                     SMT2CPR         equ	1295	;# 
   356     050F                     SMT2CPRL        equ	1295	;# 
   357     0510                     SMT2CPRH        equ	1296	;# 
   358     0511                     SMT2CPRU        equ	1297	;# 
   359     0512                     SMT2CPW         equ	1298	;# 
   360     0512                     SMT2CPWL        equ	1298	;# 
   361     0513                     SMT2CPWH        equ	1299	;# 
   362     0514                     SMT2CPWU        equ	1300	;# 
   363     0515                     SMT2PR          equ	1301	;# 
   364     0515                     SMT2PRL         equ	1301	;# 
   365     0516                     SMT2PRH         equ	1302	;# 
   366     0517                     SMT2PRU         equ	1303	;# 
   367     0518                     SMT2CON0        equ	1304	;# 
   368     0519                     SMT2CON1        equ	1305	;# 
   369     051A                     SMT2STAT        equ	1306	;# 
   370     051B                     SMT2CLK         equ	1307	;# 
   371     051C                     SMT2SIG         equ	1308	;# 
   372     051D                     SMT2WIN         equ	1309	;# 
   373     058C                     NCO1ACC         equ	1420	;# 
   374     058C                     NCO1ACCL        equ	1420	;# 
   375     058D                     NCO1ACCH        equ	1421	;# 
   376     058E                     NCO1ACCU        equ	1422	;# 
   377     058F                     NCO1INC         equ	1423	;# 
   378     058F                     NCO1INCL        equ	1423	;# 
   379     0590                     NCO1INCH        equ	1424	;# 
   380     0591                     NCO1INCU        equ	1425	;# 
   381     0592                     NCO1CON         equ	1426	;# 
   382     0593                     NCO1CLK         equ	1427	;# 
   383     060C                     CWG1CLKCON      equ	1548	;# 
   384     060D                     CWG1ISM         equ	1549	;# 
   385     060E                     CWG1DBR         equ	1550	;# 
   386     060F                     CWG1DBF         equ	1551	;# 
   387     0610                     CWG1CON0        equ	1552	;# 
   388     0611                     CWG1CON1        equ	1553	;# 
   389     0612                     CWG1AS0         equ	1554	;# 
   390     0613                     CWG1AS1         equ	1555	;# 
   391     0614                     CWG1STR         equ	1556	;# 
   392     0616                     CWG2CLKCON      equ	1558	;# 
   393     0617                     CWG2ISM         equ	1559	;# 
   394     0618                     CWG2DBR         equ	1560	;# 
   395     0619                     CWG2DBF         equ	1561	;# 
   396     061A                     CWG2CON0        equ	1562	;# 
   397     061B                     CWG2CON1        equ	1563	;# 
   398     061C                     CWG2AS0         equ	1564	;# 
   399     061D                     CWG2AS1         equ	1565	;# 
   400     061E                     CWG2STR         equ	1566	;# 
   401     068C                     CWG3CLKCON      equ	1676	;# 
   402     068D                     CWG3ISM         equ	1677	;# 
   403     068E                     CWG3DBR         equ	1678	;# 
   404     068F                     CWG3DBF         equ	1679	;# 
   405     0690                     CWG3CON0        equ	1680	;# 
   406     0691                     CWG3CON1        equ	1681	;# 
   407     0692                     CWG3AS0         equ	1682	;# 
   408     0693                     CWG3AS1         equ	1683	;# 
   409     0694                     CWG3STR         equ	1684	;# 
   410     070C                     PIR0            equ	1804	;# 
   411     070D                     PIR1            equ	1805	;# 
   412     070E                     PIR2            equ	1806	;# 
   413     070F                     PIR3            equ	1807	;# 
   414     0710                     PIR4            equ	1808	;# 
   415     0711                     PIR5            equ	1809	;# 
   416     0712                     PIR6            equ	1810	;# 
   417     0713                     PIR7            equ	1811	;# 
   418     0714                     PIR8            equ	1812	;# 
   419     0716                     PIE0            equ	1814	;# 
   420     0717                     PIE1            equ	1815	;# 
   421     0718                     PIE2            equ	1816	;# 
   422     0719                     PIE3            equ	1817	;# 
   423     071A                     PIE4            equ	1818	;# 
   424     071B                     PIE5            equ	1819	;# 
   425     071C                     PIE6            equ	1820	;# 
   426     071D                     PIE7            equ	1821	;# 
   427     071E                     PIE8            equ	1822	;# 
   428     0796                     PMD0            equ	1942	;# 
   429     0797                     PMD1            equ	1943	;# 
   430     0798                     PMD2            equ	1944	;# 
   431     0799                     PMD3            equ	1945	;# 
   432     079A                     PMD4            equ	1946	;# 
   433     079B                     PMD5            equ	1947	;# 
   434     080C                     WDTCON0         equ	2060	;# 
   435     080D                     WDTCON1         equ	2061	;# 
   436     080E                     WDTPSL          equ	2062	;# 
   437     080F                     WDTPSH          equ	2063	;# 
   438     0810                     WDTTMR          equ	2064	;# 
   439     0811                     BORCON          equ	2065	;# 
   440     0812                     VREGCON         equ	2066	;# 
   441     0813                     PCON0           equ	2067	;# 
   442     0814                     CCDCON          equ	2068	;# 
   443     081A                     NVMADRL         equ	2074	;# 
   444     081B                     NVMADRH         equ	2075	;# 
   445     081C                     NVMDATL         equ	2076	;# 
   446     081D                     NVMDATH         equ	2077	;# 
   447     081E                     NVMCON1         equ	2078	;# 
   448     081F                     NVMCON2         equ	2079	;# 
   449     088C                     CPUDOZE         equ	2188	;# 
   450     088D                     OSCCON1         equ	2189	;# 
   451     088E                     OSCCON2         equ	2190	;# 
   452     088F                     OSCCON3         equ	2191	;# 
   453     0890                     OSCSTAT         equ	2192	;# 
   454     0891                     OSCEN           equ	2193	;# 
   455     0892                     OSCTUNE         equ	2194	;# 
   456     0893                     OSCFRQ          equ	2195	;# 
   457     0895                     CLKRCON         equ	2197	;# 
   458     0896                     CLKRCLK         equ	2198	;# 
   459     0897                     MDCON0          equ	2199	;# 
   460     0898                     MDCON1          equ	2200	;# 
   461     0899                     MDSRC           equ	2201	;# 
   462     089A                     MDCARL          equ	2202	;# 
   463     089B                     MDCARH          equ	2203	;# 
   464     090C                     FVRCON          equ	2316	;# 
   465     090E                     DAC1CON0        equ	2318	;# 
   466     090F                     DAC1CON1        equ	2319	;# 
   467     091F                     ZCD1CON         equ	2335	;# 
   468     091F                     ZCDCON          equ	2335	;# 
   469     098F                     CMOUT           equ	2447	;# 
   470     098F                     CMSTAT          equ	2447	;# 
   471     0990                     CM1CON0         equ	2448	;# 
   472     0991                     CM1CON1         equ	2449	;# 
   473     0992                     CM1NSEL         equ	2450	;# 
   474     0993                     CM1PSEL         equ	2451	;# 
   475     0994                     CM2CON0         equ	2452	;# 
   476     0995                     CM2CON1         equ	2453	;# 
   477     0996                     CM2NSEL         equ	2454	;# 
   478     0997                     CM2PSEL         equ	2455	;# 
   479     0E0F                     CLCDATA         equ	3599	;# 
   480     0E10                     CLC1CON         equ	3600	;# 
   481     0E11                     CLC1POL         equ	3601	;# 
   482     0E12                     CLC1SEL0        equ	3602	;# 
   483     0E13                     CLC1SEL1        equ	3603	;# 
   484     0E14                     CLC1SEL2        equ	3604	;# 
   485     0E15                     CLC1SEL3        equ	3605	;# 
   486     0E16                     CLC1GLS0        equ	3606	;# 
   487     0E17                     CLC1GLS1        equ	3607	;# 
   488     0E18                     CLC1GLS2        equ	3608	;# 
   489     0E19                     CLC1GLS3        equ	3609	;# 
   490     0E1A                     CLC2CON         equ	3610	;# 
   491     0E1B                     CLC2POL         equ	3611	;# 
   492     0E1C                     CLC2SEL0        equ	3612	;# 
   493     0E1D                     CLC2SEL1        equ	3613	;# 
   494     0E1E                     CLC2SEL2        equ	3614	;# 
   495     0E1F                     CLC2SEL3        equ	3615	;# 
   496     0E20                     CLC2GLS0        equ	3616	;# 
   497     0E21                     CLC2GLS1        equ	3617	;# 
   498     0E22                     CLC2GLS2        equ	3618	;# 
   499     0E23                     CLC2GLS3        equ	3619	;# 
   500     0E24                     CLC3CON         equ	3620	;# 
   501     0E25                     CLC3POL         equ	3621	;# 
   502     0E26                     CLC3SEL0        equ	3622	;# 
   503     0E27                     CLC3SEL1        equ	3623	;# 
   504     0E28                     CLC3SEL2        equ	3624	;# 
   505     0E29                     CLC3SEL3        equ	3625	;# 
   506     0E2A                     CLC3GLS0        equ	3626	;# 
   507     0E2B                     CLC3GLS1        equ	3627	;# 
   508     0E2C                     CLC3GLS2        equ	3628	;# 
   509     0E2D                     CLC3GLS3        equ	3629	;# 
   510     0E2E                     CLC4CON         equ	3630	;# 
   511     0E2F                     CLC4POL         equ	3631	;# 
   512     0E30                     CLC4SEL0        equ	3632	;# 
   513     0E31                     CLC4SEL1        equ	3633	;# 
   514     0E32                     CLC4SEL2        equ	3634	;# 
   515     0E33                     CLC4SEL3        equ	3635	;# 
   516     0E34                     CLC4GLS0        equ	3636	;# 
   517     0E35                     CLC4GLS1        equ	3637	;# 
   518     0E36                     CLC4GLS2        equ	3638	;# 
   519     0E37                     CLC4GLS3        equ	3639	;# 
   520     0E8F                     PPSLOCK         equ	3727	;# 
   521     0E90                     INTPPS          equ	3728	;# 
   522     0E91                     T0CKIPPS        equ	3729	;# 
   523     0E92                     T1CKIPPS        equ	3730	;# 
   524     0E93                     T1GPPS          equ	3731	;# 
   525     0E94                     T3CKIPPS        equ	3732	;# 
   526     0E95                     T3GPPS          equ	3733	;# 
   527     0E96                     T5CKIPPS        equ	3734	;# 
   528     0E97                     T5GPPS          equ	3735	;# 
   529     0E9C                     T2AINPPS        equ	3740	;# 
   530     0E9D                     T4AINPPS        equ	3741	;# 
   531     0E9E                     T6AINPPS        equ	3742	;# 
   532     0EA1                     CCP1PPS         equ	3745	;# 
   533     0EA2                     CCP2PPS         equ	3746	;# 
   534     0EA3                     CCP3PPS         equ	3747	;# 
   535     0EA4                     CCP4PPS         equ	3748	;# 
   536     0EA5                     CCP5PPS         equ	3749	;# 
   537     0EA9                     SMT1WINPPS      equ	3753	;# 
   538     0EAA                     SMT1SIGPPS      equ	3754	;# 
   539     0EAB                     SMT2WINPPS      equ	3755	;# 
   540     0EAC                     SMT2SIGPPS      equ	3756	;# 
   541     0EB1                     CWG1PPS         equ	3761	;# 
   542     0EB2                     CWG2PPS         equ	3762	;# 
   543     0EB3                     CWG3PPS         equ	3763	;# 
   544     0EB8                     MDCARLPPS       equ	3768	;# 
   545     0EB9                     MDCARHPPS       equ	3769	;# 
   546     0EBA                     MDSRCPPS        equ	3770	;# 
   547     0EBB                     CLCIN0PPS       equ	3771	;# 
   548     0EBC                     CLCIN1PPS       equ	3772	;# 
   549     0EBD                     CLCIN2PPS       equ	3773	;# 
   550     0EBE                     CLCIN3PPS       equ	3774	;# 
   551     0EC3                     ADCACTPPS       equ	3779	;# 
   552     0EC5                     SSP1CLKPPS      equ	3781	;# 
   553     0EC6                     SSP1DATPPS      equ	3782	;# 
   554     0EC7                     SSP1SSPPS       equ	3783	;# 
   555     0EC8                     SSP2CLKPPS      equ	3784	;# 
   556     0EC9                     SSP2DATPPS      equ	3785	;# 
   557     0ECA                     SSP2SSPPS       equ	3786	;# 
   558     0ECB                     RXPPS           equ	3787	;# 
   559     0ECC                     TXPPS           equ	3788	;# 
   560     0F10                     RA0PPS          equ	3856	;# 
   561     0F11                     RA1PPS          equ	3857	;# 
   562     0F12                     RA2PPS          equ	3858	;# 
   563     0F13                     RA3PPS          equ	3859	;# 
   564     0F14                     RA4PPS          equ	3860	;# 
   565     0F15                     RA5PPS          equ	3861	;# 
   566     0F16                     RA6PPS          equ	3862	;# 
   567     0F17                     RA7PPS          equ	3863	;# 
   568     0F18                     RB0PPS          equ	3864	;# 
   569     0F19                     RB1PPS          equ	3865	;# 
   570     0F1A                     RB2PPS          equ	3866	;# 
   571     0F1B                     RB3PPS          equ	3867	;# 
   572     0F1C                     RB4PPS          equ	3868	;# 
   573     0F1D                     RB5PPS          equ	3869	;# 
   574     0F1E                     RB6PPS          equ	3870	;# 
   575     0F1F                     RB7PPS          equ	3871	;# 
   576     0F20                     RC0PPS          equ	3872	;# 
   577     0F21                     RC1PPS          equ	3873	;# 
   578     0F22                     RC2PPS          equ	3874	;# 
   579     0F23                     RC3PPS          equ	3875	;# 
   580     0F24                     RC4PPS          equ	3876	;# 
   581     0F25                     RC5PPS          equ	3877	;# 
   582     0F26                     RC6PPS          equ	3878	;# 
   583     0F27                     RC7PPS          equ	3879	;# 
   584     0F28                     RD0PPS          equ	3880	;# 
   585     0F29                     RD1PPS          equ	3881	;# 
   586     0F2A                     RD2PPS          equ	3882	;# 
   587     0F2B                     RD3PPS          equ	3883	;# 
   588     0F2C                     RD4PPS          equ	3884	;# 
   589     0F2D                     RD5PPS          equ	3885	;# 
   590     0F2E                     RD6PPS          equ	3886	;# 
   591     0F2F                     RD7PPS          equ	3887	;# 
   592     0F30                     RE0PPS          equ	3888	;# 
   593     0F31                     RE1PPS          equ	3889	;# 
   594     0F32                     RE2PPS          equ	3890	;# 
   595     0F38                     ANSELA          equ	3896	;# 
   596     0F39                     WPUA            equ	3897	;# 
   597     0F3A                     ODCONA          equ	3898	;# 
   598     0F3B                     SLRCONA         equ	3899	;# 
   599     0F3C                     INLVLA          equ	3900	;# 
   600     0F3D                     IOCAP           equ	3901	;# 
   601     0F3E                     IOCAN           equ	3902	;# 
   602     0F3F                     IOCAF           equ	3903	;# 
   603     0F40                     CCDNA           equ	3904	;# 
   604     0F41                     CCDPA           equ	3905	;# 
   605     0F43                     ANSELB          equ	3907	;# 
   606     0F44                     WPUB            equ	3908	;# 
   607     0F45                     ODCONB          equ	3909	;# 
   608     0F46                     SLRCONB         equ	3910	;# 
   609     0F47                     INLVLB          equ	3911	;# 
   610     0F48                     IOCBP           equ	3912	;# 
   611     0F49                     IOCBN           equ	3913	;# 
   612     0F4A                     IOCBF           equ	3914	;# 
   613     0F4B                     CCDNB           equ	3915	;# 
   614     0F4C                     CCDPB           equ	3916	;# 
   615     0F4E                     ANSELC          equ	3918	;# 
   616     0F4F                     WPUC            equ	3919	;# 
   617     0F50                     ODCONC          equ	3920	;# 
   618     0F51                     SLRCONC         equ	3921	;# 
   619     0F52                     INLVLC          equ	3922	;# 
   620     0F53                     IOCCP           equ	3923	;# 
   621     0F54                     IOCCN           equ	3924	;# 
   622     0F55                     IOCCF           equ	3925	;# 
   623     0F56                     CCDNC           equ	3926	;# 
   624     0F57                     CCDPC           equ	3927	;# 
   625     0F59                     ANSELD          equ	3929	;# 
   626     0F5A                     WPUD            equ	3930	;# 
   627     0F5B                     ODCOND          equ	3931	;# 
   628     0F5C                     SLRCOND         equ	3932	;# 
   629     0F5D                     INLVLD          equ	3933	;# 
   630     0F61                     CCDND           equ	3937	;# 
   631     0F62                     CCDPD           equ	3938	;# 
   632     0F64                     ANSELE          equ	3940	;# 
   633     0F65                     WPUE            equ	3941	;# 
   634     0F66                     ODCONE          equ	3942	;# 
   635     0F67                     SLRCONE         equ	3943	;# 
   636     0F68                     INLVLE          equ	3944	;# 
   637     0F69                     IOCEP           equ	3945	;# 
   638     0F6A                     IOCEN           equ	3946	;# 
   639     0F6B                     IOCEF           equ	3947	;# 
   640     0F6C                     CCDNE           equ	3948	;# 
   641     0F6D                     CCDPE           equ	3949	;# 
   642     0FE4                     STATUS_SHAD     equ	4068	;# 
   643     0FE5                     WREG_SHAD       equ	4069	;# 
   644     0FE6                     BSR_SHAD        equ	4070	;# 
   645     0FE7                     PCLATH_SHAD     equ	4071	;# 
   646     0FE8                     FSR0L_SHAD      equ	4072	;# 
   647     0FE9                     FSR0H_SHAD      equ	4073	;# 
   648     0FEA                     FSR1L_SHAD      equ	4074	;# 
   649     0FEB                     FSR1H_SHAD      equ	4075	;# 
   650     0FED                     STKPTR          equ	4077	;# 
   651     0FEE                     TOSL            equ	4078	;# 
   652     0FEF                     TOSH            equ	4079	;# 
   653     0000                     INDF0           equ	0	;# 
   654     0001                     INDF1           equ	1	;# 
   655     0002                     PCL             equ	2	;# 
   656     0003                     STATUS          equ	3	;# 
   657     0004                     FSR0L           equ	4	;# 
   658     0005                     FSR0H           equ	5	;# 
   659     0006                     FSR1L           equ	6	;# 
   660     0007                     FSR1H           equ	7	;# 
   661     0008                     BSR             equ	8	;# 
   662     0009                     WREG            equ	9	;# 
   663     000A                     PCLATH          equ	10	;# 
   664     000B                     INTCON          equ	11	;# 
   665     000C                     PORTA           equ	12	;# 
   666     000D                     PORTB           equ	13	;# 
   667     000E                     PORTC           equ	14	;# 
   668     000F                     PORTD           equ	15	;# 
   669     0010                     PORTE           equ	16	;# 
   670     0011                     TRISA           equ	17	;# 
   671     0012                     TRISB           equ	18	;# 
   672     0013                     TRISC           equ	19	;# 
   673     0014                     TRISD           equ	20	;# 
   674     0015                     TRISE           equ	21	;# 
   675     0016                     LATA            equ	22	;# 
   676     0017                     LATB            equ	23	;# 
   677     0018                     LATC            equ	24	;# 
   678     0019                     LATD            equ	25	;# 
   679     001A                     LATE            equ	26	;# 
   680     001C                     TMR0L           equ	28	;# 
   681     001C                     TMR0            equ	28	;# 
   682     001D                     TMR0H           equ	29	;# 
   683     001D                     PR0             equ	29	;# 
   684     001E                     T0CON0          equ	30	;# 
   685     001F                     T0CON1          equ	31	;# 
   686     008C                     ADRES           equ	140	;# 
   687     008C                     ADRESL          equ	140	;# 
   688     008D                     ADRESH          equ	141	;# 
   689     008E                     ADPREV          equ	142	;# 
   690     008E                     ADPREVL         equ	142	;# 
   691     008F                     ADPREVH         equ	143	;# 
   692     0090                     ADACC           equ	144	;# 
   693     0090                     ADACCL          equ	144	;# 
   694     0091                     ADACCH          equ	145	;# 
   695     0093                     ADCON0          equ	147	;# 
   696     0094                     ADCON1          equ	148	;# 
   697     0095                     ADCON2          equ	149	;# 
   698     0096                     ADCON3          equ	150	;# 
   699     0097                     ADSTAT          equ	151	;# 
   700     0098                     ADCLK           equ	152	;# 
   701     0099                     ADACT           equ	153	;# 
   702     009A                     ADREF           equ	154	;# 
   703     009B                     ADCAP           equ	155	;# 
   704     009C                     ADPRE           equ	156	;# 
   705     009D                     ADACQ           equ	157	;# 
   706     009E                     ADPCH           equ	158	;# 
   707     010C                     ADCNT           equ	268	;# 
   708     010D                     ADRPT           equ	269	;# 
   709     010E                     ADLTH           equ	270	;# 
   710     010E                     ADLTHL          equ	270	;# 
   711     010F                     ADLTHH          equ	271	;# 
   712     0110                     ADUTH           equ	272	;# 
   713     0110                     ADUTHL          equ	272	;# 
   714     0111                     ADUTHH          equ	273	;# 
   715     0112                     ADSTPT          equ	274	;# 
   716     0112                     ADSTPTL         equ	274	;# 
   717     0113                     ADSTPTH         equ	275	;# 
   718     0114                     ADFLTR          equ	276	;# 
   719     0114                     ADFLTRL         equ	276	;# 
   720     0115                     ADFLTRH         equ	277	;# 
   721     0116                     ADERR           equ	278	;# 
   722     0116                     ADERRL          equ	278	;# 
   723     0117                     ADERRH          equ	279	;# 
   724     0119                     RC1REG          equ	281	;# 
   725     0119                     RCREG           equ	281	;# 
   726     0119                     RCREG1          equ	281	;# 
   727     011A                     TX1REG          equ	282	;# 
   728     011A                     TXREG1          equ	282	;# 
   729     011A                     TXREG           equ	282	;# 
   730     011B                     SP1BRG          equ	283	;# 
   731     011B                     SP1BRGL         equ	283	;# 
   732     011B                     SPBRG           equ	283	;# 
   733     011B                     SPBRG1          equ	283	;# 
   734     011B                     SPBRGL          equ	283	;# 
   735     011C                     SP1BRGH         equ	284	;# 
   736     011C                     SPBRGH          equ	284	;# 
   737     011C                     SPBRGH1         equ	284	;# 
   738     011D                     RC1STA          equ	285	;# 
   739     011D                     RCSTA1          equ	285	;# 
   740     011D                     RCSTA           equ	285	;# 
   741     011E                     TX1STA          equ	286	;# 
   742     011E                     TXSTA1          equ	286	;# 
   743     011E                     TXSTA           equ	286	;# 
   744     011F                     BAUD1CON        equ	287	;# 
   745     011F                     BAUDCON1        equ	287	;# 
   746     011F                     BAUDCTL1        equ	287	;# 
   747     011F                     BAUDCON         equ	287	;# 
   748     011F                     BAUDCTL         equ	287	;# 
   749     018C                     SSP1BUF         equ	396	;# 
   750     018D                     SSP1ADD         equ	397	;# 
   751     018E                     SSP1MSK         equ	398	;# 
   752     018F                     SSP1STAT        equ	399	;# 
   753     0190                     SSP1CON1        equ	400	;# 
   754     0191                     SSP1CON2        equ	401	;# 
   755     0192                     SSP1CON3        equ	402	;# 
   756     0196                     SSP2BUF         equ	406	;# 
   757     0197                     SSP2ADD         equ	407	;# 
   758     0198                     SSP2MSK         equ	408	;# 
   759     0199                     SSP2STAT        equ	409	;# 
   760     019A                     SSP2CON1        equ	410	;# 
   761     019B                     SSP2CON2        equ	411	;# 
   762     019C                     SSP2CON3        equ	412	;# 
   763     020C                     TMR1            equ	524	;# 
   764     020C                     TMR1L           equ	524	;# 
   765     020D                     TMR1H           equ	525	;# 
   766     020E                     T1CON           equ	526	;# 
   767     020F                     T1GCON          equ	527	;# 
   768     020F                     PR1             equ	527	;# 
   769     0210                     T1GATE          equ	528	;# 
   770     0210                     TMR1GATE        equ	528	;# 
   771     0211                     T1CLK           equ	529	;# 
   772     0211                     TMR1CLK         equ	529	;# 
   773     0212                     TMR3            equ	530	;# 
   774     0212                     TMR3L           equ	530	;# 
   775     0213                     TMR3H           equ	531	;# 
   776     0214                     T3CON           equ	532	;# 
   777     0215                     T3GCON          equ	533	;# 
   778     0215                     PR3             equ	533	;# 
   779     0216                     T3GATE          equ	534	;# 
   780     0216                     TMR3GATE        equ	534	;# 
   781     0217                     T3CLK           equ	535	;# 
   782     0217                     TMR3CLK         equ	535	;# 
   783     0218                     TMR5            equ	536	;# 
   784     0218                     TMR5L           equ	536	;# 
   785     0219                     TMR5H           equ	537	;# 
   786     021A                     T5CON           equ	538	;# 
   787     021B                     T5GCON          equ	539	;# 
   788     021B                     PR5             equ	539	;# 
   789     021C                     T5GATE          equ	540	;# 
   790     021C                     TMR5GATE        equ	540	;# 
   791     021D                     T5CLK           equ	541	;# 
   792     021D                     TMR5CLK         equ	541	;# 
   793     021E                     CCPTMRS0        equ	542	;# 
   794     021F                     CCPTMRS1        equ	543	;# 
   795     028C                     T2TMR           equ	652	;# 
   796     028C                     TMR2            equ	652	;# 
   797     028D                     T2PR            equ	653	;# 
   798     028D                     PR2             equ	653	;# 
   799     028E                     T2CON           equ	654	;# 
   800     028F                     T2HLT           equ	655	;# 
   801     0290                     T2CLKCON        equ	656	;# 
   802     0290                     T2CLK           equ	656	;# 
   803     0291                     T2RST           equ	657	;# 
   804     0292                     T4TMR           equ	658	;# 
   805     0292                     TMR4            equ	658	;# 
   806     0293                     T4PR            equ	659	;# 
   807     0293                     PR4             equ	659	;# 
   808     0294                     T4CON           equ	660	;# 
   809     0295                     T4HLT           equ	661	;# 
   810     0296                     T4CLKCON        equ	662	;# 
   811     0296                     T4CLK           equ	662	;# 
   812     0297                     T4RST           equ	663	;# 
   813     0298                     T6TMR           equ	664	;# 
   814     0298                     TMR6            equ	664	;# 
   815     0299                     T6PR            equ	665	;# 
   816     0299                     PR6             equ	665	;# 
   817     029A                     T6CON           equ	666	;# 
   818     029B                     T6HLT           equ	667	;# 
   819     029C                     T6CLKCON        equ	668	;# 
   820     029C                     T6CLK           equ	668	;# 
   821     029D                     T6RST           equ	669	;# 
   822     030C                     CCPR1           equ	780	;# 
   823     030C                     CCPR1L          equ	780	;# 
   824     030D                     CCPR1H          equ	781	;# 
   825     030E                     CCP1CON         equ	782	;# 
   826     030F                     CCP1CAP         equ	783	;# 
   827     0310                     CCPR2           equ	784	;# 
   828     0310                     CCPR2L          equ	784	;# 
   829     0311                     CCPR2H          equ	785	;# 
   830     0312                     CCP2CON         equ	786	;# 
   831     0313                     CCP2CAP         equ	787	;# 
   832     0314                     CCPR3           equ	788	;# 
   833     0314                     CCPR3L          equ	788	;# 
   834     0315                     CCPR3H          equ	789	;# 
   835     0316                     CCP3CON         equ	790	;# 
   836     0317                     CCP3CAP         equ	791	;# 
   837     0318                     CCPR4           equ	792	;# 
   838     0318                     CCPR4L          equ	792	;# 
   839     0319                     CCPR4H          equ	793	;# 
   840     031A                     CCP4CON         equ	794	;# 
   841     031B                     CCP4CAP         equ	795	;# 
   842     031C                     CCPR5           equ	796	;# 
   843     031C                     CCPR5L          equ	796	;# 
   844     031D                     CCPR5H          equ	797	;# 
   845     031E                     CCP5CON         equ	798	;# 
   846     031F                     CCP5CAP         equ	799	;# 
   847     038C                     PWM6DC          equ	908	;# 
   848     038C                     PWM6DCL         equ	908	;# 
   849     038D                     PWM6DCH         equ	909	;# 
   850     038E                     PWM6CON         equ	910	;# 
   851     0390                     PWM7DC          equ	912	;# 
   852     0390                     PWM7DCL         equ	912	;# 
   853     0391                     PWM7DCH         equ	913	;# 
   854     0392                     PWM7CON         equ	914	;# 
   855     040C                     SCANLADRL       equ	1036	;# 
   856     040D                     SCANLADRH       equ	1037	;# 
   857     040E                     SCANHADRL       equ	1038	;# 
   858     040F                     SCANHADRH       equ	1039	;# 
   859     0410                     SCANCON0        equ	1040	;# 
   860     0411                     SCANTRIG        equ	1041	;# 
   861     0416                     CRCDATA         equ	1046	;# 
   862     0416                     CRCDATL         equ	1046	;# 
   863     0417                     CRCDATH         equ	1047	;# 
   864     0418                     CRCACC          equ	1048	;# 
   865     0418                     CRCACCL         equ	1048	;# 
   866     0419                     CRCACCH         equ	1049	;# 
   867     041A                     CRCSHFT         equ	1050	;# 
   868     041A                     CRCSHIFTL       equ	1050	;# 
   869     041B                     CRCSHIFTH       equ	1051	;# 
   870     041C                     CRCXOR          equ	1052	;# 
   871     041C                     CRCXORL         equ	1052	;# 
   872     041D                     CRCXORH         equ	1053	;# 
   873     041E                     CRCCON0         equ	1054	;# 
   874     041F                     CRCCON1         equ	1055	;# 
   875     048C                     SMT1TMR         equ	1164	;# 
   876     048C                     SMT1TMRL        equ	1164	;# 
   877     048D                     SMT1TMRH        equ	1165	;# 
   878     048E                     SMT1TMRU        equ	1166	;# 
   879     048F                     SMT1CPR         equ	1167	;# 
   880     048F                     SMT1CPRL        equ	1167	;# 
   881     0490                     SMT1CPRH        equ	1168	;# 
   882     0491                     SMT1CPRU        equ	1169	;# 
   883     0492                     SMT1CPW         equ	1170	;# 
   884     0492                     SMT1CPWL        equ	1170	;# 
   885     0493                     SMT1CPWH        equ	1171	;# 
   886     0494                     SMT1CPWU        equ	1172	;# 
   887     0495                     SMT1PR          equ	1173	;# 
   888     0495                     SMT1PRL         equ	1173	;# 
   889     0496                     SMT1PRH         equ	1174	;# 
   890     0497                     SMT1PRU         equ	1175	;# 
   891     0498                     SMT1CON0        equ	1176	;# 
   892     0499                     SMT1CON1        equ	1177	;# 
   893     049A                     SMT1STAT        equ	1178	;# 
   894     049B                     SMT1CLK         equ	1179	;# 
   895     049C                     SMT1SIG         equ	1180	;# 
   896     049D                     SMT1WIN         equ	1181	;# 
   897     050C                     SMT2TMR         equ	1292	;# 
   898     050C                     SMT2TMRL        equ	1292	;# 
   899     050D                     SMT2TMRH        equ	1293	;# 
   900     050E                     SMT2TMRU        equ	1294	;# 
   901     050F                     SMT2CPR         equ	1295	;# 
   902     050F                     SMT2CPRL        equ	1295	;# 
   903     0510                     SMT2CPRH        equ	1296	;# 
   904     0511                     SMT2CPRU        equ	1297	;# 
   905     0512                     SMT2CPW         equ	1298	;# 
   906     0512                     SMT2CPWL        equ	1298	;# 
   907     0513                     SMT2CPWH        equ	1299	;# 
   908     0514                     SMT2CPWU        equ	1300	;# 
   909     0515                     SMT2PR          equ	1301	;# 
   910     0515                     SMT2PRL         equ	1301	;# 
   911     0516                     SMT2PRH         equ	1302	;# 
   912     0517                     SMT2PRU         equ	1303	;# 
   913     0518                     SMT2CON0        equ	1304	;# 
   914     0519                     SMT2CON1        equ	1305	;# 
   915     051A                     SMT2STAT        equ	1306	;# 
   916     051B                     SMT2CLK         equ	1307	;# 
   917     051C                     SMT2SIG         equ	1308	;# 
   918     051D                     SMT2WIN         equ	1309	;# 
   919     058C                     NCO1ACC         equ	1420	;# 
   920     058C                     NCO1ACCL        equ	1420	;# 
   921     058D                     NCO1ACCH        equ	1421	;# 
   922     058E                     NCO1ACCU        equ	1422	;# 
   923     058F                     NCO1INC         equ	1423	;# 
   924     058F                     NCO1INCL        equ	1423	;# 
   925     0590                     NCO1INCH        equ	1424	;# 
   926     0591                     NCO1INCU        equ	1425	;# 
   927     0592                     NCO1CON         equ	1426	;# 
   928     0593                     NCO1CLK         equ	1427	;# 
   929     060C                     CWG1CLKCON      equ	1548	;# 
   930     060D                     CWG1ISM         equ	1549	;# 
   931     060E                     CWG1DBR         equ	1550	;# 
   932     060F                     CWG1DBF         equ	1551	;# 
   933     0610                     CWG1CON0        equ	1552	;# 
   934     0611                     CWG1CON1        equ	1553	;# 
   935     0612                     CWG1AS0         equ	1554	;# 
   936     0613                     CWG1AS1         equ	1555	;# 
   937     0614                     CWG1STR         equ	1556	;# 
   938     0616                     CWG2CLKCON      equ	1558	;# 
   939     0617                     CWG2ISM         equ	1559	;# 
   940     0618                     CWG2DBR         equ	1560	;# 
   941     0619                     CWG2DBF         equ	1561	;# 
   942     061A                     CWG2CON0        equ	1562	;# 
   943     061B                     CWG2CON1        equ	1563	;# 
   944     061C                     CWG2AS0         equ	1564	;# 
   945     061D                     CWG2AS1         equ	1565	;# 
   946     061E                     CWG2STR         equ	1566	;# 
   947     068C                     CWG3CLKCON      equ	1676	;# 
   948     068D                     CWG3ISM         equ	1677	;# 
   949     068E                     CWG3DBR         equ	1678	;# 
   950     068F                     CWG3DBF         equ	1679	;# 
   951     0690                     CWG3CON0        equ	1680	;# 
   952     0691                     CWG3CON1        equ	1681	;# 
   953     0692                     CWG3AS0         equ	1682	;# 
   954     0693                     CWG3AS1         equ	1683	;# 
   955     0694                     CWG3STR         equ	1684	;# 
   956     070C                     PIR0            equ	1804	;# 
   957     070D                     PIR1            equ	1805	;# 
   958     070E                     PIR2            equ	1806	;# 
   959     070F                     PIR3            equ	1807	;# 
   960     0710                     PIR4            equ	1808	;# 
   961     0711                     PIR5            equ	1809	;# 
   962     0712                     PIR6            equ	1810	;# 
   963     0713                     PIR7            equ	1811	;# 
   964     0714                     PIR8            equ	1812	;# 
   965     0716                     PIE0            equ	1814	;# 
   966     0717                     PIE1            equ	1815	;# 
   967     0718                     PIE2            equ	1816	;# 
   968     0719                     PIE3            equ	1817	;# 
   969     071A                     PIE4            equ	1818	;# 
   970     071B                     PIE5            equ	1819	;# 
   971     071C                     PIE6            equ	1820	;# 
   972     071D                     PIE7            equ	1821	;# 
   973     071E                     PIE8            equ	1822	;# 
   974     0796                     PMD0            equ	1942	;# 
   975     0797                     PMD1            equ	1943	;# 
   976     0798                     PMD2            equ	1944	;# 
   977     0799                     PMD3            equ	1945	;# 
   978     079A                     PMD4            equ	1946	;# 
   979     079B                     PMD5            equ	1947	;# 
   980     080C                     WDTCON0         equ	2060	;# 
   981     080D                     WDTCON1         equ	2061	;# 
   982     080E                     WDTPSL          equ	2062	;# 
   983     080F                     WDTPSH          equ	2063	;# 
   984     0810                     WDTTMR          equ	2064	;# 
   985     0811                     BORCON          equ	2065	;# 
   986     0812                     VREGCON         equ	2066	;# 
   987     0813                     PCON0           equ	2067	;# 
   988     0814                     CCDCON          equ	2068	;# 
   989     081A                     NVMADRL         equ	2074	;# 
   990     081B                     NVMADRH         equ	2075	;# 
   991     081C                     NVMDATL         equ	2076	;# 
   992     081D                     NVMDATH         equ	2077	;# 
   993     081E                     NVMCON1         equ	2078	;# 
   994     081F                     NVMCON2         equ	2079	;# 
   995     088C                     CPUDOZE         equ	2188	;# 
   996     088D                     OSCCON1         equ	2189	;# 
   997     088E                     OSCCON2         equ	2190	;# 
   998     088F                     OSCCON3         equ	2191	;# 
   999     0890                     OSCSTAT         equ	2192	;# 
  1000     0891                     OSCEN           equ	2193	;# 
  1001     0892                     OSCTUNE         equ	2194	;# 
  1002     0893                     OSCFRQ          equ	2195	;# 
  1003     0895                     CLKRCON         equ	2197	;# 
  1004     0896                     CLKRCLK         equ	2198	;# 
  1005     0897                     MDCON0          equ	2199	;# 
  1006     0898                     MDCON1          equ	2200	;# 
  1007     0899                     MDSRC           equ	2201	;# 
  1008     089A                     MDCARL          equ	2202	;# 
  1009     089B                     MDCARH          equ	2203	;# 
  1010     090C                     FVRCON          equ	2316	;# 
  1011     090E                     DAC1CON0        equ	2318	;# 
  1012     090F                     DAC1CON1        equ	2319	;# 
  1013     091F                     ZCD1CON         equ	2335	;# 
  1014     091F                     ZCDCON          equ	2335	;# 
  1015     098F                     CMOUT           equ	2447	;# 
  1016     098F                     CMSTAT          equ	2447	;# 
  1017     0990                     CM1CON0         equ	2448	;# 
  1018     0991                     CM1CON1         equ	2449	;# 
  1019     0992                     CM1NSEL         equ	2450	;# 
  1020     0993                     CM1PSEL         equ	2451	;# 
  1021     0994                     CM2CON0         equ	2452	;# 
  1022     0995                     CM2CON1         equ	2453	;# 
  1023     0996                     CM2NSEL         equ	2454	;# 
  1024     0997                     CM2PSEL         equ	2455	;# 
  1025     0E0F                     CLCDATA         equ	3599	;# 
  1026     0E10                     CLC1CON         equ	3600	;# 
  1027     0E11                     CLC1POL         equ	3601	;# 
  1028     0E12                     CLC1SEL0        equ	3602	;# 
  1029     0E13                     CLC1SEL1        equ	3603	;# 
  1030     0E14                     CLC1SEL2        equ	3604	;# 
  1031     0E15                     CLC1SEL3        equ	3605	;# 
  1032     0E16                     CLC1GLS0        equ	3606	;# 
  1033     0E17                     CLC1GLS1        equ	3607	;# 
  1034     0E18                     CLC1GLS2        equ	3608	;# 
  1035     0E19                     CLC1GLS3        equ	3609	;# 
  1036     0E1A                     CLC2CON         equ	3610	;# 
  1037     0E1B                     CLC2POL         equ	3611	;# 
  1038     0E1C                     CLC2SEL0        equ	3612	;# 
  1039     0E1D                     CLC2SEL1        equ	3613	;# 
  1040     0E1E                     CLC2SEL2        equ	3614	;# 
  1041     0E1F                     CLC2SEL3        equ	3615	;# 
  1042     0E20                     CLC2GLS0        equ	3616	;# 
  1043     0E21                     CLC2GLS1        equ	3617	;# 
  1044     0E22                     CLC2GLS2        equ	3618	;# 
  1045     0E23                     CLC2GLS3        equ	3619	;# 
  1046     0E24                     CLC3CON         equ	3620	;# 
  1047     0E25                     CLC3POL         equ	3621	;# 
  1048     0E26                     CLC3SEL0        equ	3622	;# 
  1049     0E27                     CLC3SEL1        equ	3623	;# 
  1050     0E28                     CLC3SEL2        equ	3624	;# 
  1051     0E29                     CLC3SEL3        equ	3625	;# 
  1052     0E2A                     CLC3GLS0        equ	3626	;# 
  1053     0E2B                     CLC3GLS1        equ	3627	;# 
  1054     0E2C                     CLC3GLS2        equ	3628	;# 
  1055     0E2D                     CLC3GLS3        equ	3629	;# 
  1056     0E2E                     CLC4CON         equ	3630	;# 
  1057     0E2F                     CLC4POL         equ	3631	;# 
  1058     0E30                     CLC4SEL0        equ	3632	;# 
  1059     0E31                     CLC4SEL1        equ	3633	;# 
  1060     0E32                     CLC4SEL2        equ	3634	;# 
  1061     0E33                     CLC4SEL3        equ	3635	;# 
  1062     0E34                     CLC4GLS0        equ	3636	;# 
  1063     0E35                     CLC4GLS1        equ	3637	;# 
  1064     0E36                     CLC4GLS2        equ	3638	;# 
  1065     0E37                     CLC4GLS3        equ	3639	;# 
  1066     0E8F                     PPSLOCK         equ	3727	;# 
  1067     0E90                     INTPPS          equ	3728	;# 
  1068     0E91                     T0CKIPPS        equ	3729	;# 
  1069     0E92                     T1CKIPPS        equ	3730	;# 
  1070     0E93                     T1GPPS          equ	3731	;# 
  1071     0E94                     T3CKIPPS        equ	3732	;# 
  1072     0E95                     T3GPPS          equ	3733	;# 
  1073     0E96                     T5CKIPPS        equ	3734	;# 
  1074     0E97                     T5GPPS          equ	3735	;# 
  1075     0E9C                     T2AINPPS        equ	3740	;# 
  1076     0E9D                     T4AINPPS        equ	3741	;# 
  1077     0E9E                     T6AINPPS        equ	3742	;# 
  1078     0EA1                     CCP1PPS         equ	3745	;# 
  1079     0EA2                     CCP2PPS         equ	3746	;# 
  1080     0EA3                     CCP3PPS         equ	3747	;# 
  1081     0EA4                     CCP4PPS         equ	3748	;# 
  1082     0EA5                     CCP5PPS         equ	3749	;# 
  1083     0EA9                     SMT1WINPPS      equ	3753	;# 
  1084     0EAA                     SMT1SIGPPS      equ	3754	;# 
  1085     0EAB                     SMT2WINPPS      equ	3755	;# 
  1086     0EAC                     SMT2SIGPPS      equ	3756	;# 
  1087     0EB1                     CWG1PPS         equ	3761	;# 
  1088     0EB2                     CWG2PPS         equ	3762	;# 
  1089     0EB3                     CWG3PPS         equ	3763	;# 
  1090     0EB8                     MDCARLPPS       equ	3768	;# 
  1091     0EB9                     MDCARHPPS       equ	3769	;# 
  1092     0EBA                     MDSRCPPS        equ	3770	;# 
  1093     0EBB                     CLCIN0PPS       equ	3771	;# 
  1094     0EBC                     CLCIN1PPS       equ	3772	;# 
  1095     0EBD                     CLCIN2PPS       equ	3773	;# 
  1096     0EBE                     CLCIN3PPS       equ	3774	;# 
  1097     0EC3                     ADCACTPPS       equ	3779	;# 
  1098     0EC5                     SSP1CLKPPS      equ	3781	;# 
  1099     0EC6                     SSP1DATPPS      equ	3782	;# 
  1100     0EC7                     SSP1SSPPS       equ	3783	;# 
  1101     0EC8                     SSP2CLKPPS      equ	3784	;# 
  1102     0EC9                     SSP2DATPPS      equ	3785	;# 
  1103     0ECA                     SSP2SSPPS       equ	3786	;# 
  1104     0ECB                     RXPPS           equ	3787	;# 
  1105     0ECC                     TXPPS           equ	3788	;# 
  1106     0F10                     RA0PPS          equ	3856	;# 
  1107     0F11                     RA1PPS          equ	3857	;# 
  1108     0F12                     RA2PPS          equ	3858	;# 
  1109     0F13                     RA3PPS          equ	3859	;# 
  1110     0F14                     RA4PPS          equ	3860	;# 
  1111     0F15                     RA5PPS          equ	3861	;# 
  1112     0F16                     RA6PPS          equ	3862	;# 
  1113     0F17                     RA7PPS          equ	3863	;# 
  1114     0F18                     RB0PPS          equ	3864	;# 
  1115     0F19                     RB1PPS          equ	3865	;# 
  1116     0F1A                     RB2PPS          equ	3866	;# 
  1117     0F1B                     RB3PPS          equ	3867	;# 
  1118     0F1C                     RB4PPS          equ	3868	;# 
  1119     0F1D                     RB5PPS          equ	3869	;# 
  1120     0F1E                     RB6PPS          equ	3870	;# 
  1121     0F1F                     RB7PPS          equ	3871	;# 
  1122     0F20                     RC0PPS          equ	3872	;# 
  1123     0F21                     RC1PPS          equ	3873	;# 
  1124     0F22                     RC2PPS          equ	3874	;# 
  1125     0F23                     RC3PPS          equ	3875	;# 
  1126     0F24                     RC4PPS          equ	3876	;# 
  1127     0F25                     RC5PPS          equ	3877	;# 
  1128     0F26                     RC6PPS          equ	3878	;# 
  1129     0F27                     RC7PPS          equ	3879	;# 
  1130     0F28                     RD0PPS          equ	3880	;# 
  1131     0F29                     RD1PPS          equ	3881	;# 
  1132     0F2A                     RD2PPS          equ	3882	;# 
  1133     0F2B                     RD3PPS          equ	3883	;# 
  1134     0F2C                     RD4PPS          equ	3884	;# 
  1135     0F2D                     RD5PPS          equ	3885	;# 
  1136     0F2E                     RD6PPS          equ	3886	;# 
  1137     0F2F                     RD7PPS          equ	3887	;# 
  1138     0F30                     RE0PPS          equ	3888	;# 
  1139     0F31                     RE1PPS          equ	3889	;# 
  1140     0F32                     RE2PPS          equ	3890	;# 
  1141     0F38                     ANSELA          equ	3896	;# 
  1142     0F39                     WPUA            equ	3897	;# 
  1143     0F3A                     ODCONA          equ	3898	;# 
  1144     0F3B                     SLRCONA         equ	3899	;# 
  1145     0F3C                     INLVLA          equ	3900	;# 
  1146     0F3D                     IOCAP           equ	3901	;# 
  1147     0F3E                     IOCAN           equ	3902	;# 
  1148     0F3F                     IOCAF           equ	3903	;# 
  1149     0F40                     CCDNA           equ	3904	;# 
  1150     0F41                     CCDPA           equ	3905	;# 
  1151     0F43                     ANSELB          equ	3907	;# 
  1152     0F44                     WPUB            equ	3908	;# 
  1153     0F45                     ODCONB          equ	3909	;# 
  1154     0F46                     SLRCONB         equ	3910	;# 
  1155     0F47                     INLVLB          equ	3911	;# 
  1156     0F48                     IOCBP           equ	3912	;# 
  1157     0F49                     IOCBN           equ	3913	;# 
  1158     0F4A                     IOCBF           equ	3914	;# 
  1159     0F4B                     CCDNB           equ	3915	;# 
  1160     0F4C                     CCDPB           equ	3916	;# 
  1161     0F4E                     ANSELC          equ	3918	;# 
  1162     0F4F                     WPUC            equ	3919	;# 
  1163     0F50                     ODCONC          equ	3920	;# 
  1164     0F51                     SLRCONC         equ	3921	;# 
  1165     0F52                     INLVLC          equ	3922	;# 
  1166     0F53                     IOCCP           equ	3923	;# 
  1167     0F54                     IOCCN           equ	3924	;# 
  1168     0F55                     IOCCF           equ	3925	;# 
  1169     0F56                     CCDNC           equ	3926	;# 
  1170     0F57                     CCDPC           equ	3927	;# 
  1171     0F59                     ANSELD          equ	3929	;# 
  1172     0F5A                     WPUD            equ	3930	;# 
  1173     0F5B                     ODCOND          equ	3931	;# 
  1174     0F5C                     SLRCOND         equ	3932	;# 
  1175     0F5D                     INLVLD          equ	3933	;# 
  1176     0F61                     CCDND           equ	3937	;# 
  1177     0F62                     CCDPD           equ	3938	;# 
  1178     0F64                     ANSELE          equ	3940	;# 
  1179     0F65                     WPUE            equ	3941	;# 
  1180     0F66                     ODCONE          equ	3942	;# 
  1181     0F67                     SLRCONE         equ	3943	;# 
  1182     0F68                     INLVLE          equ	3944	;# 
  1183     0F69                     IOCEP           equ	3945	;# 
  1184     0F6A                     IOCEN           equ	3946	;# 
  1185     0F6B                     IOCEF           equ	3947	;# 
  1186     0F6C                     CCDNE           equ	3948	;# 
  1187     0F6D                     CCDPE           equ	3949	;# 
  1188     0FE4                     STATUS_SHAD     equ	4068	;# 
  1189     0FE5                     WREG_SHAD       equ	4069	;# 
  1190     0FE6                     BSR_SHAD        equ	4070	;# 
  1191     0FE7                     PCLATH_SHAD     equ	4071	;# 
  1192     0FE8                     FSR0L_SHAD      equ	4072	;# 
  1193     0FE9                     FSR0H_SHAD      equ	4073	;# 
  1194     0FEA                     FSR1L_SHAD      equ	4074	;# 
  1195     0FEB                     FSR1H_SHAD      equ	4075	;# 
  1196     0FED                     STKPTR          equ	4077	;# 
  1197     0FEE                     TOSL            equ	4078	;# 
  1198     0FEF                     TOSH            equ	4079	;# 
  1199     0000                     INDF0           equ	0	;# 
  1200     0001                     INDF1           equ	1	;# 
  1201     0002                     PCL             equ	2	;# 
  1202     0003                     STATUS          equ	3	;# 
  1203     0004                     FSR0L           equ	4	;# 
  1204     0005                     FSR0H           equ	5	;# 
  1205     0006                     FSR1L           equ	6	;# 
  1206     0007                     FSR1H           equ	7	;# 
  1207     0008                     BSR             equ	8	;# 
  1208     0009                     WREG            equ	9	;# 
  1209     000A                     PCLATH          equ	10	;# 
  1210     000B                     INTCON          equ	11	;# 
  1211     000C                     PORTA           equ	12	;# 
  1212     000D                     PORTB           equ	13	;# 
  1213     000E                     PORTC           equ	14	;# 
  1214     000F                     PORTD           equ	15	;# 
  1215     0010                     PORTE           equ	16	;# 
  1216     0011                     TRISA           equ	17	;# 
  1217     0012                     TRISB           equ	18	;# 
  1218     0013                     TRISC           equ	19	;# 
  1219     0014                     TRISD           equ	20	;# 
  1220     0015                     TRISE           equ	21	;# 
  1221     0016                     LATA            equ	22	;# 
  1222     0017                     LATB            equ	23	;# 
  1223     0018                     LATC            equ	24	;# 
  1224     0019                     LATD            equ	25	;# 
  1225     001A                     LATE            equ	26	;# 
  1226     001C                     TMR0L           equ	28	;# 
  1227     001C                     TMR0            equ	28	;# 
  1228     001D                     TMR0H           equ	29	;# 
  1229     001D                     PR0             equ	29	;# 
  1230     001E                     T0CON0          equ	30	;# 
  1231     001F                     T0CON1          equ	31	;# 
  1232     008C                     ADRES           equ	140	;# 
  1233     008C                     ADRESL          equ	140	;# 
  1234     008D                     ADRESH          equ	141	;# 
  1235     008E                     ADPREV          equ	142	;# 
  1236     008E                     ADPREVL         equ	142	;# 
  1237     008F                     ADPREVH         equ	143	;# 
  1238     0090                     ADACC           equ	144	;# 
  1239     0090                     ADACCL          equ	144	;# 
  1240     0091                     ADACCH          equ	145	;# 
  1241     0093                     ADCON0          equ	147	;# 
  1242     0094                     ADCON1          equ	148	;# 
  1243     0095                     ADCON2          equ	149	;# 
  1244     0096                     ADCON3          equ	150	;# 
  1245     0097                     ADSTAT          equ	151	;# 
  1246     0098                     ADCLK           equ	152	;# 
  1247     0099                     ADACT           equ	153	;# 
  1248     009A                     ADREF           equ	154	;# 
  1249     009B                     ADCAP           equ	155	;# 
  1250     009C                     ADPRE           equ	156	;# 
  1251     009D                     ADACQ           equ	157	;# 
  1252     009E                     ADPCH           equ	158	;# 
  1253     010C                     ADCNT           equ	268	;# 
  1254     010D                     ADRPT           equ	269	;# 
  1255     010E                     ADLTH           equ	270	;# 
  1256     010E                     ADLTHL          equ	270	;# 
  1257     010F                     ADLTHH          equ	271	;# 
  1258     0110                     ADUTH           equ	272	;# 
  1259     0110                     ADUTHL          equ	272	;# 
  1260     0111                     ADUTHH          equ	273	;# 
  1261     0112                     ADSTPT          equ	274	;# 
  1262     0112                     ADSTPTL         equ	274	;# 
  1263     0113                     ADSTPTH         equ	275	;# 
  1264     0114                     ADFLTR          equ	276	;# 
  1265     0114                     ADFLTRL         equ	276	;# 
  1266     0115                     ADFLTRH         equ	277	;# 
  1267     0116                     ADERR           equ	278	;# 
  1268     0116                     ADERRL          equ	278	;# 
  1269     0117                     ADERRH          equ	279	;# 
  1270     0119                     RC1REG          equ	281	;# 
  1271     0119                     RCREG           equ	281	;# 
  1272     0119                     RCREG1          equ	281	;# 
  1273     011A                     TX1REG          equ	282	;# 
  1274     011A                     TXREG1          equ	282	;# 
  1275     011A                     TXREG           equ	282	;# 
  1276     011B                     SP1BRG          equ	283	;# 
  1277     011B                     SP1BRGL         equ	283	;# 
  1278     011B                     SPBRG           equ	283	;# 
  1279     011B                     SPBRG1          equ	283	;# 
  1280     011B                     SPBRGL          equ	283	;# 
  1281     011C                     SP1BRGH         equ	284	;# 
  1282     011C                     SPBRGH          equ	284	;# 
  1283     011C                     SPBRGH1         equ	284	;# 
  1284     011D                     RC1STA          equ	285	;# 
  1285     011D                     RCSTA1          equ	285	;# 
  1286     011D                     RCSTA           equ	285	;# 
  1287     011E                     TX1STA          equ	286	;# 
  1288     011E                     TXSTA1          equ	286	;# 
  1289     011E                     TXSTA           equ	286	;# 
  1290     011F                     BAUD1CON        equ	287	;# 
  1291     011F                     BAUDCON1        equ	287	;# 
  1292     011F                     BAUDCTL1        equ	287	;# 
  1293     011F                     BAUDCON         equ	287	;# 
  1294     011F                     BAUDCTL         equ	287	;# 
  1295     018C                     SSP1BUF         equ	396	;# 
  1296     018D                     SSP1ADD         equ	397	;# 
  1297     018E                     SSP1MSK         equ	398	;# 
  1298     018F                     SSP1STAT        equ	399	;# 
  1299     0190                     SSP1CON1        equ	400	;# 
  1300     0191                     SSP1CON2        equ	401	;# 
  1301     0192                     SSP1CON3        equ	402	;# 
  1302     0196                     SSP2BUF         equ	406	;# 
  1303     0197                     SSP2ADD         equ	407	;# 
  1304     0198                     SSP2MSK         equ	408	;# 
  1305     0199                     SSP2STAT        equ	409	;# 
  1306     019A                     SSP2CON1        equ	410	;# 
  1307     019B                     SSP2CON2        equ	411	;# 
  1308     019C                     SSP2CON3        equ	412	;# 
  1309     020C                     TMR1            equ	524	;# 
  1310     020C                     TMR1L           equ	524	;# 
  1311     020D                     TMR1H           equ	525	;# 
  1312     020E                     T1CON           equ	526	;# 
  1313     020F                     T1GCON          equ	527	;# 
  1314     020F                     PR1             equ	527	;# 
  1315     0210                     T1GATE          equ	528	;# 
  1316     0210                     TMR1GATE        equ	528	;# 
  1317     0211                     T1CLK           equ	529	;# 
  1318     0211                     TMR1CLK         equ	529	;# 
  1319     0212                     TMR3            equ	530	;# 
  1320     0212                     TMR3L           equ	530	;# 
  1321     0213                     TMR3H           equ	531	;# 
  1322     0214                     T3CON           equ	532	;# 
  1323     0215                     T3GCON          equ	533	;# 
  1324     0215                     PR3             equ	533	;# 
  1325     0216                     T3GATE          equ	534	;# 
  1326     0216                     TMR3GATE        equ	534	;# 
  1327     0217                     T3CLK           equ	535	;# 
  1328     0217                     TMR3CLK         equ	535	;# 
  1329     0218                     TMR5            equ	536	;# 
  1330     0218                     TMR5L           equ	536	;# 
  1331     0219                     TMR5H           equ	537	;# 
  1332     021A                     T5CON           equ	538	;# 
  1333     021B                     T5GCON          equ	539	;# 
  1334     021B                     PR5             equ	539	;# 
  1335     021C                     T5GATE          equ	540	;# 
  1336     021C                     TMR5GATE        equ	540	;# 
  1337     021D                     T5CLK           equ	541	;# 
  1338     021D                     TMR5CLK         equ	541	;# 
  1339     021E                     CCPTMRS0        equ	542	;# 
  1340     021F                     CCPTMRS1        equ	543	;# 
  1341     028C                     T2TMR           equ	652	;# 
  1342     028C                     TMR2            equ	652	;# 
  1343     028D                     T2PR            equ	653	;# 
  1344     028D                     PR2             equ	653	;# 
  1345     028E                     T2CON           equ	654	;# 
  1346     028F                     T2HLT           equ	655	;# 
  1347     0290                     T2CLKCON        equ	656	;# 
  1348     0290                     T2CLK           equ	656	;# 
  1349     0291                     T2RST           equ	657	;# 
  1350     0292                     T4TMR           equ	658	;# 
  1351     0292                     TMR4            equ	658	;# 
  1352     0293                     T4PR            equ	659	;# 
  1353     0293                     PR4             equ	659	;# 
  1354     0294                     T4CON           equ	660	;# 
  1355     0295                     T4HLT           equ	661	;# 
  1356     0296                     T4CLKCON        equ	662	;# 
  1357     0296                     T4CLK           equ	662	;# 
  1358     0297                     T4RST           equ	663	;# 
  1359     0298                     T6TMR           equ	664	;# 
  1360     0298                     TMR6            equ	664	;# 
  1361     0299                     T6PR            equ	665	;# 
  1362     0299                     PR6             equ	665	;# 
  1363     029A                     T6CON           equ	666	;# 
  1364     029B                     T6HLT           equ	667	;# 
  1365     029C                     T6CLKCON        equ	668	;# 
  1366     029C                     T6CLK           equ	668	;# 
  1367     029D                     T6RST           equ	669	;# 
  1368     030C                     CCPR1           equ	780	;# 
  1369     030C                     CCPR1L          equ	780	;# 
  1370     030D                     CCPR1H          equ	781	;# 
  1371     030E                     CCP1CON         equ	782	;# 
  1372     030F                     CCP1CAP         equ	783	;# 
  1373     0310                     CCPR2           equ	784	;# 
  1374     0310                     CCPR2L          equ	784	;# 
  1375     0311                     CCPR2H          equ	785	;# 
  1376     0312                     CCP2CON         equ	786	;# 
  1377     0313                     CCP2CAP         equ	787	;# 
  1378     0314                     CCPR3           equ	788	;# 
  1379     0314                     CCPR3L          equ	788	;# 
  1380     0315                     CCPR3H          equ	789	;# 
  1381     0316                     CCP3CON         equ	790	;# 
  1382     0317                     CCP3CAP         equ	791	;# 
  1383     0318                     CCPR4           equ	792	;# 
  1384     0318                     CCPR4L          equ	792	;# 
  1385     0319                     CCPR4H          equ	793	;# 
  1386     031A                     CCP4CON         equ	794	;# 
  1387     031B                     CCP4CAP         equ	795	;# 
  1388     031C                     CCPR5           equ	796	;# 
  1389     031C                     CCPR5L          equ	796	;# 
  1390     031D                     CCPR5H          equ	797	;# 
  1391     031E                     CCP5CON         equ	798	;# 
  1392     031F                     CCP5CAP         equ	799	;# 
  1393     038C                     PWM6DC          equ	908	;# 
  1394     038C                     PWM6DCL         equ	908	;# 
  1395     038D                     PWM6DCH         equ	909	;# 
  1396     038E                     PWM6CON         equ	910	;# 
  1397     0390                     PWM7DC          equ	912	;# 
  1398     0390                     PWM7DCL         equ	912	;# 
  1399     0391                     PWM7DCH         equ	913	;# 
  1400     0392                     PWM7CON         equ	914	;# 
  1401     040C                     SCANLADRL       equ	1036	;# 
  1402     040D                     SCANLADRH       equ	1037	;# 
  1403     040E                     SCANHADRL       equ	1038	;# 
  1404     040F                     SCANHADRH       equ	1039	;# 
  1405     0410                     SCANCON0        equ	1040	;# 
  1406     0411                     SCANTRIG        equ	1041	;# 
  1407     0416                     CRCDATA         equ	1046	;# 
  1408     0416                     CRCDATL         equ	1046	;# 
  1409     0417                     CRCDATH         equ	1047	;# 
  1410     0418                     CRCACC          equ	1048	;# 
  1411     0418                     CRCACCL         equ	1048	;# 
  1412     0419                     CRCACCH         equ	1049	;# 
  1413     041A                     CRCSHFT         equ	1050	;# 
  1414     041A                     CRCSHIFTL       equ	1050	;# 
  1415     041B                     CRCSHIFTH       equ	1051	;# 
  1416     041C                     CRCXOR          equ	1052	;# 
  1417     041C                     CRCXORL         equ	1052	;# 
  1418     041D                     CRCXORH         equ	1053	;# 
  1419     041E                     CRCCON0         equ	1054	;# 
  1420     041F                     CRCCON1         equ	1055	;# 
  1421     048C                     SMT1TMR         equ	1164	;# 
  1422     048C                     SMT1TMRL        equ	1164	;# 
  1423     048D                     SMT1TMRH        equ	1165	;# 
  1424     048E                     SMT1TMRU        equ	1166	;# 
  1425     048F                     SMT1CPR         equ	1167	;# 
  1426     048F                     SMT1CPRL        equ	1167	;# 
  1427     0490                     SMT1CPRH        equ	1168	;# 
  1428     0491                     SMT1CPRU        equ	1169	;# 
  1429     0492                     SMT1CPW         equ	1170	;# 
  1430     0492                     SMT1CPWL        equ	1170	;# 
  1431     0493                     SMT1CPWH        equ	1171	;# 
  1432     0494                     SMT1CPWU        equ	1172	;# 
  1433     0495                     SMT1PR          equ	1173	;# 
  1434     0495                     SMT1PRL         equ	1173	;# 
  1435     0496                     SMT1PRH         equ	1174	;# 
  1436     0497                     SMT1PRU         equ	1175	;# 
  1437     0498                     SMT1CON0        equ	1176	;# 
  1438     0499                     SMT1CON1        equ	1177	;# 
  1439     049A                     SMT1STAT        equ	1178	;# 
  1440     049B                     SMT1CLK         equ	1179	;# 
  1441     049C                     SMT1SIG         equ	1180	;# 
  1442     049D                     SMT1WIN         equ	1181	;# 
  1443     050C                     SMT2TMR         equ	1292	;# 
  1444     050C                     SMT2TMRL        equ	1292	;# 
  1445     050D                     SMT2TMRH        equ	1293	;# 
  1446     050E                     SMT2TMRU        equ	1294	;# 
  1447     050F                     SMT2CPR         equ	1295	;# 
  1448     050F                     SMT2CPRL        equ	1295	;# 
  1449     0510                     SMT2CPRH        equ	1296	;# 
  1450     0511                     SMT2CPRU        equ	1297	;# 
  1451     0512                     SMT2CPW         equ	1298	;# 
  1452     0512                     SMT2CPWL        equ	1298	;# 
  1453     0513                     SMT2CPWH        equ	1299	;# 
  1454     0514                     SMT2CPWU        equ	1300	;# 
  1455     0515                     SMT2PR          equ	1301	;# 
  1456     0515                     SMT2PRL         equ	1301	;# 
  1457     0516                     SMT2PRH         equ	1302	;# 
  1458     0517                     SMT2PRU         equ	1303	;# 
  1459     0518                     SMT2CON0        equ	1304	;# 
  1460     0519                     SMT2CON1        equ	1305	;# 
  1461     051A                     SMT2STAT        equ	1306	;# 
  1462     051B                     SMT2CLK         equ	1307	;# 
  1463     051C                     SMT2SIG         equ	1308	;# 
  1464     051D                     SMT2WIN         equ	1309	;# 
  1465     058C                     NCO1ACC         equ	1420	;# 
  1466     058C                     NCO1ACCL        equ	1420	;# 
  1467     058D                     NCO1ACCH        equ	1421	;# 
  1468     058E                     NCO1ACCU        equ	1422	;# 
  1469     058F                     NCO1INC         equ	1423	;# 
  1470     058F                     NCO1INCL        equ	1423	;# 
  1471     0590                     NCO1INCH        equ	1424	;# 
  1472     0591                     NCO1INCU        equ	1425	;# 
  1473     0592                     NCO1CON         equ	1426	;# 
  1474     0593                     NCO1CLK         equ	1427	;# 
  1475     060C                     CWG1CLKCON      equ	1548	;# 
  1476     060D                     CWG1ISM         equ	1549	;# 
  1477     060E                     CWG1DBR         equ	1550	;# 
  1478     060F                     CWG1DBF         equ	1551	;# 
  1479     0610                     CWG1CON0        equ	1552	;# 
  1480     0611                     CWG1CON1        equ	1553	;# 
  1481     0612                     CWG1AS0         equ	1554	;# 
  1482     0613                     CWG1AS1         equ	1555	;# 
  1483     0614                     CWG1STR         equ	1556	;# 
  1484     0616                     CWG2CLKCON      equ	1558	;# 
  1485     0617                     CWG2ISM         equ	1559	;# 
  1486     0618                     CWG2DBR         equ	1560	;# 
  1487     0619                     CWG2DBF         equ	1561	;# 
  1488     061A                     CWG2CON0        equ	1562	;# 
  1489     061B                     CWG2CON1        equ	1563	;# 
  1490     061C                     CWG2AS0         equ	1564	;# 
  1491     061D                     CWG2AS1         equ	1565	;# 
  1492     061E                     CWG2STR         equ	1566	;# 
  1493     068C                     CWG3CLKCON      equ	1676	;# 
  1494     068D                     CWG3ISM         equ	1677	;# 
  1495     068E                     CWG3DBR         equ	1678	;# 
  1496     068F                     CWG3DBF         equ	1679	;# 
  1497     0690                     CWG3CON0        equ	1680	;# 
  1498     0691                     CWG3CON1        equ	1681	;# 
  1499     0692                     CWG3AS0         equ	1682	;# 
  1500     0693                     CWG3AS1         equ	1683	;# 
  1501     0694                     CWG3STR         equ	1684	;# 
  1502     070C                     PIR0            equ	1804	;# 
  1503     070D                     PIR1            equ	1805	;# 
  1504     070E                     PIR2            equ	1806	;# 
  1505     070F                     PIR3            equ	1807	;# 
  1506     0710                     PIR4            equ	1808	;# 
  1507     0711                     PIR5            equ	1809	;# 
  1508     0712                     PIR6            equ	1810	;# 
  1509     0713                     PIR7            equ	1811	;# 
  1510     0714                     PIR8            equ	1812	;# 
  1511     0716                     PIE0            equ	1814	;# 
  1512     0717                     PIE1            equ	1815	;# 
  1513     0718                     PIE2            equ	1816	;# 
  1514     0719                     PIE3            equ	1817	;# 
  1515     071A                     PIE4            equ	1818	;# 
  1516     071B                     PIE5            equ	1819	;# 
  1517     071C                     PIE6            equ	1820	;# 
  1518     071D                     PIE7            equ	1821	;# 
  1519     071E                     PIE8            equ	1822	;# 
  1520     0796                     PMD0            equ	1942	;# 
  1521     0797                     PMD1            equ	1943	;# 
  1522     0798                     PMD2            equ	1944	;# 
  1523     0799                     PMD3            equ	1945	;# 
  1524     079A                     PMD4            equ	1946	;# 
  1525     079B                     PMD5            equ	1947	;# 
  1526     080C                     WDTCON0         equ	2060	;# 
  1527     080D                     WDTCON1         equ	2061	;# 
  1528     080E                     WDTPSL          equ	2062	;# 
  1529     080F                     WDTPSH          equ	2063	;# 
  1530     0810                     WDTTMR          equ	2064	;# 
  1531     0811                     BORCON          equ	2065	;# 
  1532     0812                     VREGCON         equ	2066	;# 
  1533     0813                     PCON0           equ	2067	;# 
  1534     0814                     CCDCON          equ	2068	;# 
  1535     081A                     NVMADRL         equ	2074	;# 
  1536     081B                     NVMADRH         equ	2075	;# 
  1537     081C                     NVMDATL         equ	2076	;# 
  1538     081D                     NVMDATH         equ	2077	;# 
  1539     081E                     NVMCON1         equ	2078	;# 
  1540     081F                     NVMCON2         equ	2079	;# 
  1541     088C                     CPUDOZE         equ	2188	;# 
  1542     088D                     OSCCON1         equ	2189	;# 
  1543     088E                     OSCCON2         equ	2190	;# 
  1544     088F                     OSCCON3         equ	2191	;# 
  1545     0890                     OSCSTAT         equ	2192	;# 
  1546     0891                     OSCEN           equ	2193	;# 
  1547     0892                     OSCTUNE         equ	2194	;# 
  1548     0893                     OSCFRQ          equ	2195	;# 
  1549     0895                     CLKRCON         equ	2197	;# 
  1550     0896                     CLKRCLK         equ	2198	;# 
  1551     0897                     MDCON0          equ	2199	;# 
  1552     0898                     MDCON1          equ	2200	;# 
  1553     0899                     MDSRC           equ	2201	;# 
  1554     089A                     MDCARL          equ	2202	;# 
  1555     089B                     MDCARH          equ	2203	;# 
  1556     090C                     FVRCON          equ	2316	;# 
  1557     090E                     DAC1CON0        equ	2318	;# 
  1558     090F                     DAC1CON1        equ	2319	;# 
  1559     091F                     ZCD1CON         equ	2335	;# 
  1560     091F                     ZCDCON          equ	2335	;# 
  1561     098F                     CMOUT           equ	2447	;# 
  1562     098F                     CMSTAT          equ	2447	;# 
  1563     0990                     CM1CON0         equ	2448	;# 
  1564     0991                     CM1CON1         equ	2449	;# 
  1565     0992                     CM1NSEL         equ	2450	;# 
  1566     0993                     CM1PSEL         equ	2451	;# 
  1567     0994                     CM2CON0         equ	2452	;# 
  1568     0995                     CM2CON1         equ	2453	;# 
  1569     0996                     CM2NSEL         equ	2454	;# 
  1570     0997                     CM2PSEL         equ	2455	;# 
  1571     0E0F                     CLCDATA         equ	3599	;# 
  1572     0E10                     CLC1CON         equ	3600	;# 
  1573     0E11                     CLC1POL         equ	3601	;# 
  1574     0E12                     CLC1SEL0        equ	3602	;# 
  1575     0E13                     CLC1SEL1        equ	3603	;# 
  1576     0E14                     CLC1SEL2        equ	3604	;# 
  1577     0E15                     CLC1SEL3        equ	3605	;# 
  1578     0E16                     CLC1GLS0        equ	3606	;# 
  1579     0E17                     CLC1GLS1        equ	3607	;# 
  1580     0E18                     CLC1GLS2        equ	3608	;# 
  1581     0E19                     CLC1GLS3        equ	3609	;# 
  1582     0E1A                     CLC2CON         equ	3610	;# 
  1583     0E1B                     CLC2POL         equ	3611	;# 
  1584     0E1C                     CLC2SEL0        equ	3612	;# 
  1585     0E1D                     CLC2SEL1        equ	3613	;# 
  1586     0E1E                     CLC2SEL2        equ	3614	;# 
  1587     0E1F                     CLC2SEL3        equ	3615	;# 
  1588     0E20                     CLC2GLS0        equ	3616	;# 
  1589     0E21                     CLC2GLS1        equ	3617	;# 
  1590     0E22                     CLC2GLS2        equ	3618	;# 
  1591     0E23                     CLC2GLS3        equ	3619	;# 
  1592     0E24                     CLC3CON         equ	3620	;# 
  1593     0E25                     CLC3POL         equ	3621	;# 
  1594     0E26                     CLC3SEL0        equ	3622	;# 
  1595     0E27                     CLC3SEL1        equ	3623	;# 
  1596     0E28                     CLC3SEL2        equ	3624	;# 
  1597     0E29                     CLC3SEL3        equ	3625	;# 
  1598     0E2A                     CLC3GLS0        equ	3626	;# 
  1599     0E2B                     CLC3GLS1        equ	3627	;# 
  1600     0E2C                     CLC3GLS2        equ	3628	;# 
  1601     0E2D                     CLC3GLS3        equ	3629	;# 
  1602     0E2E                     CLC4CON         equ	3630	;# 
  1603     0E2F                     CLC4POL         equ	3631	;# 
  1604     0E30                     CLC4SEL0        equ	3632	;# 
  1605     0E31                     CLC4SEL1        equ	3633	;# 
  1606     0E32                     CLC4SEL2        equ	3634	;# 
  1607     0E33                     CLC4SEL3        equ	3635	;# 
  1608     0E34                     CLC4GLS0        equ	3636	;# 
  1609     0E35                     CLC4GLS1        equ	3637	;# 
  1610     0E36                     CLC4GLS2        equ	3638	;# 
  1611     0E37                     CLC4GLS3        equ	3639	;# 
  1612     0E8F                     PPSLOCK         equ	3727	;# 
  1613     0E90                     INTPPS          equ	3728	;# 
  1614     0E91                     T0CKIPPS        equ	3729	;# 
  1615     0E92                     T1CKIPPS        equ	3730	;# 
  1616     0E93                     T1GPPS          equ	3731	;# 
  1617     0E94                     T3CKIPPS        equ	3732	;# 
  1618     0E95                     T3GPPS          equ	3733	;# 
  1619     0E96                     T5CKIPPS        equ	3734	;# 
  1620     0E97                     T5GPPS          equ	3735	;# 
  1621     0E9C                     T2AINPPS        equ	3740	;# 
  1622     0E9D                     T4AINPPS        equ	3741	;# 
  1623     0E9E                     T6AINPPS        equ	3742	;# 
  1624     0EA1                     CCP1PPS         equ	3745	;# 
  1625     0EA2                     CCP2PPS         equ	3746	;# 
  1626     0EA3                     CCP3PPS         equ	3747	;# 
  1627     0EA4                     CCP4PPS         equ	3748	;# 
  1628     0EA5                     CCP5PPS         equ	3749	;# 
  1629     0EA9                     SMT1WINPPS      equ	3753	;# 
  1630     0EAA                     SMT1SIGPPS      equ	3754	;# 
  1631     0EAB                     SMT2WINPPS      equ	3755	;# 
  1632     0EAC                     SMT2SIGPPS      equ	3756	;# 
  1633     0EB1                     CWG1PPS         equ	3761	;# 
  1634     0EB2                     CWG2PPS         equ	3762	;# 
  1635     0EB3                     CWG3PPS         equ	3763	;# 
  1636     0EB8                     MDCARLPPS       equ	3768	;# 
  1637     0EB9                     MDCARHPPS       equ	3769	;# 
  1638     0EBA                     MDSRCPPS        equ	3770	;# 
  1639     0EBB                     CLCIN0PPS       equ	3771	;# 
  1640     0EBC                     CLCIN1PPS       equ	3772	;# 
  1641     0EBD                     CLCIN2PPS       equ	3773	;# 
  1642     0EBE                     CLCIN3PPS       equ	3774	;# 
  1643     0EC3                     ADCACTPPS       equ	3779	;# 
  1644     0EC5                     SSP1CLKPPS      equ	3781	;# 
  1645     0EC6                     SSP1DATPPS      equ	3782	;# 
  1646     0EC7                     SSP1SSPPS       equ	3783	;# 
  1647     0EC8                     SSP2CLKPPS      equ	3784	;# 
  1648     0EC9                     SSP2DATPPS      equ	3785	;# 
  1649     0ECA                     SSP2SSPPS       equ	3786	;# 
  1650     0ECB                     RXPPS           equ	3787	;# 
  1651     0ECC                     TXPPS           equ	3788	;# 
  1652     0F10                     RA0PPS          equ	3856	;# 
  1653     0F11                     RA1PPS          equ	3857	;# 
  1654     0F12                     RA2PPS          equ	3858	;# 
  1655     0F13                     RA3PPS          equ	3859	;# 
  1656     0F14                     RA4PPS          equ	3860	;# 
  1657     0F15                     RA5PPS          equ	3861	;# 
  1658     0F16                     RA6PPS          equ	3862	;# 
  1659     0F17                     RA7PPS          equ	3863	;# 
  1660     0F18                     RB0PPS          equ	3864	;# 
  1661     0F19                     RB1PPS          equ	3865	;# 
  1662     0F1A                     RB2PPS          equ	3866	;# 
  1663     0F1B                     RB3PPS          equ	3867	;# 
  1664     0F1C                     RB4PPS          equ	3868	;# 
  1665     0F1D                     RB5PPS          equ	3869	;# 
  1666     0F1E                     RB6PPS          equ	3870	;# 
  1667     0F1F                     RB7PPS          equ	3871	;# 
  1668     0F20                     RC0PPS          equ	3872	;# 
  1669     0F21                     RC1PPS          equ	3873	;# 
  1670     0F22                     RC2PPS          equ	3874	;# 
  1671     0F23                     RC3PPS          equ	3875	;# 
  1672     0F24                     RC4PPS          equ	3876	;# 
  1673     0F25                     RC5PPS          equ	3877	;# 
  1674     0F26                     RC6PPS          equ	3878	;# 
  1675     0F27                     RC7PPS          equ	3879	;# 
  1676     0F28                     RD0PPS          equ	3880	;# 
  1677     0F29                     RD1PPS          equ	3881	;# 
  1678     0F2A                     RD2PPS          equ	3882	;# 
  1679     0F2B                     RD3PPS          equ	3883	;# 
  1680     0F2C                     RD4PPS          equ	3884	;# 
  1681     0F2D                     RD5PPS          equ	3885	;# 
  1682     0F2E                     RD6PPS          equ	3886	;# 
  1683     0F2F                     RD7PPS          equ	3887	;# 
  1684     0F30                     RE0PPS          equ	3888	;# 
  1685     0F31                     RE1PPS          equ	3889	;# 
  1686     0F32                     RE2PPS          equ	3890	;# 
  1687     0F38                     ANSELA          equ	3896	;# 
  1688     0F39                     WPUA            equ	3897	;# 
  1689     0F3A                     ODCONA          equ	3898	;# 
  1690     0F3B                     SLRCONA         equ	3899	;# 
  1691     0F3C                     INLVLA          equ	3900	;# 
  1692     0F3D                     IOCAP           equ	3901	;# 
  1693     0F3E                     IOCAN           equ	3902	;# 
  1694     0F3F                     IOCAF           equ	3903	;# 
  1695     0F40                     CCDNA           equ	3904	;# 
  1696     0F41                     CCDPA           equ	3905	;# 
  1697     0F43                     ANSELB          equ	3907	;# 
  1698     0F44                     WPUB            equ	3908	;# 
  1699     0F45                     ODCONB          equ	3909	;# 
  1700     0F46                     SLRCONB         equ	3910	;# 
  1701     0F47                     INLVLB          equ	3911	;# 
  1702     0F48                     IOCBP           equ	3912	;# 
  1703     0F49                     IOCBN           equ	3913	;# 
  1704     0F4A                     IOCBF           equ	3914	;# 
  1705     0F4B                     CCDNB           equ	3915	;# 
  1706     0F4C                     CCDPB           equ	3916	;# 
  1707     0F4E                     ANSELC          equ	3918	;# 
  1708     0F4F                     WPUC            equ	3919	;# 
  1709     0F50                     ODCONC          equ	3920	;# 
  1710     0F51                     SLRCONC         equ	3921	;# 
  1711     0F52                     INLVLC          equ	3922	;# 
  1712     0F53                     IOCCP           equ	3923	;# 
  1713     0F54                     IOCCN           equ	3924	;# 
  1714     0F55                     IOCCF           equ	3925	;# 
  1715     0F56                     CCDNC           equ	3926	;# 
  1716     0F57                     CCDPC           equ	3927	;# 
  1717     0F59                     ANSELD          equ	3929	;# 
  1718     0F5A                     WPUD            equ	3930	;# 
  1719     0F5B                     ODCOND          equ	3931	;# 
  1720     0F5C                     SLRCOND         equ	3932	;# 
  1721     0F5D                     INLVLD          equ	3933	;# 
  1722     0F61                     CCDND           equ	3937	;# 
  1723     0F62                     CCDPD           equ	3938	;# 
  1724     0F64                     ANSELE          equ	3940	;# 
  1725     0F65                     WPUE            equ	3941	;# 
  1726     0F66                     ODCONE          equ	3942	;# 
  1727     0F67                     SLRCONE         equ	3943	;# 
  1728     0F68                     INLVLE          equ	3944	;# 
  1729     0F69                     IOCEP           equ	3945	;# 
  1730     0F6A                     IOCEN           equ	3946	;# 
  1731     0F6B                     IOCEF           equ	3947	;# 
  1732     0F6C                     CCDNE           equ	3948	;# 
  1733     0F6D                     CCDPE           equ	3949	;# 
  1734     0FE4                     STATUS_SHAD     equ	4068	;# 
  1735     0FE5                     WREG_SHAD       equ	4069	;# 
  1736     0FE6                     BSR_SHAD        equ	4070	;# 
  1737     0FE7                     PCLATH_SHAD     equ	4071	;# 
  1738     0FE8                     FSR0L_SHAD      equ	4072	;# 
  1739     0FE9                     FSR0H_SHAD      equ	4073	;# 
  1740     0FEA                     FSR1L_SHAD      equ	4074	;# 
  1741     0FEB                     FSR1H_SHAD      equ	4075	;# 
  1742     0FED                     STKPTR          equ	4077	;# 
  1743     0FEE                     TOSL            equ	4078	;# 
  1744     0FEF                     TOSH            equ	4079	;# 
  1745     0000                     INDF0           equ	0	;# 
  1746     0001                     INDF1           equ	1	;# 
  1747     0002                     PCL             equ	2	;# 
  1748     0003                     STATUS          equ	3	;# 
  1749     0004                     FSR0L           equ	4	;# 
  1750     0005                     FSR0H           equ	5	;# 
  1751     0006                     FSR1L           equ	6	;# 
  1752     0007                     FSR1H           equ	7	;# 
  1753     0008                     BSR             equ	8	;# 
  1754     0009                     WREG            equ	9	;# 
  1755     000A                     PCLATH          equ	10	;# 
  1756     000B                     INTCON          equ	11	;# 
  1757     000C                     PORTA           equ	12	;# 
  1758     000D                     PORTB           equ	13	;# 
  1759     000E                     PORTC           equ	14	;# 
  1760     000F                     PORTD           equ	15	;# 
  1761     0010                     PORTE           equ	16	;# 
  1762     0011                     TRISA           equ	17	;# 
  1763     0012                     TRISB           equ	18	;# 
  1764     0013                     TRISC           equ	19	;# 
  1765     0014                     TRISD           equ	20	;# 
  1766     0015                     TRISE           equ	21	;# 
  1767     0016                     LATA            equ	22	;# 
  1768     0017                     LATB            equ	23	;# 
  1769     0018                     LATC            equ	24	;# 
  1770     0019                     LATD            equ	25	;# 
  1771     001A                     LATE            equ	26	;# 
  1772     001C                     TMR0L           equ	28	;# 
  1773     001C                     TMR0            equ	28	;# 
  1774     001D                     TMR0H           equ	29	;# 
  1775     001D                     PR0             equ	29	;# 
  1776     001E                     T0CON0          equ	30	;# 
  1777     001F                     T0CON1          equ	31	;# 
  1778     008C                     ADRES           equ	140	;# 
  1779     008C                     ADRESL          equ	140	;# 
  1780     008D                     ADRESH          equ	141	;# 
  1781     008E                     ADPREV          equ	142	;# 
  1782     008E                     ADPREVL         equ	142	;# 
  1783     008F                     ADPREVH         equ	143	;# 
  1784     0090                     ADACC           equ	144	;# 
  1785     0090                     ADACCL          equ	144	;# 
  1786     0091                     ADACCH          equ	145	;# 
  1787     0093                     ADCON0          equ	147	;# 
  1788     0094                     ADCON1          equ	148	;# 
  1789     0095                     ADCON2          equ	149	;# 
  1790     0096                     ADCON3          equ	150	;# 
  1791     0097                     ADSTAT          equ	151	;# 
  1792     0098                     ADCLK           equ	152	;# 
  1793     0099                     ADACT           equ	153	;# 
  1794     009A                     ADREF           equ	154	;# 
  1795     009B                     ADCAP           equ	155	;# 
  1796     009C                     ADPRE           equ	156	;# 
  1797     009D                     ADACQ           equ	157	;# 
  1798     009E                     ADPCH           equ	158	;# 
  1799     010C                     ADCNT           equ	268	;# 
  1800     010D                     ADRPT           equ	269	;# 
  1801     010E                     ADLTH           equ	270	;# 
  1802     010E                     ADLTHL          equ	270	;# 
  1803     010F                     ADLTHH          equ	271	;# 
  1804     0110                     ADUTH           equ	272	;# 
  1805     0110                     ADUTHL          equ	272	;# 
  1806     0111                     ADUTHH          equ	273	;# 
  1807     0112                     ADSTPT          equ	274	;# 
  1808     0112                     ADSTPTL         equ	274	;# 
  1809     0113                     ADSTPTH         equ	275	;# 
  1810     0114                     ADFLTR          equ	276	;# 
  1811     0114                     ADFLTRL         equ	276	;# 
  1812     0115                     ADFLTRH         equ	277	;# 
  1813     0116                     ADERR           equ	278	;# 
  1814     0116                     ADERRL          equ	278	;# 
  1815     0117                     ADERRH          equ	279	;# 
  1816     0119                     RC1REG          equ	281	;# 
  1817     0119                     RCREG           equ	281	;# 
  1818     0119                     RCREG1          equ	281	;# 
  1819     011A                     TX1REG          equ	282	;# 
  1820     011A                     TXREG1          equ	282	;# 
  1821     011A                     TXREG           equ	282	;# 
  1822     011B                     SP1BRG          equ	283	;# 
  1823     011B                     SP1BRGL         equ	283	;# 
  1824     011B                     SPBRG           equ	283	;# 
  1825     011B                     SPBRG1          equ	283	;# 
  1826     011B                     SPBRGL          equ	283	;# 
  1827     011C                     SP1BRGH         equ	284	;# 
  1828     011C                     SPBRGH          equ	284	;# 
  1829     011C                     SPBRGH1         equ	284	;# 
  1830     011D                     RC1STA          equ	285	;# 
  1831     011D                     RCSTA1          equ	285	;# 
  1832     011D                     RCSTA           equ	285	;# 
  1833     011E                     TX1STA          equ	286	;# 
  1834     011E                     TXSTA1          equ	286	;# 
  1835     011E                     TXSTA           equ	286	;# 
  1836     011F                     BAUD1CON        equ	287	;# 
  1837     011F                     BAUDCON1        equ	287	;# 
  1838     011F                     BAUDCTL1        equ	287	;# 
  1839     011F                     BAUDCON         equ	287	;# 
  1840     011F                     BAUDCTL         equ	287	;# 
  1841     018C                     SSP1BUF         equ	396	;# 
  1842     018D                     SSP1ADD         equ	397	;# 
  1843     018E                     SSP1MSK         equ	398	;# 
  1844     018F                     SSP1STAT        equ	399	;# 
  1845     0190                     SSP1CON1        equ	400	;# 
  1846     0191                     SSP1CON2        equ	401	;# 
  1847     0192                     SSP1CON3        equ	402	;# 
  1848     0196                     SSP2BUF         equ	406	;# 
  1849     0197                     SSP2ADD         equ	407	;# 
  1850     0198                     SSP2MSK         equ	408	;# 
  1851     0199                     SSP2STAT        equ	409	;# 
  1852     019A                     SSP2CON1        equ	410	;# 
  1853     019B                     SSP2CON2        equ	411	;# 
  1854     019C                     SSP2CON3        equ	412	;# 
  1855     020C                     TMR1            equ	524	;# 
  1856     020C                     TMR1L           equ	524	;# 
  1857     020D                     TMR1H           equ	525	;# 
  1858     020E                     T1CON           equ	526	;# 
  1859     020F                     T1GCON          equ	527	;# 
  1860     020F                     PR1             equ	527	;# 
  1861     0210                     T1GATE          equ	528	;# 
  1862     0210                     TMR1GATE        equ	528	;# 
  1863     0211                     T1CLK           equ	529	;# 
  1864     0211                     TMR1CLK         equ	529	;# 
  1865     0212                     TMR3            equ	530	;# 
  1866     0212                     TMR3L           equ	530	;# 
  1867     0213                     TMR3H           equ	531	;# 
  1868     0214                     T3CON           equ	532	;# 
  1869     0215                     T3GCON          equ	533	;# 
  1870     0215                     PR3             equ	533	;# 
  1871     0216                     T3GATE          equ	534	;# 
  1872     0216                     TMR3GATE        equ	534	;# 
  1873     0217                     T3CLK           equ	535	;# 
  1874     0217                     TMR3CLK         equ	535	;# 
  1875     0218                     TMR5            equ	536	;# 
  1876     0218                     TMR5L           equ	536	;# 
  1877     0219                     TMR5H           equ	537	;# 
  1878     021A                     T5CON           equ	538	;# 
  1879     021B                     T5GCON          equ	539	;# 
  1880     021B                     PR5             equ	539	;# 
  1881     021C                     T5GATE          equ	540	;# 
  1882     021C                     TMR5GATE        equ	540	;# 
  1883     021D                     T5CLK           equ	541	;# 
  1884     021D                     TMR5CLK         equ	541	;# 
  1885     021E                     CCPTMRS0        equ	542	;# 
  1886     021F                     CCPTMRS1        equ	543	;# 
  1887     028C                     T2TMR           equ	652	;# 
  1888     028C                     TMR2            equ	652	;# 
  1889     028D                     T2PR            equ	653	;# 
  1890     028D                     PR2             equ	653	;# 
  1891     028E                     T2CON           equ	654	;# 
  1892     028F                     T2HLT           equ	655	;# 
  1893     0290                     T2CLKCON        equ	656	;# 
  1894     0290                     T2CLK           equ	656	;# 
  1895     0291                     T2RST           equ	657	;# 
  1896     0292                     T4TMR           equ	658	;# 
  1897     0292                     TMR4            equ	658	;# 
  1898     0293                     T4PR            equ	659	;# 
  1899     0293                     PR4             equ	659	;# 
  1900     0294                     T4CON           equ	660	;# 
  1901     0295                     T4HLT           equ	661	;# 
  1902     0296                     T4CLKCON        equ	662	;# 
  1903     0296                     T4CLK           equ	662	;# 
  1904     0297                     T4RST           equ	663	;# 
  1905     0298                     T6TMR           equ	664	;# 
  1906     0298                     TMR6            equ	664	;# 
  1907     0299                     T6PR            equ	665	;# 
  1908     0299                     PR6             equ	665	;# 
  1909     029A                     T6CON           equ	666	;# 
  1910     029B                     T6HLT           equ	667	;# 
  1911     029C                     T6CLKCON        equ	668	;# 
  1912     029C                     T6CLK           equ	668	;# 
  1913     029D                     T6RST           equ	669	;# 
  1914     030C                     CCPR1           equ	780	;# 
  1915     030C                     CCPR1L          equ	780	;# 
  1916     030D                     CCPR1H          equ	781	;# 
  1917     030E                     CCP1CON         equ	782	;# 
  1918     030F                     CCP1CAP         equ	783	;# 
  1919     0310                     CCPR2           equ	784	;# 
  1920     0310                     CCPR2L          equ	784	;# 
  1921     0311                     CCPR2H          equ	785	;# 
  1922     0312                     CCP2CON         equ	786	;# 
  1923     0313                     CCP2CAP         equ	787	;# 
  1924     0314                     CCPR3           equ	788	;# 
  1925     0314                     CCPR3L          equ	788	;# 
  1926     0315                     CCPR3H          equ	789	;# 
  1927     0316                     CCP3CON         equ	790	;# 
  1928     0317                     CCP3CAP         equ	791	;# 
  1929     0318                     CCPR4           equ	792	;# 
  1930     0318                     CCPR4L          equ	792	;# 
  1931     0319                     CCPR4H          equ	793	;# 
  1932     031A                     CCP4CON         equ	794	;# 
  1933     031B                     CCP4CAP         equ	795	;# 
  1934     031C                     CCPR5           equ	796	;# 
  1935     031C                     CCPR5L          equ	796	;# 
  1936     031D                     CCPR5H          equ	797	;# 
  1937     031E                     CCP5CON         equ	798	;# 
  1938     031F                     CCP5CAP         equ	799	;# 
  1939     038C                     PWM6DC          equ	908	;# 
  1940     038C                     PWM6DCL         equ	908	;# 
  1941     038D                     PWM6DCH         equ	909	;# 
  1942     038E                     PWM6CON         equ	910	;# 
  1943     0390                     PWM7DC          equ	912	;# 
  1944     0390                     PWM7DCL         equ	912	;# 
  1945     0391                     PWM7DCH         equ	913	;# 
  1946     0392                     PWM7CON         equ	914	;# 
  1947     040C                     SCANLADRL       equ	1036	;# 
  1948     040D                     SCANLADRH       equ	1037	;# 
  1949     040E                     SCANHADRL       equ	1038	;# 
  1950     040F                     SCANHADRH       equ	1039	;# 
  1951     0410                     SCANCON0        equ	1040	;# 
  1952     0411                     SCANTRIG        equ	1041	;# 
  1953     0416                     CRCDATA         equ	1046	;# 
  1954     0416                     CRCDATL         equ	1046	;# 
  1955     0417                     CRCDATH         equ	1047	;# 
  1956     0418                     CRCACC          equ	1048	;# 
  1957     0418                     CRCACCL         equ	1048	;# 
  1958     0419                     CRCACCH         equ	1049	;# 
  1959     041A                     CRCSHFT         equ	1050	;# 
  1960     041A                     CRCSHIFTL       equ	1050	;# 
  1961     041B                     CRCSHIFTH       equ	1051	;# 
  1962     041C                     CRCXOR          equ	1052	;# 
  1963     041C                     CRCXORL         equ	1052	;# 
  1964     041D                     CRCXORH         equ	1053	;# 
  1965     041E                     CRCCON0         equ	1054	;# 
  1966     041F                     CRCCON1         equ	1055	;# 
  1967     048C                     SMT1TMR         equ	1164	;# 
  1968     048C                     SMT1TMRL        equ	1164	;# 
  1969     048D                     SMT1TMRH        equ	1165	;# 
  1970     048E                     SMT1TMRU        equ	1166	;# 
  1971     048F                     SMT1CPR         equ	1167	;# 
  1972     048F                     SMT1CPRL        equ	1167	;# 
  1973     0490                     SMT1CPRH        equ	1168	;# 
  1974     0491                     SMT1CPRU        equ	1169	;# 
  1975     0492                     SMT1CPW         equ	1170	;# 
  1976     0492                     SMT1CPWL        equ	1170	;# 
  1977     0493                     SMT1CPWH        equ	1171	;# 
  1978     0494                     SMT1CPWU        equ	1172	;# 
  1979     0495                     SMT1PR          equ	1173	;# 
  1980     0495                     SMT1PRL         equ	1173	;# 
  1981     0496                     SMT1PRH         equ	1174	;# 
  1982     0497                     SMT1PRU         equ	1175	;# 
  1983     0498                     SMT1CON0        equ	1176	;# 
  1984     0499                     SMT1CON1        equ	1177	;# 
  1985     049A                     SMT1STAT        equ	1178	;# 
  1986     049B                     SMT1CLK         equ	1179	;# 
  1987     049C                     SMT1SIG         equ	1180	;# 
  1988     049D                     SMT1WIN         equ	1181	;# 
  1989     050C                     SMT2TMR         equ	1292	;# 
  1990     050C                     SMT2TMRL        equ	1292	;# 
  1991     050D                     SMT2TMRH        equ	1293	;# 
  1992     050E                     SMT2TMRU        equ	1294	;# 
  1993     050F                     SMT2CPR         equ	1295	;# 
  1994     050F                     SMT2CPRL        equ	1295	;# 
  1995     0510                     SMT2CPRH        equ	1296	;# 
  1996     0511                     SMT2CPRU        equ	1297	;# 
  1997     0512                     SMT2CPW         equ	1298	;# 
  1998     0512                     SMT2CPWL        equ	1298	;# 
  1999     0513                     SMT2CPWH        equ	1299	;# 
  2000     0514                     SMT2CPWU        equ	1300	;# 
  2001     0515                     SMT2PR          equ	1301	;# 
  2002     0515                     SMT2PRL         equ	1301	;# 
  2003     0516                     SMT2PRH         equ	1302	;# 
  2004     0517                     SMT2PRU         equ	1303	;# 
  2005     0518                     SMT2CON0        equ	1304	;# 
  2006     0519                     SMT2CON1        equ	1305	;# 
  2007     051A                     SMT2STAT        equ	1306	;# 
  2008     051B                     SMT2CLK         equ	1307	;# 
  2009     051C                     SMT2SIG         equ	1308	;# 
  2010     051D                     SMT2WIN         equ	1309	;# 
  2011     058C                     NCO1ACC         equ	1420	;# 
  2012     058C                     NCO1ACCL        equ	1420	;# 
  2013     058D                     NCO1ACCH        equ	1421	;# 
  2014     058E                     NCO1ACCU        equ	1422	;# 
  2015     058F                     NCO1INC         equ	1423	;# 
  2016     058F                     NCO1INCL        equ	1423	;# 
  2017     0590                     NCO1INCH        equ	1424	;# 
  2018     0591                     NCO1INCU        equ	1425	;# 
  2019     0592                     NCO1CON         equ	1426	;# 
  2020     0593                     NCO1CLK         equ	1427	;# 
  2021     060C                     CWG1CLKCON      equ	1548	;# 
  2022     060D                     CWG1ISM         equ	1549	;# 
  2023     060E                     CWG1DBR         equ	1550	;# 
  2024     060F                     CWG1DBF         equ	1551	;# 
  2025     0610                     CWG1CON0        equ	1552	;# 
  2026     0611                     CWG1CON1        equ	1553	;# 
  2027     0612                     CWG1AS0         equ	1554	;# 
  2028     0613                     CWG1AS1         equ	1555	;# 
  2029     0614                     CWG1STR         equ	1556	;# 
  2030     0616                     CWG2CLKCON      equ	1558	;# 
  2031     0617                     CWG2ISM         equ	1559	;# 
  2032     0618                     CWG2DBR         equ	1560	;# 
  2033     0619                     CWG2DBF         equ	1561	;# 
  2034     061A                     CWG2CON0        equ	1562	;# 
  2035     061B                     CWG2CON1        equ	1563	;# 
  2036     061C                     CWG2AS0         equ	1564	;# 
  2037     061D                     CWG2AS1         equ	1565	;# 
  2038     061E                     CWG2STR         equ	1566	;# 
  2039     068C                     CWG3CLKCON      equ	1676	;# 
  2040     068D                     CWG3ISM         equ	1677	;# 
  2041     068E                     CWG3DBR         equ	1678	;# 
  2042     068F                     CWG3DBF         equ	1679	;# 
  2043     0690                     CWG3CON0        equ	1680	;# 
  2044     0691                     CWG3CON1        equ	1681	;# 
  2045     0692                     CWG3AS0         equ	1682	;# 
  2046     0693                     CWG3AS1         equ	1683	;# 
  2047     0694                     CWG3STR         equ	1684	;# 
  2048     070C                     PIR0            equ	1804	;# 
  2049     070D                     PIR1            equ	1805	;# 
  2050     070E                     PIR2            equ	1806	;# 
  2051     070F                     PIR3            equ	1807	;# 
  2052     0710                     PIR4            equ	1808	;# 
  2053     0711                     PIR5            equ	1809	;# 
  2054     0712                     PIR6            equ	1810	;# 
  2055     0713                     PIR7            equ	1811	;# 
  2056     0714                     PIR8            equ	1812	;# 
  2057     0716                     PIE0            equ	1814	;# 
  2058     0717                     PIE1            equ	1815	;# 
  2059     0718                     PIE2            equ	1816	;# 
  2060     0719                     PIE3            equ	1817	;# 
  2061     071A                     PIE4            equ	1818	;# 
  2062     071B                     PIE5            equ	1819	;# 
  2063     071C                     PIE6            equ	1820	;# 
  2064     071D                     PIE7            equ	1821	;# 
  2065     071E                     PIE8            equ	1822	;# 
  2066     0796                     PMD0            equ	1942	;# 
  2067     0797                     PMD1            equ	1943	;# 
  2068     0798                     PMD2            equ	1944	;# 
  2069     0799                     PMD3            equ	1945	;# 
  2070     079A                     PMD4            equ	1946	;# 
  2071     079B                     PMD5            equ	1947	;# 
  2072     080C                     WDTCON0         equ	2060	;# 
  2073     080D                     WDTCON1         equ	2061	;# 
  2074     080E                     WDTPSL          equ	2062	;# 
  2075     080F                     WDTPSH          equ	2063	;# 
  2076     0810                     WDTTMR          equ	2064	;# 
  2077     0811                     BORCON          equ	2065	;# 
  2078     0812                     VREGCON         equ	2066	;# 
  2079     0813                     PCON0           equ	2067	;# 
  2080     0814                     CCDCON          equ	2068	;# 
  2081     081A                     NVMADRL         equ	2074	;# 
  2082     081B                     NVMADRH         equ	2075	;# 
  2083     081C                     NVMDATL         equ	2076	;# 
  2084     081D                     NVMDATH         equ	2077	;# 
  2085     081E                     NVMCON1         equ	2078	;# 
  2086     081F                     NVMCON2         equ	2079	;# 
  2087     088C                     CPUDOZE         equ	2188	;# 
  2088     088D                     OSCCON1         equ	2189	;# 
  2089     088E                     OSCCON2         equ	2190	;# 
  2090     088F                     OSCCON3         equ	2191	;# 
  2091     0890                     OSCSTAT         equ	2192	;# 
  2092     0891                     OSCEN           equ	2193	;# 
  2093     0892                     OSCTUNE         equ	2194	;# 
  2094     0893                     OSCFRQ          equ	2195	;# 
  2095     0895                     CLKRCON         equ	2197	;# 
  2096     0896                     CLKRCLK         equ	2198	;# 
  2097     0897                     MDCON0          equ	2199	;# 
  2098     0898                     MDCON1          equ	2200	;# 
  2099     0899                     MDSRC           equ	2201	;# 
  2100     089A                     MDCARL          equ	2202	;# 
  2101     089B                     MDCARH          equ	2203	;# 
  2102     090C                     FVRCON          equ	2316	;# 
  2103     090E                     DAC1CON0        equ	2318	;# 
  2104     090F                     DAC1CON1        equ	2319	;# 
  2105     091F                     ZCD1CON         equ	2335	;# 
  2106     091F                     ZCDCON          equ	2335	;# 
  2107     098F                     CMOUT           equ	2447	;# 
  2108     098F                     CMSTAT          equ	2447	;# 
  2109     0990                     CM1CON0         equ	2448	;# 
  2110     0991                     CM1CON1         equ	2449	;# 
  2111     0992                     CM1NSEL         equ	2450	;# 
  2112     0993                     CM1PSEL         equ	2451	;# 
  2113     0994                     CM2CON0         equ	2452	;# 
  2114     0995                     CM2CON1         equ	2453	;# 
  2115     0996                     CM2NSEL         equ	2454	;# 
  2116     0997                     CM2PSEL         equ	2455	;# 
  2117     0E0F                     CLCDATA         equ	3599	;# 
  2118     0E10                     CLC1CON         equ	3600	;# 
  2119     0E11                     CLC1POL         equ	3601	;# 
  2120     0E12                     CLC1SEL0        equ	3602	;# 
  2121     0E13                     CLC1SEL1        equ	3603	;# 
  2122     0E14                     CLC1SEL2        equ	3604	;# 
  2123     0E15                     CLC1SEL3        equ	3605	;# 
  2124     0E16                     CLC1GLS0        equ	3606	;# 
  2125     0E17                     CLC1GLS1        equ	3607	;# 
  2126     0E18                     CLC1GLS2        equ	3608	;# 
  2127     0E19                     CLC1GLS3        equ	3609	;# 
  2128     0E1A                     CLC2CON         equ	3610	;# 
  2129     0E1B                     CLC2POL         equ	3611	;# 
  2130     0E1C                     CLC2SEL0        equ	3612	;# 
  2131     0E1D                     CLC2SEL1        equ	3613	;# 
  2132     0E1E                     CLC2SEL2        equ	3614	;# 
  2133     0E1F                     CLC2SEL3        equ	3615	;# 
  2134     0E20                     CLC2GLS0        equ	3616	;# 
  2135     0E21                     CLC2GLS1        equ	3617	;# 
  2136     0E22                     CLC2GLS2        equ	3618	;# 
  2137     0E23                     CLC2GLS3        equ	3619	;# 
  2138     0E24                     CLC3CON         equ	3620	;# 
  2139     0E25                     CLC3POL         equ	3621	;# 
  2140     0E26                     CLC3SEL0        equ	3622	;# 
  2141     0E27                     CLC3SEL1        equ	3623	;# 
  2142     0E28                     CLC3SEL2        equ	3624	;# 
  2143     0E29                     CLC3SEL3        equ	3625	;# 
  2144     0E2A                     CLC3GLS0        equ	3626	;# 
  2145     0E2B                     CLC3GLS1        equ	3627	;# 
  2146     0E2C                     CLC3GLS2        equ	3628	;# 
  2147     0E2D                     CLC3GLS3        equ	3629	;# 
  2148     0E2E                     CLC4CON         equ	3630	;# 
  2149     0E2F                     CLC4POL         equ	3631	;# 
  2150     0E30                     CLC4SEL0        equ	3632	;# 
  2151     0E31                     CLC4SEL1        equ	3633	;# 
  2152     0E32                     CLC4SEL2        equ	3634	;# 
  2153     0E33                     CLC4SEL3        equ	3635	;# 
  2154     0E34                     CLC4GLS0        equ	3636	;# 
  2155     0E35                     CLC4GLS1        equ	3637	;# 
  2156     0E36                     CLC4GLS2        equ	3638	;# 
  2157     0E37                     CLC4GLS3        equ	3639	;# 
  2158     0E8F                     PPSLOCK         equ	3727	;# 
  2159     0E90                     INTPPS          equ	3728	;# 
  2160     0E91                     T0CKIPPS        equ	3729	;# 
  2161     0E92                     T1CKIPPS        equ	3730	;# 
  2162     0E93                     T1GPPS          equ	3731	;# 
  2163     0E94                     T3CKIPPS        equ	3732	;# 
  2164     0E95                     T3GPPS          equ	3733	;# 
  2165     0E96                     T5CKIPPS        equ	3734	;# 
  2166     0E97                     T5GPPS          equ	3735	;# 
  2167     0E9C                     T2AINPPS        equ	3740	;# 
  2168     0E9D                     T4AINPPS        equ	3741	;# 
  2169     0E9E                     T6AINPPS        equ	3742	;# 
  2170     0EA1                     CCP1PPS         equ	3745	;# 
  2171     0EA2                     CCP2PPS         equ	3746	;# 
  2172     0EA3                     CCP3PPS         equ	3747	;# 
  2173     0EA4                     CCP4PPS         equ	3748	;# 
  2174     0EA5                     CCP5PPS         equ	3749	;# 
  2175     0EA9                     SMT1WINPPS      equ	3753	;# 
  2176     0EAA                     SMT1SIGPPS      equ	3754	;# 
  2177     0EAB                     SMT2WINPPS      equ	3755	;# 
  2178     0EAC                     SMT2SIGPPS      equ	3756	;# 
  2179     0EB1                     CWG1PPS         equ	3761	;# 
  2180     0EB2                     CWG2PPS         equ	3762	;# 
  2181     0EB3                     CWG3PPS         equ	3763	;# 
  2182     0EB8                     MDCARLPPS       equ	3768	;# 
  2183     0EB9                     MDCARHPPS       equ	3769	;# 
  2184     0EBA                     MDSRCPPS        equ	3770	;# 
  2185     0EBB                     CLCIN0PPS       equ	3771	;# 
  2186     0EBC                     CLCIN1PPS       equ	3772	;# 
  2187     0EBD                     CLCIN2PPS       equ	3773	;# 
  2188     0EBE                     CLCIN3PPS       equ	3774	;# 
  2189     0EC3                     ADCACTPPS       equ	3779	;# 
  2190     0EC5                     SSP1CLKPPS      equ	3781	;# 
  2191     0EC6                     SSP1DATPPS      equ	3782	;# 
  2192     0EC7                     SSP1SSPPS       equ	3783	;# 
  2193     0EC8                     SSP2CLKPPS      equ	3784	;# 
  2194     0EC9                     SSP2DATPPS      equ	3785	;# 
  2195     0ECA                     SSP2SSPPS       equ	3786	;# 
  2196     0ECB                     RXPPS           equ	3787	;# 
  2197     0ECC                     TXPPS           equ	3788	;# 
  2198     0F10                     RA0PPS          equ	3856	;# 
  2199     0F11                     RA1PPS          equ	3857	;# 
  2200     0F12                     RA2PPS          equ	3858	;# 
  2201     0F13                     RA3PPS          equ	3859	;# 
  2202     0F14                     RA4PPS          equ	3860	;# 
  2203     0F15                     RA5PPS          equ	3861	;# 
  2204     0F16                     RA6PPS          equ	3862	;# 
  2205     0F17                     RA7PPS          equ	3863	;# 
  2206     0F18                     RB0PPS          equ	3864	;# 
  2207     0F19                     RB1PPS          equ	3865	;# 
  2208     0F1A                     RB2PPS          equ	3866	;# 
  2209     0F1B                     RB3PPS          equ	3867	;# 
  2210     0F1C                     RB4PPS          equ	3868	;# 
  2211     0F1D                     RB5PPS          equ	3869	;# 
  2212     0F1E                     RB6PPS          equ	3870	;# 
  2213     0F1F                     RB7PPS          equ	3871	;# 
  2214     0F20                     RC0PPS          equ	3872	;# 
  2215     0F21                     RC1PPS          equ	3873	;# 
  2216     0F22                     RC2PPS          equ	3874	;# 
  2217     0F23                     RC3PPS          equ	3875	;# 
  2218     0F24                     RC4PPS          equ	3876	;# 
  2219     0F25                     RC5PPS          equ	3877	;# 
  2220     0F26                     RC6PPS          equ	3878	;# 
  2221     0F27                     RC7PPS          equ	3879	;# 
  2222     0F28                     RD0PPS          equ	3880	;# 
  2223     0F29                     RD1PPS          equ	3881	;# 
  2224     0F2A                     RD2PPS          equ	3882	;# 
  2225     0F2B                     RD3PPS          equ	3883	;# 
  2226     0F2C                     RD4PPS          equ	3884	;# 
  2227     0F2D                     RD5PPS          equ	3885	;# 
  2228     0F2E                     RD6PPS          equ	3886	;# 
  2229     0F2F                     RD7PPS          equ	3887	;# 
  2230     0F30                     RE0PPS          equ	3888	;# 
  2231     0F31                     RE1PPS          equ	3889	;# 
  2232     0F32                     RE2PPS          equ	3890	;# 
  2233     0F38                     ANSELA          equ	3896	;# 
  2234     0F39                     WPUA            equ	3897	;# 
  2235     0F3A                     ODCONA          equ	3898	;# 
  2236     0F3B                     SLRCONA         equ	3899	;# 
  2237     0F3C                     INLVLA          equ	3900	;# 
  2238     0F3D                     IOCAP           equ	3901	;# 
  2239     0F3E                     IOCAN           equ	3902	;# 
  2240     0F3F                     IOCAF           equ	3903	;# 
  2241     0F40                     CCDNA           equ	3904	;# 
  2242     0F41                     CCDPA           equ	3905	;# 
  2243     0F43                     ANSELB          equ	3907	;# 
  2244     0F44                     WPUB            equ	3908	;# 
  2245     0F45                     ODCONB          equ	3909	;# 
  2246     0F46                     SLRCONB         equ	3910	;# 
  2247     0F47                     INLVLB          equ	3911	;# 
  2248     0F48                     IOCBP           equ	3912	;# 
  2249     0F49                     IOCBN           equ	3913	;# 
  2250     0F4A                     IOCBF           equ	3914	;# 
  2251     0F4B                     CCDNB           equ	3915	;# 
  2252     0F4C                     CCDPB           equ	3916	;# 
  2253     0F4E                     ANSELC          equ	3918	;# 
  2254     0F4F                     WPUC            equ	3919	;# 
  2255     0F50                     ODCONC          equ	3920	;# 
  2256     0F51                     SLRCONC         equ	3921	;# 
  2257     0F52                     INLVLC          equ	3922	;# 
  2258     0F53                     IOCCP           equ	3923	;# 
  2259     0F54                     IOCCN           equ	3924	;# 
  2260     0F55                     IOCCF           equ	3925	;# 
  2261     0F56                     CCDNC           equ	3926	;# 
  2262     0F57                     CCDPC           equ	3927	;# 
  2263     0F59                     ANSELD          equ	3929	;# 
  2264     0F5A                     WPUD            equ	3930	;# 
  2265     0F5B                     ODCOND          equ	3931	;# 
  2266     0F5C                     SLRCOND         equ	3932	;# 
  2267     0F5D                     INLVLD          equ	3933	;# 
  2268     0F61                     CCDND           equ	3937	;# 
  2269     0F62                     CCDPD           equ	3938	;# 
  2270     0F64                     ANSELE          equ	3940	;# 
  2271     0F65                     WPUE            equ	3941	;# 
  2272     0F66                     ODCONE          equ	3942	;# 
  2273     0F67                     SLRCONE         equ	3943	;# 
  2274     0F68                     INLVLE          equ	3944	;# 
  2275     0F69                     IOCEP           equ	3945	;# 
  2276     0F6A                     IOCEN           equ	3946	;# 
  2277     0F6B                     IOCEF           equ	3947	;# 
  2278     0F6C                     CCDNE           equ	3948	;# 
  2279     0F6D                     CCDPE           equ	3949	;# 
  2280     0FE4                     STATUS_SHAD     equ	4068	;# 
  2281     0FE5                     WREG_SHAD       equ	4069	;# 
  2282     0FE6                     BSR_SHAD        equ	4070	;# 
  2283     0FE7                     PCLATH_SHAD     equ	4071	;# 
  2284     0FE8                     FSR0L_SHAD      equ	4072	;# 
  2285     0FE9                     FSR0H_SHAD      equ	4073	;# 
  2286     0FEA                     FSR1L_SHAD      equ	4074	;# 
  2287     0FEB                     FSR1H_SHAD      equ	4075	;# 
  2288     0FED                     STKPTR          equ	4077	;# 
  2289     0FEE                     TOSL            equ	4078	;# 
  2290     0FEF                     TOSH            equ	4079	;# 
  2291     0000                     INDF0           equ	0	;# 
  2292     0001                     INDF1           equ	1	;# 
  2293     0002                     PCL             equ	2	;# 
  2294     0003                     STATUS          equ	3	;# 
  2295     0004                     FSR0L           equ	4	;# 
  2296     0005                     FSR0H           equ	5	;# 
  2297     0006                     FSR1L           equ	6	;# 
  2298     0007                     FSR1H           equ	7	;# 
  2299     0008                     BSR             equ	8	;# 
  2300     0009                     WREG            equ	9	;# 
  2301     000A                     PCLATH          equ	10	;# 
  2302     000B                     INTCON          equ	11	;# 
  2303     000C                     PORTA           equ	12	;# 
  2304     000D                     PORTB           equ	13	;# 
  2305     000E                     PORTC           equ	14	;# 
  2306     000F                     PORTD           equ	15	;# 
  2307     0010                     PORTE           equ	16	;# 
  2308     0011                     TRISA           equ	17	;# 
  2309     0012                     TRISB           equ	18	;# 
  2310     0013                     TRISC           equ	19	;# 
  2311     0014                     TRISD           equ	20	;# 
  2312     0015                     TRISE           equ	21	;# 
  2313     0016                     LATA            equ	22	;# 
  2314     0017                     LATB            equ	23	;# 
  2315     0018                     LATC            equ	24	;# 
  2316     0019                     LATD            equ	25	;# 
  2317     001A                     LATE            equ	26	;# 
  2318     001C                     TMR0L           equ	28	;# 
  2319     001C                     TMR0            equ	28	;# 
  2320     001D                     TMR0H           equ	29	;# 
  2321     001D                     PR0             equ	29	;# 
  2322     001E                     T0CON0          equ	30	;# 
  2323     001F                     T0CON1          equ	31	;# 
  2324     008C                     ADRES           equ	140	;# 
  2325     008C                     ADRESL          equ	140	;# 
  2326     008D                     ADRESH          equ	141	;# 
  2327     008E                     ADPREV          equ	142	;# 
  2328     008E                     ADPREVL         equ	142	;# 
  2329     008F                     ADPREVH         equ	143	;# 
  2330     0090                     ADACC           equ	144	;# 
  2331     0090                     ADACCL          equ	144	;# 
  2332     0091                     ADACCH          equ	145	;# 
  2333     0093                     ADCON0          equ	147	;# 
  2334     0094                     ADCON1          equ	148	;# 
  2335     0095                     ADCON2          equ	149	;# 
  2336     0096                     ADCON3          equ	150	;# 
  2337     0097                     ADSTAT          equ	151	;# 
  2338     0098                     ADCLK           equ	152	;# 
  2339     0099                     ADACT           equ	153	;# 
  2340     009A                     ADREF           equ	154	;# 
  2341     009B                     ADCAP           equ	155	;# 
  2342     009C                     ADPRE           equ	156	;# 
  2343     009D                     ADACQ           equ	157	;# 
  2344     009E                     ADPCH           equ	158	;# 
  2345     010C                     ADCNT           equ	268	;# 
  2346     010D                     ADRPT           equ	269	;# 
  2347     010E                     ADLTH           equ	270	;# 
  2348     010E                     ADLTHL          equ	270	;# 
  2349     010F                     ADLTHH          equ	271	;# 
  2350     0110                     ADUTH           equ	272	;# 
  2351     0110                     ADUTHL          equ	272	;# 
  2352     0111                     ADUTHH          equ	273	;# 
  2353     0112                     ADSTPT          equ	274	;# 
  2354     0112                     ADSTPTL         equ	274	;# 
  2355     0113                     ADSTPTH         equ	275	;# 
  2356     0114                     ADFLTR          equ	276	;# 
  2357     0114                     ADFLTRL         equ	276	;# 
  2358     0115                     ADFLTRH         equ	277	;# 
  2359     0116                     ADERR           equ	278	;# 
  2360     0116                     ADERRL          equ	278	;# 
  2361     0117                     ADERRH          equ	279	;# 
  2362     0119                     RC1REG          equ	281	;# 
  2363     0119                     RCREG           equ	281	;# 
  2364     0119                     RCREG1          equ	281	;# 
  2365     011A                     TX1REG          equ	282	;# 
  2366     011A                     TXREG1          equ	282	;# 
  2367     011A                     TXREG           equ	282	;# 
  2368     011B                     SP1BRG          equ	283	;# 
  2369     011B                     SP1BRGL         equ	283	;# 
  2370     011B                     SPBRG           equ	283	;# 
  2371     011B                     SPBRG1          equ	283	;# 
  2372     011B                     SPBRGL          equ	283	;# 
  2373     011C                     SP1BRGH         equ	284	;# 
  2374     011C                     SPBRGH          equ	284	;# 
  2375     011C                     SPBRGH1         equ	284	;# 
  2376     011D                     RC1STA          equ	285	;# 
  2377     011D                     RCSTA1          equ	285	;# 
  2378     011D                     RCSTA           equ	285	;# 
  2379     011E                     TX1STA          equ	286	;# 
  2380     011E                     TXSTA1          equ	286	;# 
  2381     011E                     TXSTA           equ	286	;# 
  2382     011F                     BAUD1CON        equ	287	;# 
  2383     011F                     BAUDCON1        equ	287	;# 
  2384     011F                     BAUDCTL1        equ	287	;# 
  2385     011F                     BAUDCON         equ	287	;# 
  2386     011F                     BAUDCTL         equ	287	;# 
  2387     018C                     SSP1BUF         equ	396	;# 
  2388     018D                     SSP1ADD         equ	397	;# 
  2389     018E                     SSP1MSK         equ	398	;# 
  2390     018F                     SSP1STAT        equ	399	;# 
  2391     0190                     SSP1CON1        equ	400	;# 
  2392     0191                     SSP1CON2        equ	401	;# 
  2393     0192                     SSP1CON3        equ	402	;# 
  2394     0196                     SSP2BUF         equ	406	;# 
  2395     0197                     SSP2ADD         equ	407	;# 
  2396     0198                     SSP2MSK         equ	408	;# 
  2397     0199                     SSP2STAT        equ	409	;# 
  2398     019A                     SSP2CON1        equ	410	;# 
  2399     019B                     SSP2CON2        equ	411	;# 
  2400     019C                     SSP2CON3        equ	412	;# 
  2401     020C                     TMR1            equ	524	;# 
  2402     020C                     TMR1L           equ	524	;# 
  2403     020D                     TMR1H           equ	525	;# 
  2404     020E                     T1CON           equ	526	;# 
  2405     020F                     T1GCON          equ	527	;# 
  2406     020F                     PR1             equ	527	;# 
  2407     0210                     T1GATE          equ	528	;# 
  2408     0210                     TMR1GATE        equ	528	;# 
  2409     0211                     T1CLK           equ	529	;# 
  2410     0211                     TMR1CLK         equ	529	;# 
  2411     0212                     TMR3            equ	530	;# 
  2412     0212                     TMR3L           equ	530	;# 
  2413     0213                     TMR3H           equ	531	;# 
  2414     0214                     T3CON           equ	532	;# 
  2415     0215                     T3GCON          equ	533	;# 
  2416     0215                     PR3             equ	533	;# 
  2417     0216                     T3GATE          equ	534	;# 
  2418     0216                     TMR3GATE        equ	534	;# 
  2419     0217                     T3CLK           equ	535	;# 
  2420     0217                     TMR3CLK         equ	535	;# 
  2421     0218                     TMR5            equ	536	;# 
  2422     0218                     TMR5L           equ	536	;# 
  2423     0219                     TMR5H           equ	537	;# 
  2424     021A                     T5CON           equ	538	;# 
  2425     021B                     T5GCON          equ	539	;# 
  2426     021B                     PR5             equ	539	;# 
  2427     021C                     T5GATE          equ	540	;# 
  2428     021C                     TMR5GATE        equ	540	;# 
  2429     021D                     T5CLK           equ	541	;# 
  2430     021D                     TMR5CLK         equ	541	;# 
  2431     021E                     CCPTMRS0        equ	542	;# 
  2432     021F                     CCPTMRS1        equ	543	;# 
  2433     028C                     T2TMR           equ	652	;# 
  2434     028C                     TMR2            equ	652	;# 
  2435     028D                     T2PR            equ	653	;# 
  2436     028D                     PR2             equ	653	;# 
  2437     028E                     T2CON           equ	654	;# 
  2438     028F                     T2HLT           equ	655	;# 
  2439     0290                     T2CLKCON        equ	656	;# 
  2440     0290                     T2CLK           equ	656	;# 
  2441     0291                     T2RST           equ	657	;# 
  2442     0292                     T4TMR           equ	658	;# 
  2443     0292                     TMR4            equ	658	;# 
  2444     0293                     T4PR            equ	659	;# 
  2445     0293                     PR4             equ	659	;# 
  2446     0294                     T4CON           equ	660	;# 
  2447     0295                     T4HLT           equ	661	;# 
  2448     0296                     T4CLKCON        equ	662	;# 
  2449     0296                     T4CLK           equ	662	;# 
  2450     0297                     T4RST           equ	663	;# 
  2451     0298                     T6TMR           equ	664	;# 
  2452     0298                     TMR6            equ	664	;# 
  2453     0299                     T6PR            equ	665	;# 
  2454     0299                     PR6             equ	665	;# 
  2455     029A                     T6CON           equ	666	;# 
  2456     029B                     T6HLT           equ	667	;# 
  2457     029C                     T6CLKCON        equ	668	;# 
  2458     029C                     T6CLK           equ	668	;# 
  2459     029D                     T6RST           equ	669	;# 
  2460     030C                     CCPR1           equ	780	;# 
  2461     030C                     CCPR1L          equ	780	;# 
  2462     030D                     CCPR1H          equ	781	;# 
  2463     030E                     CCP1CON         equ	782	;# 
  2464     030F                     CCP1CAP         equ	783	;# 
  2465     0310                     CCPR2           equ	784	;# 
  2466     0310                     CCPR2L          equ	784	;# 
  2467     0311                     CCPR2H          equ	785	;# 
  2468     0312                     CCP2CON         equ	786	;# 
  2469     0313                     CCP2CAP         equ	787	;# 
  2470     0314                     CCPR3           equ	788	;# 
  2471     0314                     CCPR3L          equ	788	;# 
  2472     0315                     CCPR3H          equ	789	;# 
  2473     0316                     CCP3CON         equ	790	;# 
  2474     0317                     CCP3CAP         equ	791	;# 
  2475     0318                     CCPR4           equ	792	;# 
  2476     0318                     CCPR4L          equ	792	;# 
  2477     0319                     CCPR4H          equ	793	;# 
  2478     031A                     CCP4CON         equ	794	;# 
  2479     031B                     CCP4CAP         equ	795	;# 
  2480     031C                     CCPR5           equ	796	;# 
  2481     031C                     CCPR5L          equ	796	;# 
  2482     031D                     CCPR5H          equ	797	;# 
  2483     031E                     CCP5CON         equ	798	;# 
  2484     031F                     CCP5CAP         equ	799	;# 
  2485     038C                     PWM6DC          equ	908	;# 
  2486     038C                     PWM6DCL         equ	908	;# 
  2487     038D                     PWM6DCH         equ	909	;# 
  2488     038E                     PWM6CON         equ	910	;# 
  2489     0390                     PWM7DC          equ	912	;# 
  2490     0390                     PWM7DCL         equ	912	;# 
  2491     0391                     PWM7DCH         equ	913	;# 
  2492     0392                     PWM7CON         equ	914	;# 
  2493     040C                     SCANLADRL       equ	1036	;# 
  2494     040D                     SCANLADRH       equ	1037	;# 
  2495     040E                     SCANHADRL       equ	1038	;# 
  2496     040F                     SCANHADRH       equ	1039	;# 
  2497     0410                     SCANCON0        equ	1040	;# 
  2498     0411                     SCANTRIG        equ	1041	;# 
  2499     0416                     CRCDATA         equ	1046	;# 
  2500     0416                     CRCDATL         equ	1046	;# 
  2501     0417                     CRCDATH         equ	1047	;# 
  2502     0418                     CRCACC          equ	1048	;# 
  2503     0418                     CRCACCL         equ	1048	;# 
  2504     0419                     CRCACCH         equ	1049	;# 
  2505     041A                     CRCSHFT         equ	1050	;# 
  2506     041A                     CRCSHIFTL       equ	1050	;# 
  2507     041B                     CRCSHIFTH       equ	1051	;# 
  2508     041C                     CRCXOR          equ	1052	;# 
  2509     041C                     CRCXORL         equ	1052	;# 
  2510     041D                     CRCXORH         equ	1053	;# 
  2511     041E                     CRCCON0         equ	1054	;# 
  2512     041F                     CRCCON1         equ	1055	;# 
  2513     048C                     SMT1TMR         equ	1164	;# 
  2514     048C                     SMT1TMRL        equ	1164	;# 
  2515     048D                     SMT1TMRH        equ	1165	;# 
  2516     048E                     SMT1TMRU        equ	1166	;# 
  2517     048F                     SMT1CPR         equ	1167	;# 
  2518     048F                     SMT1CPRL        equ	1167	;# 
  2519     0490                     SMT1CPRH        equ	1168	;# 
  2520     0491                     SMT1CPRU        equ	1169	;# 
  2521     0492                     SMT1CPW         equ	1170	;# 
  2522     0492                     SMT1CPWL        equ	1170	;# 
  2523     0493                     SMT1CPWH        equ	1171	;# 
  2524     0494                     SMT1CPWU        equ	1172	;# 
  2525     0495                     SMT1PR          equ	1173	;# 
  2526     0495                     SMT1PRL         equ	1173	;# 
  2527     0496                     SMT1PRH         equ	1174	;# 
  2528     0497                     SMT1PRU         equ	1175	;# 
  2529     0498                     SMT1CON0        equ	1176	;# 
  2530     0499                     SMT1CON1        equ	1177	;# 
  2531     049A                     SMT1STAT        equ	1178	;# 
  2532     049B                     SMT1CLK         equ	1179	;# 
  2533     049C                     SMT1SIG         equ	1180	;# 
  2534     049D                     SMT1WIN         equ	1181	;# 
  2535     050C                     SMT2TMR         equ	1292	;# 
  2536     050C                     SMT2TMRL        equ	1292	;# 
  2537     050D                     SMT2TMRH        equ	1293	;# 
  2538     050E                     SMT2TMRU        equ	1294	;# 
  2539     050F                     SMT2CPR         equ	1295	;# 
  2540     050F                     SMT2CPRL        equ	1295	;# 
  2541     0510                     SMT2CPRH        equ	1296	;# 
  2542     0511                     SMT2CPRU        equ	1297	;# 
  2543     0512                     SMT2CPW         equ	1298	;# 
  2544     0512                     SMT2CPWL        equ	1298	;# 
  2545     0513                     SMT2CPWH        equ	1299	;# 
  2546     0514                     SMT2CPWU        equ	1300	;# 
  2547     0515                     SMT2PR          equ	1301	;# 
  2548     0515                     SMT2PRL         equ	1301	;# 
  2549     0516                     SMT2PRH         equ	1302	;# 
  2550     0517                     SMT2PRU         equ	1303	;# 
  2551     0518                     SMT2CON0        equ	1304	;# 
  2552     0519                     SMT2CON1        equ	1305	;# 
  2553     051A                     SMT2STAT        equ	1306	;# 
  2554     051B                     SMT2CLK         equ	1307	;# 
  2555     051C                     SMT2SIG         equ	1308	;# 
  2556     051D                     SMT2WIN         equ	1309	;# 
  2557     058C                     NCO1ACC         equ	1420	;# 
  2558     058C                     NCO1ACCL        equ	1420	;# 
  2559     058D                     NCO1ACCH        equ	1421	;# 
  2560     058E                     NCO1ACCU        equ	1422	;# 
  2561     058F                     NCO1INC         equ	1423	;# 
  2562     058F                     NCO1INCL        equ	1423	;# 
  2563     0590                     NCO1INCH        equ	1424	;# 
  2564     0591                     NCO1INCU        equ	1425	;# 
  2565     0592                     NCO1CON         equ	1426	;# 
  2566     0593                     NCO1CLK         equ	1427	;# 
  2567     060C                     CWG1CLKCON      equ	1548	;# 
  2568     060D                     CWG1ISM         equ	1549	;# 
  2569     060E                     CWG1DBR         equ	1550	;# 
  2570     060F                     CWG1DBF         equ	1551	;# 
  2571     0610                     CWG1CON0        equ	1552	;# 
  2572     0611                     CWG1CON1        equ	1553	;# 
  2573     0612                     CWG1AS0         equ	1554	;# 
  2574     0613                     CWG1AS1         equ	1555	;# 
  2575     0614                     CWG1STR         equ	1556	;# 
  2576     0616                     CWG2CLKCON      equ	1558	;# 
  2577     0617                     CWG2ISM         equ	1559	;# 
  2578     0618                     CWG2DBR         equ	1560	;# 
  2579     0619                     CWG2DBF         equ	1561	;# 
  2580     061A                     CWG2CON0        equ	1562	;# 
  2581     061B                     CWG2CON1        equ	1563	;# 
  2582     061C                     CWG2AS0         equ	1564	;# 
  2583     061D                     CWG2AS1         equ	1565	;# 
  2584     061E                     CWG2STR         equ	1566	;# 
  2585     068C                     CWG3CLKCON      equ	1676	;# 
  2586     068D                     CWG3ISM         equ	1677	;# 
  2587     068E                     CWG3DBR         equ	1678	;# 
  2588     068F                     CWG3DBF         equ	1679	;# 
  2589     0690                     CWG3CON0        equ	1680	;# 
  2590     0691                     CWG3CON1        equ	1681	;# 
  2591     0692                     CWG3AS0         equ	1682	;# 
  2592     0693                     CWG3AS1         equ	1683	;# 
  2593     0694                     CWG3STR         equ	1684	;# 
  2594     070C                     PIR0            equ	1804	;# 
  2595     070D                     PIR1            equ	1805	;# 
  2596     070E                     PIR2            equ	1806	;# 
  2597     070F                     PIR3            equ	1807	;# 
  2598     0710                     PIR4            equ	1808	;# 
  2599     0711                     PIR5            equ	1809	;# 
  2600     0712                     PIR6            equ	1810	;# 
  2601     0713                     PIR7            equ	1811	;# 
  2602     0714                     PIR8            equ	1812	;# 
  2603     0716                     PIE0            equ	1814	;# 
  2604     0717                     PIE1            equ	1815	;# 
  2605     0718                     PIE2            equ	1816	;# 
  2606     0719                     PIE3            equ	1817	;# 
  2607     071A                     PIE4            equ	1818	;# 
  2608     071B                     PIE5            equ	1819	;# 
  2609     071C                     PIE6            equ	1820	;# 
  2610     071D                     PIE7            equ	1821	;# 
  2611     071E                     PIE8            equ	1822	;# 
  2612     0796                     PMD0            equ	1942	;# 
  2613     0797                     PMD1            equ	1943	;# 
  2614     0798                     PMD2            equ	1944	;# 
  2615     0799                     PMD3            equ	1945	;# 
  2616     079A                     PMD4            equ	1946	;# 
  2617     079B                     PMD5            equ	1947	;# 
  2618     080C                     WDTCON0         equ	2060	;# 
  2619     080D                     WDTCON1         equ	2061	;# 
  2620     080E                     WDTPSL          equ	2062	;# 
  2621     080F                     WDTPSH          equ	2063	;# 
  2622     0810                     WDTTMR          equ	2064	;# 
  2623     0811                     BORCON          equ	2065	;# 
  2624     0812                     VREGCON         equ	2066	;# 
  2625     0813                     PCON0           equ	2067	;# 
  2626     0814                     CCDCON          equ	2068	;# 
  2627     081A                     NVMADRL         equ	2074	;# 
  2628     081B                     NVMADRH         equ	2075	;# 
  2629     081C                     NVMDATL         equ	2076	;# 
  2630     081D                     NVMDATH         equ	2077	;# 
  2631     081E                     NVMCON1         equ	2078	;# 
  2632     081F                     NVMCON2         equ	2079	;# 
  2633     088C                     CPUDOZE         equ	2188	;# 
  2634     088D                     OSCCON1         equ	2189	;# 
  2635     088E                     OSCCON2         equ	2190	;# 
  2636     088F                     OSCCON3         equ	2191	;# 
  2637     0890                     OSCSTAT         equ	2192	;# 
  2638     0891                     OSCEN           equ	2193	;# 
  2639     0892                     OSCTUNE         equ	2194	;# 
  2640     0893                     OSCFRQ          equ	2195	;# 
  2641     0895                     CLKRCON         equ	2197	;# 
  2642     0896                     CLKRCLK         equ	2198	;# 
  2643     0897                     MDCON0          equ	2199	;# 
  2644     0898                     MDCON1          equ	2200	;# 
  2645     0899                     MDSRC           equ	2201	;# 
  2646     089A                     MDCARL          equ	2202	;# 
  2647     089B                     MDCARH          equ	2203	;# 
  2648     090C                     FVRCON          equ	2316	;# 
  2649     090E                     DAC1CON0        equ	2318	;# 
  2650     090F                     DAC1CON1        equ	2319	;# 
  2651     091F                     ZCD1CON         equ	2335	;# 
  2652     091F                     ZCDCON          equ	2335	;# 
  2653     098F                     CMOUT           equ	2447	;# 
  2654     098F                     CMSTAT          equ	2447	;# 
  2655     0990                     CM1CON0         equ	2448	;# 
  2656     0991                     CM1CON1         equ	2449	;# 
  2657     0992                     CM1NSEL         equ	2450	;# 
  2658     0993                     CM1PSEL         equ	2451	;# 
  2659     0994                     CM2CON0         equ	2452	;# 
  2660     0995                     CM2CON1         equ	2453	;# 
  2661     0996                     CM2NSEL         equ	2454	;# 
  2662     0997                     CM2PSEL         equ	2455	;# 
  2663     0E0F                     CLCDATA         equ	3599	;# 
  2664     0E10                     CLC1CON         equ	3600	;# 
  2665     0E11                     CLC1POL         equ	3601	;# 
  2666     0E12                     CLC1SEL0        equ	3602	;# 
  2667     0E13                     CLC1SEL1        equ	3603	;# 
  2668     0E14                     CLC1SEL2        equ	3604	;# 
  2669     0E15                     CLC1SEL3        equ	3605	;# 
  2670     0E16                     CLC1GLS0        equ	3606	;# 
  2671     0E17                     CLC1GLS1        equ	3607	;# 
  2672     0E18                     CLC1GLS2        equ	3608	;# 
  2673     0E19                     CLC1GLS3        equ	3609	;# 
  2674     0E1A                     CLC2CON         equ	3610	;# 
  2675     0E1B                     CLC2POL         equ	3611	;# 
  2676     0E1C                     CLC2SEL0        equ	3612	;# 
  2677     0E1D                     CLC2SEL1        equ	3613	;# 
  2678     0E1E                     CLC2SEL2        equ	3614	;# 
  2679     0E1F                     CLC2SEL3        equ	3615	;# 
  2680     0E20                     CLC2GLS0        equ	3616	;# 
  2681     0E21                     CLC2GLS1        equ	3617	;# 
  2682     0E22                     CLC2GLS2        equ	3618	;# 
  2683     0E23                     CLC2GLS3        equ	3619	;# 
  2684     0E24                     CLC3CON         equ	3620	;# 
  2685     0E25                     CLC3POL         equ	3621	;# 
  2686     0E26                     CLC3SEL0        equ	3622	;# 
  2687     0E27                     CLC3SEL1        equ	3623	;# 
  2688     0E28                     CLC3SEL2        equ	3624	;# 
  2689     0E29                     CLC3SEL3        equ	3625	;# 
  2690     0E2A                     CLC3GLS0        equ	3626	;# 
  2691     0E2B                     CLC3GLS1        equ	3627	;# 
  2692     0E2C                     CLC3GLS2        equ	3628	;# 
  2693     0E2D                     CLC3GLS3        equ	3629	;# 
  2694     0E2E                     CLC4CON         equ	3630	;# 
  2695     0E2F                     CLC4POL         equ	3631	;# 
  2696     0E30                     CLC4SEL0        equ	3632	;# 
  2697     0E31                     CLC4SEL1        equ	3633	;# 
  2698     0E32                     CLC4SEL2        equ	3634	;# 
  2699     0E33                     CLC4SEL3        equ	3635	;# 
  2700     0E34                     CLC4GLS0        equ	3636	;# 
  2701     0E35                     CLC4GLS1        equ	3637	;# 
  2702     0E36                     CLC4GLS2        equ	3638	;# 
  2703     0E37                     CLC4GLS3        equ	3639	;# 
  2704     0E8F                     PPSLOCK         equ	3727	;# 
  2705     0E90                     INTPPS          equ	3728	;# 
  2706     0E91                     T0CKIPPS        equ	3729	;# 
  2707     0E92                     T1CKIPPS        equ	3730	;# 
  2708     0E93                     T1GPPS          equ	3731	;# 
  2709     0E94                     T3CKIPPS        equ	3732	;# 
  2710     0E95                     T3GPPS          equ	3733	;# 
  2711     0E96                     T5CKIPPS        equ	3734	;# 
  2712     0E97                     T5GPPS          equ	3735	;# 
  2713     0E9C                     T2AINPPS        equ	3740	;# 
  2714     0E9D                     T4AINPPS        equ	3741	;# 
  2715     0E9E                     T6AINPPS        equ	3742	;# 
  2716     0EA1                     CCP1PPS         equ	3745	;# 
  2717     0EA2                     CCP2PPS         equ	3746	;# 
  2718     0EA3                     CCP3PPS         equ	3747	;# 
  2719     0EA4                     CCP4PPS         equ	3748	;# 
  2720     0EA5                     CCP5PPS         equ	3749	;# 
  2721     0EA9                     SMT1WINPPS      equ	3753	;# 
  2722     0EAA                     SMT1SIGPPS      equ	3754	;# 
  2723     0EAB                     SMT2WINPPS      equ	3755	;# 
  2724     0EAC                     SMT2SIGPPS      equ	3756	;# 
  2725     0EB1                     CWG1PPS         equ	3761	;# 
  2726     0EB2                     CWG2PPS         equ	3762	;# 
  2727     0EB3                     CWG3PPS         equ	3763	;# 
  2728     0EB8                     MDCARLPPS       equ	3768	;# 
  2729     0EB9                     MDCARHPPS       equ	3769	;# 
  2730     0EBA                     MDSRCPPS        equ	3770	;# 
  2731     0EBB                     CLCIN0PPS       equ	3771	;# 
  2732     0EBC                     CLCIN1PPS       equ	3772	;# 
  2733     0EBD                     CLCIN2PPS       equ	3773	;# 
  2734     0EBE                     CLCIN3PPS       equ	3774	;# 
  2735     0EC3                     ADCACTPPS       equ	3779	;# 
  2736     0EC5                     SSP1CLKPPS      equ	3781	;# 
  2737     0EC6                     SSP1DATPPS      equ	3782	;# 
  2738     0EC7                     SSP1SSPPS       equ	3783	;# 
  2739     0EC8                     SSP2CLKPPS      equ	3784	;# 
  2740     0EC9                     SSP2DATPPS      equ	3785	;# 
  2741     0ECA                     SSP2SSPPS       equ	3786	;# 
  2742     0ECB                     RXPPS           equ	3787	;# 
  2743     0ECC                     TXPPS           equ	3788	;# 
  2744     0F10                     RA0PPS          equ	3856	;# 
  2745     0F11                     RA1PPS          equ	3857	;# 
  2746     0F12                     RA2PPS          equ	3858	;# 
  2747     0F13                     RA3PPS          equ	3859	;# 
  2748     0F14                     RA4PPS          equ	3860	;# 
  2749     0F15                     RA5PPS          equ	3861	;# 
  2750     0F16                     RA6PPS          equ	3862	;# 
  2751     0F17                     RA7PPS          equ	3863	;# 
  2752     0F18                     RB0PPS          equ	3864	;# 
  2753     0F19                     RB1PPS          equ	3865	;# 
  2754     0F1A                     RB2PPS          equ	3866	;# 
  2755     0F1B                     RB3PPS          equ	3867	;# 
  2756     0F1C                     RB4PPS          equ	3868	;# 
  2757     0F1D                     RB5PPS          equ	3869	;# 
  2758     0F1E                     RB6PPS          equ	3870	;# 
  2759     0F1F                     RB7PPS          equ	3871	;# 
  2760     0F20                     RC0PPS          equ	3872	;# 
  2761     0F21                     RC1PPS          equ	3873	;# 
  2762     0F22                     RC2PPS          equ	3874	;# 
  2763     0F23                     RC3PPS          equ	3875	;# 
  2764     0F24                     RC4PPS          equ	3876	;# 
  2765     0F25                     RC5PPS          equ	3877	;# 
  2766     0F26                     RC6PPS          equ	3878	;# 
  2767     0F27                     RC7PPS          equ	3879	;# 
  2768     0F28                     RD0PPS          equ	3880	;# 
  2769     0F29                     RD1PPS          equ	3881	;# 
  2770     0F2A                     RD2PPS          equ	3882	;# 
  2771     0F2B                     RD3PPS          equ	3883	;# 
  2772     0F2C                     RD4PPS          equ	3884	;# 
  2773     0F2D                     RD5PPS          equ	3885	;# 
  2774     0F2E                     RD6PPS          equ	3886	;# 
  2775     0F2F                     RD7PPS          equ	3887	;# 
  2776     0F30                     RE0PPS          equ	3888	;# 
  2777     0F31                     RE1PPS          equ	3889	;# 
  2778     0F32                     RE2PPS          equ	3890	;# 
  2779     0F38                     ANSELA          equ	3896	;# 
  2780     0F39                     WPUA            equ	3897	;# 
  2781     0F3A                     ODCONA          equ	3898	;# 
  2782     0F3B                     SLRCONA         equ	3899	;# 
  2783     0F3C                     INLVLA          equ	3900	;# 
  2784     0F3D                     IOCAP           equ	3901	;# 
  2785     0F3E                     IOCAN           equ	3902	;# 
  2786     0F3F                     IOCAF           equ	3903	;# 
  2787     0F40                     CCDNA           equ	3904	;# 
  2788     0F41                     CCDPA           equ	3905	;# 
  2789     0F43                     ANSELB          equ	3907	;# 
  2790     0F44                     WPUB            equ	3908	;# 
  2791     0F45                     ODCONB          equ	3909	;# 
  2792     0F46                     SLRCONB         equ	3910	;# 
  2793     0F47                     INLVLB          equ	3911	;# 
  2794     0F48                     IOCBP           equ	3912	;# 
  2795     0F49                     IOCBN           equ	3913	;# 
  2796     0F4A                     IOCBF           equ	3914	;# 
  2797     0F4B                     CCDNB           equ	3915	;# 
  2798     0F4C                     CCDPB           equ	3916	;# 
  2799     0F4E                     ANSELC          equ	3918	;# 
  2800     0F4F                     WPUC            equ	3919	;# 
  2801     0F50                     ODCONC          equ	3920	;# 
  2802     0F51                     SLRCONC         equ	3921	;# 
  2803     0F52                     INLVLC          equ	3922	;# 
  2804     0F53                     IOCCP           equ	3923	;# 
  2805     0F54                     IOCCN           equ	3924	;# 
  2806     0F55                     IOCCF           equ	3925	;# 
  2807     0F56                     CCDNC           equ	3926	;# 
  2808     0F57                     CCDPC           equ	3927	;# 
  2809     0F59                     ANSELD          equ	3929	;# 
  2810     0F5A                     WPUD            equ	3930	;# 
  2811     0F5B                     ODCOND          equ	3931	;# 
  2812     0F5C                     SLRCOND         equ	3932	;# 
  2813     0F5D                     INLVLD          equ	3933	;# 
  2814     0F61                     CCDND           equ	3937	;# 
  2815     0F62                     CCDPD           equ	3938	;# 
  2816     0F64                     ANSELE          equ	3940	;# 
  2817     0F65                     WPUE            equ	3941	;# 
  2818     0F66                     ODCONE          equ	3942	;# 
  2819     0F67                     SLRCONE         equ	3943	;# 
  2820     0F68                     INLVLE          equ	3944	;# 
  2821     0F69                     IOCEP           equ	3945	;# 
  2822     0F6A                     IOCEN           equ	3946	;# 
  2823     0F6B                     IOCEF           equ	3947	;# 
  2824     0F6C                     CCDNE           equ	3948	;# 
  2825     0F6D                     CCDPE           equ	3949	;# 
  2826     0FE4                     STATUS_SHAD     equ	4068	;# 
  2827     0FE5                     WREG_SHAD       equ	4069	;# 
  2828     0FE6                     BSR_SHAD        equ	4070	;# 
  2829     0FE7                     PCLATH_SHAD     equ	4071	;# 
  2830     0FE8                     FSR0L_SHAD      equ	4072	;# 
  2831     0FE9                     FSR0H_SHAD      equ	4073	;# 
  2832     0FEA                     FSR1L_SHAD      equ	4074	;# 
  2833     0FEB                     FSR1H_SHAD      equ	4075	;# 
  2834     0FED                     STKPTR          equ	4077	;# 
  2835     0FEE                     TOSL            equ	4078	;# 
  2836     0FEF                     TOSH            equ	4079	;# 
  2837     0000                     INDF0           equ	0	;# 
  2838     0001                     INDF1           equ	1	;# 
  2839     0002                     PCL             equ	2	;# 
  2840     0003                     STATUS          equ	3	;# 
  2841     0004                     FSR0L           equ	4	;# 
  2842     0005                     FSR0H           equ	5	;# 
  2843     0006                     FSR1L           equ	6	;# 
  2844     0007                     FSR1H           equ	7	;# 
  2845     0008                     BSR             equ	8	;# 
  2846     0009                     WREG            equ	9	;# 
  2847     000A                     PCLATH          equ	10	;# 
  2848     000B                     INTCON          equ	11	;# 
  2849     000C                     PORTA           equ	12	;# 
  2850     000D                     PORTB           equ	13	;# 
  2851     000E                     PORTC           equ	14	;# 
  2852     000F                     PORTD           equ	15	;# 
  2853     0010                     PORTE           equ	16	;# 
  2854     0011                     TRISA           equ	17	;# 
  2855     0012                     TRISB           equ	18	;# 
  2856     0013                     TRISC           equ	19	;# 
  2857     0014                     TRISD           equ	20	;# 
  2858     0015                     TRISE           equ	21	;# 
  2859     0016                     LATA            equ	22	;# 
  2860     0017                     LATB            equ	23	;# 
  2861     0018                     LATC            equ	24	;# 
  2862     0019                     LATD            equ	25	;# 
  2863     001A                     LATE            equ	26	;# 
  2864     001C                     TMR0L           equ	28	;# 
  2865     001C                     TMR0            equ	28	;# 
  2866     001D                     TMR0H           equ	29	;# 
  2867     001D                     PR0             equ	29	;# 
  2868     001E                     T0CON0          equ	30	;# 
  2869     001F                     T0CON1          equ	31	;# 
  2870     008C                     ADRES           equ	140	;# 
  2871     008C                     ADRESL          equ	140	;# 
  2872     008D                     ADRESH          equ	141	;# 
  2873     008E                     ADPREV          equ	142	;# 
  2874     008E                     ADPREVL         equ	142	;# 
  2875     008F                     ADPREVH         equ	143	;# 
  2876     0090                     ADACC           equ	144	;# 
  2877     0090                     ADACCL          equ	144	;# 
  2878     0091                     ADACCH          equ	145	;# 
  2879     0093                     ADCON0          equ	147	;# 
  2880     0094                     ADCON1          equ	148	;# 
  2881     0095                     ADCON2          equ	149	;# 
  2882     0096                     ADCON3          equ	150	;# 
  2883     0097                     ADSTAT          equ	151	;# 
  2884     0098                     ADCLK           equ	152	;# 
  2885     0099                     ADACT           equ	153	;# 
  2886     009A                     ADREF           equ	154	;# 
  2887     009B                     ADCAP           equ	155	;# 
  2888     009C                     ADPRE           equ	156	;# 
  2889     009D                     ADACQ           equ	157	;# 
  2890     009E                     ADPCH           equ	158	;# 
  2891     010C                     ADCNT           equ	268	;# 
  2892     010D                     ADRPT           equ	269	;# 
  2893     010E                     ADLTH           equ	270	;# 
  2894     010E                     ADLTHL          equ	270	;# 
  2895     010F                     ADLTHH          equ	271	;# 
  2896     0110                     ADUTH           equ	272	;# 
  2897     0110                     ADUTHL          equ	272	;# 
  2898     0111                     ADUTHH          equ	273	;# 
  2899     0112                     ADSTPT          equ	274	;# 
  2900     0112                     ADSTPTL         equ	274	;# 
  2901     0113                     ADSTPTH         equ	275	;# 
  2902     0114                     ADFLTR          equ	276	;# 
  2903     0114                     ADFLTRL         equ	276	;# 
  2904     0115                     ADFLTRH         equ	277	;# 
  2905     0116                     ADERR           equ	278	;# 
  2906     0116                     ADERRL          equ	278	;# 
  2907     0117                     ADERRH          equ	279	;# 
  2908     0119                     RC1REG          equ	281	;# 
  2909     0119                     RCREG           equ	281	;# 
  2910     0119                     RCREG1          equ	281	;# 
  2911     011A                     TX1REG          equ	282	;# 
  2912     011A                     TXREG1          equ	282	;# 
  2913     011A                     TXREG           equ	282	;# 
  2914     011B                     SP1BRG          equ	283	;# 
  2915     011B                     SP1BRGL         equ	283	;# 
  2916     011B                     SPBRG           equ	283	;# 
  2917     011B                     SPBRG1          equ	283	;# 
  2918     011B                     SPBRGL          equ	283	;# 
  2919     011C                     SP1BRGH         equ	284	;# 
  2920     011C                     SPBRGH          equ	284	;# 
  2921     011C                     SPBRGH1         equ	284	;# 
  2922     011D                     RC1STA          equ	285	;# 
  2923     011D                     RCSTA1          equ	285	;# 
  2924     011D                     RCSTA           equ	285	;# 
  2925     011E                     TX1STA          equ	286	;# 
  2926     011E                     TXSTA1          equ	286	;# 
  2927     011E                     TXSTA           equ	286	;# 
  2928     011F                     BAUD1CON        equ	287	;# 
  2929     011F                     BAUDCON1        equ	287	;# 
  2930     011F                     BAUDCTL1        equ	287	;# 
  2931     011F                     BAUDCON         equ	287	;# 
  2932     011F                     BAUDCTL         equ	287	;# 
  2933     018C                     SSP1BUF         equ	396	;# 
  2934     018D                     SSP1ADD         equ	397	;# 
  2935     018E                     SSP1MSK         equ	398	;# 
  2936     018F                     SSP1STAT        equ	399	;# 
  2937     0190                     SSP1CON1        equ	400	;# 
  2938     0191                     SSP1CON2        equ	401	;# 
  2939     0192                     SSP1CON3        equ	402	;# 
  2940     0196                     SSP2BUF         equ	406	;# 
  2941     0197                     SSP2ADD         equ	407	;# 
  2942     0198                     SSP2MSK         equ	408	;# 
  2943     0199                     SSP2STAT        equ	409	;# 
  2944     019A                     SSP2CON1        equ	410	;# 
  2945     019B                     SSP2CON2        equ	411	;# 
  2946     019C                     SSP2CON3        equ	412	;# 
  2947     020C                     TMR1            equ	524	;# 
  2948     020C                     TMR1L           equ	524	;# 
  2949     020D                     TMR1H           equ	525	;# 
  2950     020E                     T1CON           equ	526	;# 
  2951     020F                     T1GCON          equ	527	;# 
  2952     020F                     PR1             equ	527	;# 
  2953     0210                     T1GATE          equ	528	;# 
  2954     0210                     TMR1GATE        equ	528	;# 
  2955     0211                     T1CLK           equ	529	;# 
  2956     0211                     TMR1CLK         equ	529	;# 
  2957     0212                     TMR3            equ	530	;# 
  2958     0212                     TMR3L           equ	530	;# 
  2959     0213                     TMR3H           equ	531	;# 
  2960     0214                     T3CON           equ	532	;# 
  2961     0215                     T3GCON          equ	533	;# 
  2962     0215                     PR3             equ	533	;# 
  2963     0216                     T3GATE          equ	534	;# 
  2964     0216                     TMR3GATE        equ	534	;# 
  2965     0217                     T3CLK           equ	535	;# 
  2966     0217                     TMR3CLK         equ	535	;# 
  2967     0218                     TMR5            equ	536	;# 
  2968     0218                     TMR5L           equ	536	;# 
  2969     0219                     TMR5H           equ	537	;# 
  2970     021A                     T5CON           equ	538	;# 
  2971     021B                     T5GCON          equ	539	;# 
  2972     021B                     PR5             equ	539	;# 
  2973     021C                     T5GATE          equ	540	;# 
  2974     021C                     TMR5GATE        equ	540	;# 
  2975     021D                     T5CLK           equ	541	;# 
  2976     021D                     TMR5CLK         equ	541	;# 
  2977     021E                     CCPTMRS0        equ	542	;# 
  2978     021F                     CCPTMRS1        equ	543	;# 
  2979     028C                     T2TMR           equ	652	;# 
  2980     028C                     TMR2            equ	652	;# 
  2981     028D                     T2PR            equ	653	;# 
  2982     028D                     PR2             equ	653	;# 
  2983     028E                     T2CON           equ	654	;# 
  2984     028F                     T2HLT           equ	655	;# 
  2985     0290                     T2CLKCON        equ	656	;# 
  2986     0290                     T2CLK           equ	656	;# 
  2987     0291                     T2RST           equ	657	;# 
  2988     0292                     T4TMR           equ	658	;# 
  2989     0292                     TMR4            equ	658	;# 
  2990     0293                     T4PR            equ	659	;# 
  2991     0293                     PR4             equ	659	;# 
  2992     0294                     T4CON           equ	660	;# 
  2993     0295                     T4HLT           equ	661	;# 
  2994     0296                     T4CLKCON        equ	662	;# 
  2995     0296                     T4CLK           equ	662	;# 
  2996     0297                     T4RST           equ	663	;# 
  2997     0298                     T6TMR           equ	664	;# 
  2998     0298                     TMR6            equ	664	;# 
  2999     0299                     T6PR            equ	665	;# 
  3000     0299                     PR6             equ	665	;# 
  3001     029A                     T6CON           equ	666	;# 
  3002     029B                     T6HLT           equ	667	;# 
  3003     029C                     T6CLKCON        equ	668	;# 
  3004     029C                     T6CLK           equ	668	;# 
  3005     029D                     T6RST           equ	669	;# 
  3006     030C                     CCPR1           equ	780	;# 
  3007     030C                     CCPR1L          equ	780	;# 
  3008     030D                     CCPR1H          equ	781	;# 
  3009     030E                     CCP1CON         equ	782	;# 
  3010     030F                     CCP1CAP         equ	783	;# 
  3011     0310                     CCPR2           equ	784	;# 
  3012     0310                     CCPR2L          equ	784	;# 
  3013     0311                     CCPR2H          equ	785	;# 
  3014     0312                     CCP2CON         equ	786	;# 
  3015     0313                     CCP2CAP         equ	787	;# 
  3016     0314                     CCPR3           equ	788	;# 
  3017     0314                     CCPR3L          equ	788	;# 
  3018     0315                     CCPR3H          equ	789	;# 
  3019     0316                     CCP3CON         equ	790	;# 
  3020     0317                     CCP3CAP         equ	791	;# 
  3021     0318                     CCPR4           equ	792	;# 
  3022     0318                     CCPR4L          equ	792	;# 
  3023     0319                     CCPR4H          equ	793	;# 
  3024     031A                     CCP4CON         equ	794	;# 
  3025     031B                     CCP4CAP         equ	795	;# 
  3026     031C                     CCPR5           equ	796	;# 
  3027     031C                     CCPR5L          equ	796	;# 
  3028     031D                     CCPR5H          equ	797	;# 
  3029     031E                     CCP5CON         equ	798	;# 
  3030     031F                     CCP5CAP         equ	799	;# 
  3031     038C                     PWM6DC          equ	908	;# 
  3032     038C                     PWM6DCL         equ	908	;# 
  3033     038D                     PWM6DCH         equ	909	;# 
  3034     038E                     PWM6CON         equ	910	;# 
  3035     0390                     PWM7DC          equ	912	;# 
  3036     0390                     PWM7DCL         equ	912	;# 
  3037     0391                     PWM7DCH         equ	913	;# 
  3038     0392                     PWM7CON         equ	914	;# 
  3039     040C                     SCANLADRL       equ	1036	;# 
  3040     040D                     SCANLADRH       equ	1037	;# 
  3041     040E                     SCANHADRL       equ	1038	;# 
  3042     040F                     SCANHADRH       equ	1039	;# 
  3043     0410                     SCANCON0        equ	1040	;# 
  3044     0411                     SCANTRIG        equ	1041	;# 
  3045     0416                     CRCDATA         equ	1046	;# 
  3046     0416                     CRCDATL         equ	1046	;# 
  3047     0417                     CRCDATH         equ	1047	;# 
  3048     0418                     CRCACC          equ	1048	;# 
  3049     0418                     CRCACCL         equ	1048	;# 
  3050     0419                     CRCACCH         equ	1049	;# 
  3051     041A                     CRCSHFT         equ	1050	;# 
  3052     041A                     CRCSHIFTL       equ	1050	;# 
  3053     041B                     CRCSHIFTH       equ	1051	;# 
  3054     041C                     CRCXOR          equ	1052	;# 
  3055     041C                     CRCXORL         equ	1052	;# 
  3056     041D                     CRCXORH         equ	1053	;# 
  3057     041E                     CRCCON0         equ	1054	;# 
  3058     041F                     CRCCON1         equ	1055	;# 
  3059     048C                     SMT1TMR         equ	1164	;# 
  3060     048C                     SMT1TMRL        equ	1164	;# 
  3061     048D                     SMT1TMRH        equ	1165	;# 
  3062     048E                     SMT1TMRU        equ	1166	;# 
  3063     048F                     SMT1CPR         equ	1167	;# 
  3064     048F                     SMT1CPRL        equ	1167	;# 
  3065     0490                     SMT1CPRH        equ	1168	;# 
  3066     0491                     SMT1CPRU        equ	1169	;# 
  3067     0492                     SMT1CPW         equ	1170	;# 
  3068     0492                     SMT1CPWL        equ	1170	;# 
  3069     0493                     SMT1CPWH        equ	1171	;# 
  3070     0494                     SMT1CPWU        equ	1172	;# 
  3071     0495                     SMT1PR          equ	1173	;# 
  3072     0495                     SMT1PRL         equ	1173	;# 
  3073     0496                     SMT1PRH         equ	1174	;# 
  3074     0497                     SMT1PRU         equ	1175	;# 
  3075     0498                     SMT1CON0        equ	1176	;# 
  3076     0499                     SMT1CON1        equ	1177	;# 
  3077     049A                     SMT1STAT        equ	1178	;# 
  3078     049B                     SMT1CLK         equ	1179	;# 
  3079     049C                     SMT1SIG         equ	1180	;# 
  3080     049D                     SMT1WIN         equ	1181	;# 
  3081     050C                     SMT2TMR         equ	1292	;# 
  3082     050C                     SMT2TMRL        equ	1292	;# 
  3083     050D                     SMT2TMRH        equ	1293	;# 
  3084     050E                     SMT2TMRU        equ	1294	;# 
  3085     050F                     SMT2CPR         equ	1295	;# 
  3086     050F                     SMT2CPRL        equ	1295	;# 
  3087     0510                     SMT2CPRH        equ	1296	;# 
  3088     0511                     SMT2CPRU        equ	1297	;# 
  3089     0512                     SMT2CPW         equ	1298	;# 
  3090     0512                     SMT2CPWL        equ	1298	;# 
  3091     0513                     SMT2CPWH        equ	1299	;# 
  3092     0514                     SMT2CPWU        equ	1300	;# 
  3093     0515                     SMT2PR          equ	1301	;# 
  3094     0515                     SMT2PRL         equ	1301	;# 
  3095     0516                     SMT2PRH         equ	1302	;# 
  3096     0517                     SMT2PRU         equ	1303	;# 
  3097     0518                     SMT2CON0        equ	1304	;# 
  3098     0519                     SMT2CON1        equ	1305	;# 
  3099     051A                     SMT2STAT        equ	1306	;# 
  3100     051B                     SMT2CLK         equ	1307	;# 
  3101     051C                     SMT2SIG         equ	1308	;# 
  3102     051D                     SMT2WIN         equ	1309	;# 
  3103     058C                     NCO1ACC         equ	1420	;# 
  3104     058C                     NCO1ACCL        equ	1420	;# 
  3105     058D                     NCO1ACCH        equ	1421	;# 
  3106     058E                     NCO1ACCU        equ	1422	;# 
  3107     058F                     NCO1INC         equ	1423	;# 
  3108     058F                     NCO1INCL        equ	1423	;# 
  3109     0590                     NCO1INCH        equ	1424	;# 
  3110     0591                     NCO1INCU        equ	1425	;# 
  3111     0592                     NCO1CON         equ	1426	;# 
  3112     0593                     NCO1CLK         equ	1427	;# 
  3113     060C                     CWG1CLKCON      equ	1548	;# 
  3114     060D                     CWG1ISM         equ	1549	;# 
  3115     060E                     CWG1DBR         equ	1550	;# 
  3116     060F                     CWG1DBF         equ	1551	;# 
  3117     0610                     CWG1CON0        equ	1552	;# 
  3118     0611                     CWG1CON1        equ	1553	;# 
  3119     0612                     CWG1AS0         equ	1554	;# 
  3120     0613                     CWG1AS1         equ	1555	;# 
  3121     0614                     CWG1STR         equ	1556	;# 
  3122     0616                     CWG2CLKCON      equ	1558	;# 
  3123     0617                     CWG2ISM         equ	1559	;# 
  3124     0618                     CWG2DBR         equ	1560	;# 
  3125     0619                     CWG2DBF         equ	1561	;# 
  3126     061A                     CWG2CON0        equ	1562	;# 
  3127     061B                     CWG2CON1        equ	1563	;# 
  3128     061C                     CWG2AS0         equ	1564	;# 
  3129     061D                     CWG2AS1         equ	1565	;# 
  3130     061E                     CWG2STR         equ	1566	;# 
  3131     068C                     CWG3CLKCON      equ	1676	;# 
  3132     068D                     CWG3ISM         equ	1677	;# 
  3133     068E                     CWG3DBR         equ	1678	;# 
  3134     068F                     CWG3DBF         equ	1679	;# 
  3135     0690                     CWG3CON0        equ	1680	;# 
  3136     0691                     CWG3CON1        equ	1681	;# 
  3137     0692                     CWG3AS0         equ	1682	;# 
  3138     0693                     CWG3AS1         equ	1683	;# 
  3139     0694                     CWG3STR         equ	1684	;# 
  3140     070C                     PIR0            equ	1804	;# 
  3141     070D                     PIR1            equ	1805	;# 
  3142     070E                     PIR2            equ	1806	;# 
  3143     070F                     PIR3            equ	1807	;# 
  3144     0710                     PIR4            equ	1808	;# 
  3145     0711                     PIR5            equ	1809	;# 
  3146     0712                     PIR6            equ	1810	;# 
  3147     0713                     PIR7            equ	1811	;# 
  3148     0714                     PIR8            equ	1812	;# 
  3149     0716                     PIE0            equ	1814	;# 
  3150     0717                     PIE1            equ	1815	;# 
  3151     0718                     PIE2            equ	1816	;# 
  3152     0719                     PIE3            equ	1817	;# 
  3153     071A                     PIE4            equ	1818	;# 
  3154     071B                     PIE5            equ	1819	;# 
  3155     071C                     PIE6            equ	1820	;# 
  3156     071D                     PIE7            equ	1821	;# 
  3157     071E                     PIE8            equ	1822	;# 
  3158     0796                     PMD0            equ	1942	;# 
  3159     0797                     PMD1            equ	1943	;# 
  3160     0798                     PMD2            equ	1944	;# 
  3161     0799                     PMD3            equ	1945	;# 
  3162     079A                     PMD4            equ	1946	;# 
  3163     079B                     PMD5            equ	1947	;# 
  3164     080C                     WDTCON0         equ	2060	;# 
  3165     080D                     WDTCON1         equ	2061	;# 
  3166     080E                     WDTPSL          equ	2062	;# 
  3167     080F                     WDTPSH          equ	2063	;# 
  3168     0810                     WDTTMR          equ	2064	;# 
  3169     0811                     BORCON          equ	2065	;# 
  3170     0812                     VREGCON         equ	2066	;# 
  3171     0813                     PCON0           equ	2067	;# 
  3172     0814                     CCDCON          equ	2068	;# 
  3173     081A                     NVMADRL         equ	2074	;# 
  3174     081B                     NVMADRH         equ	2075	;# 
  3175     081C                     NVMDATL         equ	2076	;# 
  3176     081D                     NVMDATH         equ	2077	;# 
  3177     081E                     NVMCON1         equ	2078	;# 
  3178     081F                     NVMCON2         equ	2079	;# 
  3179     088C                     CPUDOZE         equ	2188	;# 
  3180     088D                     OSCCON1         equ	2189	;# 
  3181     088E                     OSCCON2         equ	2190	;# 
  3182     088F                     OSCCON3         equ	2191	;# 
  3183     0890                     OSCSTAT         equ	2192	;# 
  3184     0891                     OSCEN           equ	2193	;# 
  3185     0892                     OSCTUNE         equ	2194	;# 
  3186     0893                     OSCFRQ          equ	2195	;# 
  3187     0895                     CLKRCON         equ	2197	;# 
  3188     0896                     CLKRCLK         equ	2198	;# 
  3189     0897                     MDCON0          equ	2199	;# 
  3190     0898                     MDCON1          equ	2200	;# 
  3191     0899                     MDSRC           equ	2201	;# 
  3192     089A                     MDCARL          equ	2202	;# 
  3193     089B                     MDCARH          equ	2203	;# 
  3194     090C                     FVRCON          equ	2316	;# 
  3195     090E                     DAC1CON0        equ	2318	;# 
  3196     090F                     DAC1CON1        equ	2319	;# 
  3197     091F                     ZCD1CON         equ	2335	;# 
  3198     091F                     ZCDCON          equ	2335	;# 
  3199     098F                     CMOUT           equ	2447	;# 
  3200     098F                     CMSTAT          equ	2447	;# 
  3201     0990                     CM1CON0         equ	2448	;# 
  3202     0991                     CM1CON1         equ	2449	;# 
  3203     0992                     CM1NSEL         equ	2450	;# 
  3204     0993                     CM1PSEL         equ	2451	;# 
  3205     0994                     CM2CON0         equ	2452	;# 
  3206     0995                     CM2CON1         equ	2453	;# 
  3207     0996                     CM2NSEL         equ	2454	;# 
  3208     0997                     CM2PSEL         equ	2455	;# 
  3209     0E0F                     CLCDATA         equ	3599	;# 
  3210     0E10                     CLC1CON         equ	3600	;# 
  3211     0E11                     CLC1POL         equ	3601	;# 
  3212     0E12                     CLC1SEL0        equ	3602	;# 
  3213     0E13                     CLC1SEL1        equ	3603	;# 
  3214     0E14                     CLC1SEL2        equ	3604	;# 
  3215     0E15                     CLC1SEL3        equ	3605	;# 
  3216     0E16                     CLC1GLS0        equ	3606	;# 
  3217     0E17                     CLC1GLS1        equ	3607	;# 
  3218     0E18                     CLC1GLS2        equ	3608	;# 
  3219     0E19                     CLC1GLS3        equ	3609	;# 
  3220     0E1A                     CLC2CON         equ	3610	;# 
  3221     0E1B                     CLC2POL         equ	3611	;# 
  3222     0E1C                     CLC2SEL0        equ	3612	;# 
  3223     0E1D                     CLC2SEL1        equ	3613	;# 
  3224     0E1E                     CLC2SEL2        equ	3614	;# 
  3225     0E1F                     CLC2SEL3        equ	3615	;# 
  3226     0E20                     CLC2GLS0        equ	3616	;# 
  3227     0E21                     CLC2GLS1        equ	3617	;# 
  3228     0E22                     CLC2GLS2        equ	3618	;# 
  3229     0E23                     CLC2GLS3        equ	3619	;# 
  3230     0E24                     CLC3CON         equ	3620	;# 
  3231     0E25                     CLC3POL         equ	3621	;# 
  3232     0E26                     CLC3SEL0        equ	3622	;# 
  3233     0E27                     CLC3SEL1        equ	3623	;# 
  3234     0E28                     CLC3SEL2        equ	3624	;# 
  3235     0E29                     CLC3SEL3        equ	3625	;# 
  3236     0E2A                     CLC3GLS0        equ	3626	;# 
  3237     0E2B                     CLC3GLS1        equ	3627	;# 
  3238     0E2C                     CLC3GLS2        equ	3628	;# 
  3239     0E2D                     CLC3GLS3        equ	3629	;# 
  3240     0E2E                     CLC4CON         equ	3630	;# 
  3241     0E2F                     CLC4POL         equ	3631	;# 
  3242     0E30                     CLC4SEL0        equ	3632	;# 
  3243     0E31                     CLC4SEL1        equ	3633	;# 
  3244     0E32                     CLC4SEL2        equ	3634	;# 
  3245     0E33                     CLC4SEL3        equ	3635	;# 
  3246     0E34                     CLC4GLS0        equ	3636	;# 
  3247     0E35                     CLC4GLS1        equ	3637	;# 
  3248     0E36                     CLC4GLS2        equ	3638	;# 
  3249     0E37                     CLC4GLS3        equ	3639	;# 
  3250     0E8F                     PPSLOCK         equ	3727	;# 
  3251     0E90                     INTPPS          equ	3728	;# 
  3252     0E91                     T0CKIPPS        equ	3729	;# 
  3253     0E92                     T1CKIPPS        equ	3730	;# 
  3254     0E93                     T1GPPS          equ	3731	;# 
  3255     0E94                     T3CKIPPS        equ	3732	;# 
  3256     0E95                     T3GPPS          equ	3733	;# 
  3257     0E96                     T5CKIPPS        equ	3734	;# 
  3258     0E97                     T5GPPS          equ	3735	;# 
  3259     0E9C                     T2AINPPS        equ	3740	;# 
  3260     0E9D                     T4AINPPS        equ	3741	;# 
  3261     0E9E                     T6AINPPS        equ	3742	;# 
  3262     0EA1                     CCP1PPS         equ	3745	;# 
  3263     0EA2                     CCP2PPS         equ	3746	;# 
  3264     0EA3                     CCP3PPS         equ	3747	;# 
  3265     0EA4                     CCP4PPS         equ	3748	;# 
  3266     0EA5                     CCP5PPS         equ	3749	;# 
  3267     0EA9                     SMT1WINPPS      equ	3753	;# 
  3268     0EAA                     SMT1SIGPPS      equ	3754	;# 
  3269     0EAB                     SMT2WINPPS      equ	3755	;# 
  3270     0EAC                     SMT2SIGPPS      equ	3756	;# 
  3271     0EB1                     CWG1PPS         equ	3761	;# 
  3272     0EB2                     CWG2PPS         equ	3762	;# 
  3273     0EB3                     CWG3PPS         equ	3763	;# 
  3274     0EB8                     MDCARLPPS       equ	3768	;# 
  3275     0EB9                     MDCARHPPS       equ	3769	;# 
  3276     0EBA                     MDSRCPPS        equ	3770	;# 
  3277     0EBB                     CLCIN0PPS       equ	3771	;# 
  3278     0EBC                     CLCIN1PPS       equ	3772	;# 
  3279     0EBD                     CLCIN2PPS       equ	3773	;# 
  3280     0EBE                     CLCIN3PPS       equ	3774	;# 
  3281     0EC3                     ADCACTPPS       equ	3779	;# 
  3282     0EC5                     SSP1CLKPPS      equ	3781	;# 
  3283     0EC6                     SSP1DATPPS      equ	3782	;# 
  3284     0EC7                     SSP1SSPPS       equ	3783	;# 
  3285     0EC8                     SSP2CLKPPS      equ	3784	;# 
  3286     0EC9                     SSP2DATPPS      equ	3785	;# 
  3287     0ECA                     SSP2SSPPS       equ	3786	;# 
  3288     0ECB                     RXPPS           equ	3787	;# 
  3289     0ECC                     TXPPS           equ	3788	;# 
  3290     0F10                     RA0PPS          equ	3856	;# 
  3291     0F11                     RA1PPS          equ	3857	;# 
  3292     0F12                     RA2PPS          equ	3858	;# 
  3293     0F13                     RA3PPS          equ	3859	;# 
  3294     0F14                     RA4PPS          equ	3860	;# 
  3295     0F15                     RA5PPS          equ	3861	;# 
  3296     0F16                     RA6PPS          equ	3862	;# 
  3297     0F17                     RA7PPS          equ	3863	;# 
  3298     0F18                     RB0PPS          equ	3864	;# 
  3299     0F19                     RB1PPS          equ	3865	;# 
  3300     0F1A                     RB2PPS          equ	3866	;# 
  3301     0F1B                     RB3PPS          equ	3867	;# 
  3302     0F1C                     RB4PPS          equ	3868	;# 
  3303     0F1D                     RB5PPS          equ	3869	;# 
  3304     0F1E                     RB6PPS          equ	3870	;# 
  3305     0F1F                     RB7PPS          equ	3871	;# 
  3306     0F20                     RC0PPS          equ	3872	;# 
  3307     0F21                     RC1PPS          equ	3873	;# 
  3308     0F22                     RC2PPS          equ	3874	;# 
  3309     0F23                     RC3PPS          equ	3875	;# 
  3310     0F24                     RC4PPS          equ	3876	;# 
  3311     0F25                     RC5PPS          equ	3877	;# 
  3312     0F26                     RC6PPS          equ	3878	;# 
  3313     0F27                     RC7PPS          equ	3879	;# 
  3314     0F28                     RD0PPS          equ	3880	;# 
  3315     0F29                     RD1PPS          equ	3881	;# 
  3316     0F2A                     RD2PPS          equ	3882	;# 
  3317     0F2B                     RD3PPS          equ	3883	;# 
  3318     0F2C                     RD4PPS          equ	3884	;# 
  3319     0F2D                     RD5PPS          equ	3885	;# 
  3320     0F2E                     RD6PPS          equ	3886	;# 
  3321     0F2F                     RD7PPS          equ	3887	;# 
  3322     0F30                     RE0PPS          equ	3888	;# 
  3323     0F31                     RE1PPS          equ	3889	;# 
  3324     0F32                     RE2PPS          equ	3890	;# 
  3325     0F38                     ANSELA          equ	3896	;# 
  3326     0F39                     WPUA            equ	3897	;# 
  3327     0F3A                     ODCONA          equ	3898	;# 
  3328     0F3B                     SLRCONA         equ	3899	;# 
  3329     0F3C                     INLVLA          equ	3900	;# 
  3330     0F3D                     IOCAP           equ	3901	;# 
  3331     0F3E                     IOCAN           equ	3902	;# 
  3332     0F3F                     IOCAF           equ	3903	;# 
  3333     0F40                     CCDNA           equ	3904	;# 
  3334     0F41                     CCDPA           equ	3905	;# 
  3335     0F43                     ANSELB          equ	3907	;# 
  3336     0F44                     WPUB            equ	3908	;# 
  3337     0F45                     ODCONB          equ	3909	;# 
  3338     0F46                     SLRCONB         equ	3910	;# 
  3339     0F47                     INLVLB          equ	3911	;# 
  3340     0F48                     IOCBP           equ	3912	;# 
  3341     0F49                     IOCBN           equ	3913	;# 
  3342     0F4A                     IOCBF           equ	3914	;# 
  3343     0F4B                     CCDNB           equ	3915	;# 
  3344     0F4C                     CCDPB           equ	3916	;# 
  3345     0F4E                     ANSELC          equ	3918	;# 
  3346     0F4F                     WPUC            equ	3919	;# 
  3347     0F50                     ODCONC          equ	3920	;# 
  3348     0F51                     SLRCONC         equ	3921	;# 
  3349     0F52                     INLVLC          equ	3922	;# 
  3350     0F53                     IOCCP           equ	3923	;# 
  3351     0F54                     IOCCN           equ	3924	;# 
  3352     0F55                     IOCCF           equ	3925	;# 
  3353     0F56                     CCDNC           equ	3926	;# 
  3354     0F57                     CCDPC           equ	3927	;# 
  3355     0F59                     ANSELD          equ	3929	;# 
  3356     0F5A                     WPUD            equ	3930	;# 
  3357     0F5B                     ODCOND          equ	3931	;# 
  3358     0F5C                     SLRCOND         equ	3932	;# 
  3359     0F5D                     INLVLD          equ	3933	;# 
  3360     0F61                     CCDND           equ	3937	;# 
  3361     0F62                     CCDPD           equ	3938	;# 
  3362     0F64                     ANSELE          equ	3940	;# 
  3363     0F65                     WPUE            equ	3941	;# 
  3364     0F66                     ODCONE          equ	3942	;# 
  3365     0F67                     SLRCONE         equ	3943	;# 
  3366     0F68                     INLVLE          equ	3944	;# 
  3367     0F69                     IOCEP           equ	3945	;# 
  3368     0F6A                     IOCEN           equ	3946	;# 
  3369     0F6B                     IOCEF           equ	3947	;# 
  3370     0F6C                     CCDNE           equ	3948	;# 
  3371     0F6D                     CCDPE           equ	3949	;# 
  3372     0FE4                     STATUS_SHAD     equ	4068	;# 
  3373     0FE5                     WREG_SHAD       equ	4069	;# 
  3374     0FE6                     BSR_SHAD        equ	4070	;# 
  3375     0FE7                     PCLATH_SHAD     equ	4071	;# 
  3376     0FE8                     FSR0L_SHAD      equ	4072	;# 
  3377     0FE9                     FSR0H_SHAD      equ	4073	;# 
  3378     0FEA                     FSR1L_SHAD      equ	4074	;# 
  3379     0FEB                     FSR1H_SHAD      equ	4075	;# 
  3380     0FED                     STKPTR          equ	4077	;# 
  3381     0FEE                     TOSL            equ	4078	;# 
  3382     0FEF                     TOSH            equ	4079	;# 
  3383     0000                     INDF0           equ	0	;# 
  3384     0001                     INDF1           equ	1	;# 
  3385     0002                     PCL             equ	2	;# 
  3386     0003                     STATUS          equ	3	;# 
  3387     0004                     FSR0L           equ	4	;# 
  3388     0005                     FSR0H           equ	5	;# 
  3389     0006                     FSR1L           equ	6	;# 
  3390     0007                     FSR1H           equ	7	;# 
  3391     0008                     BSR             equ	8	;# 
  3392     0009                     WREG            equ	9	;# 
  3393     000A                     PCLATH          equ	10	;# 
  3394     000B                     INTCON          equ	11	;# 
  3395     000C                     PORTA           equ	12	;# 
  3396     000D                     PORTB           equ	13	;# 
  3397     000E                     PORTC           equ	14	;# 
  3398     000F                     PORTD           equ	15	;# 
  3399     0010                     PORTE           equ	16	;# 
  3400     0011                     TRISA           equ	17	;# 
  3401     0012                     TRISB           equ	18	;# 
  3402     0013                     TRISC           equ	19	;# 
  3403     0014                     TRISD           equ	20	;# 
  3404     0015                     TRISE           equ	21	;# 
  3405     0016                     LATA            equ	22	;# 
  3406     0017                     LATB            equ	23	;# 
  3407     0018                     LATC            equ	24	;# 
  3408     0019                     LATD            equ	25	;# 
  3409     001A                     LATE            equ	26	;# 
  3410     001C                     TMR0L           equ	28	;# 
  3411     001C                     TMR0            equ	28	;# 
  3412     001D                     TMR0H           equ	29	;# 
  3413     001D                     PR0             equ	29	;# 
  3414     001E                     T0CON0          equ	30	;# 
  3415     001F                     T0CON1          equ	31	;# 
  3416     008C                     ADRES           equ	140	;# 
  3417     008C                     ADRESL          equ	140	;# 
  3418     008D                     ADRESH          equ	141	;# 
  3419     008E                     ADPREV          equ	142	;# 
  3420     008E                     ADPREVL         equ	142	;# 
  3421     008F                     ADPREVH         equ	143	;# 
  3422     0090                     ADACC           equ	144	;# 
  3423     0090                     ADACCL          equ	144	;# 
  3424     0091                     ADACCH          equ	145	;# 
  3425     0093                     ADCON0          equ	147	;# 
  3426     0094                     ADCON1          equ	148	;# 
  3427     0095                     ADCON2          equ	149	;# 
  3428     0096                     ADCON3          equ	150	;# 
  3429     0097                     ADSTAT          equ	151	;# 
  3430     0098                     ADCLK           equ	152	;# 
  3431     0099                     ADACT           equ	153	;# 
  3432     009A                     ADREF           equ	154	;# 
  3433     009B                     ADCAP           equ	155	;# 
  3434     009C                     ADPRE           equ	156	;# 
  3435     009D                     ADACQ           equ	157	;# 
  3436     009E                     ADPCH           equ	158	;# 
  3437     010C                     ADCNT           equ	268	;# 
  3438     010D                     ADRPT           equ	269	;# 
  3439     010E                     ADLTH           equ	270	;# 
  3440     010E                     ADLTHL          equ	270	;# 
  3441     010F                     ADLTHH          equ	271	;# 
  3442     0110                     ADUTH           equ	272	;# 
  3443     0110                     ADUTHL          equ	272	;# 
  3444     0111                     ADUTHH          equ	273	;# 
  3445     0112                     ADSTPT          equ	274	;# 
  3446     0112                     ADSTPTL         equ	274	;# 
  3447     0113                     ADSTPTH         equ	275	;# 
  3448     0114                     ADFLTR          equ	276	;# 
  3449     0114                     ADFLTRL         equ	276	;# 
  3450     0115                     ADFLTRH         equ	277	;# 
  3451     0116                     ADERR           equ	278	;# 
  3452     0116                     ADERRL          equ	278	;# 
  3453     0117                     ADERRH          equ	279	;# 
  3454     0119                     RC1REG          equ	281	;# 
  3455     0119                     RCREG           equ	281	;# 
  3456     0119                     RCREG1          equ	281	;# 
  3457     011A                     TX1REG          equ	282	;# 
  3458     011A                     TXREG1          equ	282	;# 
  3459     011A                     TXREG           equ	282	;# 
  3460     011B                     SP1BRG          equ	283	;# 
  3461     011B                     SP1BRGL         equ	283	;# 
  3462     011B                     SPBRG           equ	283	;# 
  3463     011B                     SPBRG1          equ	283	;# 
  3464     011B                     SPBRGL          equ	283	;# 
  3465     011C                     SP1BRGH         equ	284	;# 
  3466     011C                     SPBRGH          equ	284	;# 
  3467     011C                     SPBRGH1         equ	284	;# 
  3468     011D                     RC1STA          equ	285	;# 
  3469     011D                     RCSTA1          equ	285	;# 
  3470     011D                     RCSTA           equ	285	;# 
  3471     011E                     TX1STA          equ	286	;# 
  3472     011E                     TXSTA1          equ	286	;# 
  3473     011E                     TXSTA           equ	286	;# 
  3474     011F                     BAUD1CON        equ	287	;# 
  3475     011F                     BAUDCON1        equ	287	;# 
  3476     011F                     BAUDCTL1        equ	287	;# 
  3477     011F                     BAUDCON         equ	287	;# 
  3478     011F                     BAUDCTL         equ	287	;# 
  3479     018C                     SSP1BUF         equ	396	;# 
  3480     018D                     SSP1ADD         equ	397	;# 
  3481     018E                     SSP1MSK         equ	398	;# 
  3482     018F                     SSP1STAT        equ	399	;# 
  3483     0190                     SSP1CON1        equ	400	;# 
  3484     0191                     SSP1CON2        equ	401	;# 
  3485     0192                     SSP1CON3        equ	402	;# 
  3486     0196                     SSP2BUF         equ	406	;# 
  3487     0197                     SSP2ADD         equ	407	;# 
  3488     0198                     SSP2MSK         equ	408	;# 
  3489     0199                     SSP2STAT        equ	409	;# 
  3490     019A                     SSP2CON1        equ	410	;# 
  3491     019B                     SSP2CON2        equ	411	;# 
  3492     019C                     SSP2CON3        equ	412	;# 
  3493     020C                     TMR1            equ	524	;# 
  3494     020C                     TMR1L           equ	524	;# 
  3495     020D                     TMR1H           equ	525	;# 
  3496     020E                     T1CON           equ	526	;# 
  3497     020F                     T1GCON          equ	527	;# 
  3498     020F                     PR1             equ	527	;# 
  3499     0210                     T1GATE          equ	528	;# 
  3500     0210                     TMR1GATE        equ	528	;# 
  3501     0211                     T1CLK           equ	529	;# 
  3502     0211                     TMR1CLK         equ	529	;# 
  3503     0212                     TMR3            equ	530	;# 
  3504     0212                     TMR3L           equ	530	;# 
  3505     0213                     TMR3H           equ	531	;# 
  3506     0214                     T3CON           equ	532	;# 
  3507     0215                     T3GCON          equ	533	;# 
  3508     0215                     PR3             equ	533	;# 
  3509     0216                     T3GATE          equ	534	;# 
  3510     0216                     TMR3GATE        equ	534	;# 
  3511     0217                     T3CLK           equ	535	;# 
  3512     0217                     TMR3CLK         equ	535	;# 
  3513     0218                     TMR5            equ	536	;# 
  3514     0218                     TMR5L           equ	536	;# 
  3515     0219                     TMR5H           equ	537	;# 
  3516     021A                     T5CON           equ	538	;# 
  3517     021B                     T5GCON          equ	539	;# 
  3518     021B                     PR5             equ	539	;# 
  3519     021C                     T5GATE          equ	540	;# 
  3520     021C                     TMR5GATE        equ	540	;# 
  3521     021D                     T5CLK           equ	541	;# 
  3522     021D                     TMR5CLK         equ	541	;# 
  3523     021E                     CCPTMRS0        equ	542	;# 
  3524     021F                     CCPTMRS1        equ	543	;# 
  3525     028C                     T2TMR           equ	652	;# 
  3526     028C                     TMR2            equ	652	;# 
  3527     028D                     T2PR            equ	653	;# 
  3528     028D                     PR2             equ	653	;# 
  3529     028E                     T2CON           equ	654	;# 
  3530     028F                     T2HLT           equ	655	;# 
  3531     0290                     T2CLKCON        equ	656	;# 
  3532     0290                     T2CLK           equ	656	;# 
  3533     0291                     T2RST           equ	657	;# 
  3534     0292                     T4TMR           equ	658	;# 
  3535     0292                     TMR4            equ	658	;# 
  3536     0293                     T4PR            equ	659	;# 
  3537     0293                     PR4             equ	659	;# 
  3538     0294                     T4CON           equ	660	;# 
  3539     0295                     T4HLT           equ	661	;# 
  3540     0296                     T4CLKCON        equ	662	;# 
  3541     0296                     T4CLK           equ	662	;# 
  3542     0297                     T4RST           equ	663	;# 
  3543     0298                     T6TMR           equ	664	;# 
  3544     0298                     TMR6            equ	664	;# 
  3545     0299                     T6PR            equ	665	;# 
  3546     0299                     PR6             equ	665	;# 
  3547     029A                     T6CON           equ	666	;# 
  3548     029B                     T6HLT           equ	667	;# 
  3549     029C                     T6CLKCON        equ	668	;# 
  3550     029C                     T6CLK           equ	668	;# 
  3551     029D                     T6RST           equ	669	;# 
  3552     030C                     CCPR1           equ	780	;# 
  3553     030C                     CCPR1L          equ	780	;# 
  3554     030D                     CCPR1H          equ	781	;# 
  3555     030E                     CCP1CON         equ	782	;# 
  3556     030F                     CCP1CAP         equ	783	;# 
  3557     0310                     CCPR2           equ	784	;# 
  3558     0310                     CCPR2L          equ	784	;# 
  3559     0311                     CCPR2H          equ	785	;# 
  3560     0312                     CCP2CON         equ	786	;# 
  3561     0313                     CCP2CAP         equ	787	;# 
  3562     0314                     CCPR3           equ	788	;# 
  3563     0314                     CCPR3L          equ	788	;# 
  3564     0315                     CCPR3H          equ	789	;# 
  3565     0316                     CCP3CON         equ	790	;# 
  3566     0317                     CCP3CAP         equ	791	;# 
  3567     0318                     CCPR4           equ	792	;# 
  3568     0318                     CCPR4L          equ	792	;# 
  3569     0319                     CCPR4H          equ	793	;# 
  3570     031A                     CCP4CON         equ	794	;# 
  3571     031B                     CCP4CAP         equ	795	;# 
  3572     031C                     CCPR5           equ	796	;# 
  3573     031C                     CCPR5L          equ	796	;# 
  3574     031D                     CCPR5H          equ	797	;# 
  3575     031E                     CCP5CON         equ	798	;# 
  3576     031F                     CCP5CAP         equ	799	;# 
  3577     038C                     PWM6DC          equ	908	;# 
  3578     038C                     PWM6DCL         equ	908	;# 
  3579     038D                     PWM6DCH         equ	909	;# 
  3580     038E                     PWM6CON         equ	910	;# 
  3581     0390                     PWM7DC          equ	912	;# 
  3582     0390                     PWM7DCL         equ	912	;# 
  3583     0391                     PWM7DCH         equ	913	;# 
  3584     0392                     PWM7CON         equ	914	;# 
  3585     040C                     SCANLADRL       equ	1036	;# 
  3586     040D                     SCANLADRH       equ	1037	;# 
  3587     040E                     SCANHADRL       equ	1038	;# 
  3588     040F                     SCANHADRH       equ	1039	;# 
  3589     0410                     SCANCON0        equ	1040	;# 
  3590     0411                     SCANTRIG        equ	1041	;# 
  3591     0416                     CRCDATA         equ	1046	;# 
  3592     0416                     CRCDATL         equ	1046	;# 
  3593     0417                     CRCDATH         equ	1047	;# 
  3594     0418                     CRCACC          equ	1048	;# 
  3595     0418                     CRCACCL         equ	1048	;# 
  3596     0419                     CRCACCH         equ	1049	;# 
  3597     041A                     CRCSHFT         equ	1050	;# 
  3598     041A                     CRCSHIFTL       equ	1050	;# 
  3599     041B                     CRCSHIFTH       equ	1051	;# 
  3600     041C                     CRCXOR          equ	1052	;# 
  3601     041C                     CRCXORL         equ	1052	;# 
  3602     041D                     CRCXORH         equ	1053	;# 
  3603     041E                     CRCCON0         equ	1054	;# 
  3604     041F                     CRCCON1         equ	1055	;# 
  3605     048C                     SMT1TMR         equ	1164	;# 
  3606     048C                     SMT1TMRL        equ	1164	;# 
  3607     048D                     SMT1TMRH        equ	1165	;# 
  3608     048E                     SMT1TMRU        equ	1166	;# 
  3609     048F                     SMT1CPR         equ	1167	;# 
  3610     048F                     SMT1CPRL        equ	1167	;# 
  3611     0490                     SMT1CPRH        equ	1168	;# 
  3612     0491                     SMT1CPRU        equ	1169	;# 
  3613     0492                     SMT1CPW         equ	1170	;# 
  3614     0492                     SMT1CPWL        equ	1170	;# 
  3615     0493                     SMT1CPWH        equ	1171	;# 
  3616     0494                     SMT1CPWU        equ	1172	;# 
  3617     0495                     SMT1PR          equ	1173	;# 
  3618     0495                     SMT1PRL         equ	1173	;# 
  3619     0496                     SMT1PRH         equ	1174	;# 
  3620     0497                     SMT1PRU         equ	1175	;# 
  3621     0498                     SMT1CON0        equ	1176	;# 
  3622     0499                     SMT1CON1        equ	1177	;# 
  3623     049A                     SMT1STAT        equ	1178	;# 
  3624     049B                     SMT1CLK         equ	1179	;# 
  3625     049C                     SMT1SIG         equ	1180	;# 
  3626     049D                     SMT1WIN         equ	1181	;# 
  3627     050C                     SMT2TMR         equ	1292	;# 
  3628     050C                     SMT2TMRL        equ	1292	;# 
  3629     050D                     SMT2TMRH        equ	1293	;# 
  3630     050E                     SMT2TMRU        equ	1294	;# 
  3631     050F                     SMT2CPR         equ	1295	;# 
  3632     050F                     SMT2CPRL        equ	1295	;# 
  3633     0510                     SMT2CPRH        equ	1296	;# 
  3634     0511                     SMT2CPRU        equ	1297	;# 
  3635     0512                     SMT2CPW         equ	1298	;# 
  3636     0512                     SMT2CPWL        equ	1298	;# 
  3637     0513                     SMT2CPWH        equ	1299	;# 
  3638     0514                     SMT2CPWU        equ	1300	;# 
  3639     0515                     SMT2PR          equ	1301	;# 
  3640     0515                     SMT2PRL         equ	1301	;# 
  3641     0516                     SMT2PRH         equ	1302	;# 
  3642     0517                     SMT2PRU         equ	1303	;# 
  3643     0518                     SMT2CON0        equ	1304	;# 
  3644     0519                     SMT2CON1        equ	1305	;# 
  3645     051A                     SMT2STAT        equ	1306	;# 
  3646     051B                     SMT2CLK         equ	1307	;# 
  3647     051C                     SMT2SIG         equ	1308	;# 
  3648     051D                     SMT2WIN         equ	1309	;# 
  3649     058C                     NCO1ACC         equ	1420	;# 
  3650     058C                     NCO1ACCL        equ	1420	;# 
  3651     058D                     NCO1ACCH        equ	1421	;# 
  3652     058E                     NCO1ACCU        equ	1422	;# 
  3653     058F                     NCO1INC         equ	1423	;# 
  3654     058F                     NCO1INCL        equ	1423	;# 
  3655     0590                     NCO1INCH        equ	1424	;# 
  3656     0591                     NCO1INCU        equ	1425	;# 
  3657     0592                     NCO1CON         equ	1426	;# 
  3658     0593                     NCO1CLK         equ	1427	;# 
  3659     060C                     CWG1CLKCON      equ	1548	;# 
  3660     060D                     CWG1ISM         equ	1549	;# 
  3661     060E                     CWG1DBR         equ	1550	;# 
  3662     060F                     CWG1DBF         equ	1551	;# 
  3663     0610                     CWG1CON0        equ	1552	;# 
  3664     0611                     CWG1CON1        equ	1553	;# 
  3665     0612                     CWG1AS0         equ	1554	;# 
  3666     0613                     CWG1AS1         equ	1555	;# 
  3667     0614                     CWG1STR         equ	1556	;# 
  3668     0616                     CWG2CLKCON      equ	1558	;# 
  3669     0617                     CWG2ISM         equ	1559	;# 
  3670     0618                     CWG2DBR         equ	1560	;# 
  3671     0619                     CWG2DBF         equ	1561	;# 
  3672     061A                     CWG2CON0        equ	1562	;# 
  3673     061B                     CWG2CON1        equ	1563	;# 
  3674     061C                     CWG2AS0         equ	1564	;# 
  3675     061D                     CWG2AS1         equ	1565	;# 
  3676     061E                     CWG2STR         equ	1566	;# 
  3677     068C                     CWG3CLKCON      equ	1676	;# 
  3678     068D                     CWG3ISM         equ	1677	;# 
  3679     068E                     CWG3DBR         equ	1678	;# 
  3680     068F                     CWG3DBF         equ	1679	;# 
  3681     0690                     CWG3CON0        equ	1680	;# 
  3682     0691                     CWG3CON1        equ	1681	;# 
  3683     0692                     CWG3AS0         equ	1682	;# 
  3684     0693                     CWG3AS1         equ	1683	;# 
  3685     0694                     CWG3STR         equ	1684	;# 
  3686     070C                     PIR0            equ	1804	;# 
  3687     070D                     PIR1            equ	1805	;# 
  3688     070E                     PIR2            equ	1806	;# 
  3689     070F                     PIR3            equ	1807	;# 
  3690     0710                     PIR4            equ	1808	;# 
  3691     0711                     PIR5            equ	1809	;# 
  3692     0712                     PIR6            equ	1810	;# 
  3693     0713                     PIR7            equ	1811	;# 
  3694     0714                     PIR8            equ	1812	;# 
  3695     0716                     PIE0            equ	1814	;# 
  3696     0717                     PIE1            equ	1815	;# 
  3697     0718                     PIE2            equ	1816	;# 
  3698     0719                     PIE3            equ	1817	;# 
  3699     071A                     PIE4            equ	1818	;# 
  3700     071B                     PIE5            equ	1819	;# 
  3701     071C                     PIE6            equ	1820	;# 
  3702     071D                     PIE7            equ	1821	;# 
  3703     071E                     PIE8            equ	1822	;# 
  3704     0796                     PMD0            equ	1942	;# 
  3705     0797                     PMD1            equ	1943	;# 
  3706     0798                     PMD2            equ	1944	;# 
  3707     0799                     PMD3            equ	1945	;# 
  3708     079A                     PMD4            equ	1946	;# 
  3709     079B                     PMD5            equ	1947	;# 
  3710     080C                     WDTCON0         equ	2060	;# 
  3711     080D                     WDTCON1         equ	2061	;# 
  3712     080E                     WDTPSL          equ	2062	;# 
  3713     080F                     WDTPSH          equ	2063	;# 
  3714     0810                     WDTTMR          equ	2064	;# 
  3715     0811                     BORCON          equ	2065	;# 
  3716     0812                     VREGCON         equ	2066	;# 
  3717     0813                     PCON0           equ	2067	;# 
  3718     0814                     CCDCON          equ	2068	;# 
  3719     081A                     NVMADRL         equ	2074	;# 
  3720     081B                     NVMADRH         equ	2075	;# 
  3721     081C                     NVMDATL         equ	2076	;# 
  3722     081D                     NVMDATH         equ	2077	;# 
  3723     081E                     NVMCON1         equ	2078	;# 
  3724     081F                     NVMCON2         equ	2079	;# 
  3725     088C                     CPUDOZE         equ	2188	;# 
  3726     088D                     OSCCON1         equ	2189	;# 
  3727     088E                     OSCCON2         equ	2190	;# 
  3728     088F                     OSCCON3         equ	2191	;# 
  3729     0890                     OSCSTAT         equ	2192	;# 
  3730     0891                     OSCEN           equ	2193	;# 
  3731     0892                     OSCTUNE         equ	2194	;# 
  3732     0893                     OSCFRQ          equ	2195	;# 
  3733     0895                     CLKRCON         equ	2197	;# 
  3734     0896                     CLKRCLK         equ	2198	;# 
  3735     0897                     MDCON0          equ	2199	;# 
  3736     0898                     MDCON1          equ	2200	;# 
  3737     0899                     MDSRC           equ	2201	;# 
  3738     089A                     MDCARL          equ	2202	;# 
  3739     089B                     MDCARH          equ	2203	;# 
  3740     090C                     FVRCON          equ	2316	;# 
  3741     090E                     DAC1CON0        equ	2318	;# 
  3742     090F                     DAC1CON1        equ	2319	;# 
  3743     091F                     ZCD1CON         equ	2335	;# 
  3744     091F                     ZCDCON          equ	2335	;# 
  3745     098F                     CMOUT           equ	2447	;# 
  3746     098F                     CMSTAT          equ	2447	;# 
  3747     0990                     CM1CON0         equ	2448	;# 
  3748     0991                     CM1CON1         equ	2449	;# 
  3749     0992                     CM1NSEL         equ	2450	;# 
  3750     0993                     CM1PSEL         equ	2451	;# 
  3751     0994                     CM2CON0         equ	2452	;# 
  3752     0995                     CM2CON1         equ	2453	;# 
  3753     0996                     CM2NSEL         equ	2454	;# 
  3754     0997                     CM2PSEL         equ	2455	;# 
  3755     0E0F                     CLCDATA         equ	3599	;# 
  3756     0E10                     CLC1CON         equ	3600	;# 
  3757     0E11                     CLC1POL         equ	3601	;# 
  3758     0E12                     CLC1SEL0        equ	3602	;# 
  3759     0E13                     CLC1SEL1        equ	3603	;# 
  3760     0E14                     CLC1SEL2        equ	3604	;# 
  3761     0E15                     CLC1SEL3        equ	3605	;# 
  3762     0E16                     CLC1GLS0        equ	3606	;# 
  3763     0E17                     CLC1GLS1        equ	3607	;# 
  3764     0E18                     CLC1GLS2        equ	3608	;# 
  3765     0E19                     CLC1GLS3        equ	3609	;# 
  3766     0E1A                     CLC2CON         equ	3610	;# 
  3767     0E1B                     CLC2POL         equ	3611	;# 
  3768     0E1C                     CLC2SEL0        equ	3612	;# 
  3769     0E1D                     CLC2SEL1        equ	3613	;# 
  3770     0E1E                     CLC2SEL2        equ	3614	;# 
  3771     0E1F                     CLC2SEL3        equ	3615	;# 
  3772     0E20                     CLC2GLS0        equ	3616	;# 
  3773     0E21                     CLC2GLS1        equ	3617	;# 
  3774     0E22                     CLC2GLS2        equ	3618	;# 
  3775     0E23                     CLC2GLS3        equ	3619	;# 
  3776     0E24                     CLC3CON         equ	3620	;# 
  3777     0E25                     CLC3POL         equ	3621	;# 
  3778     0E26                     CLC3SEL0        equ	3622	;# 
  3779     0E27                     CLC3SEL1        equ	3623	;# 
  3780     0E28                     CLC3SEL2        equ	3624	;# 
  3781     0E29                     CLC3SEL3        equ	3625	;# 
  3782     0E2A                     CLC3GLS0        equ	3626	;# 
  3783     0E2B                     CLC3GLS1        equ	3627	;# 
  3784     0E2C                     CLC3GLS2        equ	3628	;# 
  3785     0E2D                     CLC3GLS3        equ	3629	;# 
  3786     0E2E                     CLC4CON         equ	3630	;# 
  3787     0E2F                     CLC4POL         equ	3631	;# 
  3788     0E30                     CLC4SEL0        equ	3632	;# 
  3789     0E31                     CLC4SEL1        equ	3633	;# 
  3790     0E32                     CLC4SEL2        equ	3634	;# 
  3791     0E33                     CLC4SEL3        equ	3635	;# 
  3792     0E34                     CLC4GLS0        equ	3636	;# 
  3793     0E35                     CLC4GLS1        equ	3637	;# 
  3794     0E36                     CLC4GLS2        equ	3638	;# 
  3795     0E37                     CLC4GLS3        equ	3639	;# 
  3796     0E8F                     PPSLOCK         equ	3727	;# 
  3797     0E90                     INTPPS          equ	3728	;# 
  3798     0E91                     T0CKIPPS        equ	3729	;# 
  3799     0E92                     T1CKIPPS        equ	3730	;# 
  3800     0E93                     T1GPPS          equ	3731	;# 
  3801     0E94                     T3CKIPPS        equ	3732	;# 
  3802     0E95                     T3GPPS          equ	3733	;# 
  3803     0E96                     T5CKIPPS        equ	3734	;# 
  3804     0E97                     T5GPPS          equ	3735	;# 
  3805     0E9C                     T2AINPPS        equ	3740	;# 
  3806     0E9D                     T4AINPPS        equ	3741	;# 
  3807     0E9E                     T6AINPPS        equ	3742	;# 
  3808     0EA1                     CCP1PPS         equ	3745	;# 
  3809     0EA2                     CCP2PPS         equ	3746	;# 
  3810     0EA3                     CCP3PPS         equ	3747	;# 
  3811     0EA4                     CCP4PPS         equ	3748	;# 
  3812     0EA5                     CCP5PPS         equ	3749	;# 
  3813     0EA9                     SMT1WINPPS      equ	3753	;# 
  3814     0EAA                     SMT1SIGPPS      equ	3754	;# 
  3815     0EAB                     SMT2WINPPS      equ	3755	;# 
  3816     0EAC                     SMT2SIGPPS      equ	3756	;# 
  3817     0EB1                     CWG1PPS         equ	3761	;# 
  3818     0EB2                     CWG2PPS         equ	3762	;# 
  3819     0EB3                     CWG3PPS         equ	3763	;# 
  3820     0EB8                     MDCARLPPS       equ	3768	;# 
  3821     0EB9                     MDCARHPPS       equ	3769	;# 
  3822     0EBA                     MDSRCPPS        equ	3770	;# 
  3823     0EBB                     CLCIN0PPS       equ	3771	;# 
  3824     0EBC                     CLCIN1PPS       equ	3772	;# 
  3825     0EBD                     CLCIN2PPS       equ	3773	;# 
  3826     0EBE                     CLCIN3PPS       equ	3774	;# 
  3827     0EC3                     ADCACTPPS       equ	3779	;# 
  3828     0EC5                     SSP1CLKPPS      equ	3781	;# 
  3829     0EC6                     SSP1DATPPS      equ	3782	;# 
  3830     0EC7                     SSP1SSPPS       equ	3783	;# 
  3831     0EC8                     SSP2CLKPPS      equ	3784	;# 
  3832     0EC9                     SSP2DATPPS      equ	3785	;# 
  3833     0ECA                     SSP2SSPPS       equ	3786	;# 
  3834     0ECB                     RXPPS           equ	3787	;# 
  3835     0ECC                     TXPPS           equ	3788	;# 
  3836     0F10                     RA0PPS          equ	3856	;# 
  3837     0F11                     RA1PPS          equ	3857	;# 
  3838     0F12                     RA2PPS          equ	3858	;# 
  3839     0F13                     RA3PPS          equ	3859	;# 
  3840     0F14                     RA4PPS          equ	3860	;# 
  3841     0F15                     RA5PPS          equ	3861	;# 
  3842     0F16                     RA6PPS          equ	3862	;# 
  3843     0F17                     RA7PPS          equ	3863	;# 
  3844     0F18                     RB0PPS          equ	3864	;# 
  3845     0F19                     RB1PPS          equ	3865	;# 
  3846     0F1A                     RB2PPS          equ	3866	;# 
  3847     0F1B                     RB3PPS          equ	3867	;# 
  3848     0F1C                     RB4PPS          equ	3868	;# 
  3849     0F1D                     RB5PPS          equ	3869	;# 
  3850     0F1E                     RB6PPS          equ	3870	;# 
  3851     0F1F                     RB7PPS          equ	3871	;# 
  3852     0F20                     RC0PPS          equ	3872	;# 
  3853     0F21                     RC1PPS          equ	3873	;# 
  3854     0F22                     RC2PPS          equ	3874	;# 
  3855     0F23                     RC3PPS          equ	3875	;# 
  3856     0F24                     RC4PPS          equ	3876	;# 
  3857     0F25                     RC5PPS          equ	3877	;# 
  3858     0F26                     RC6PPS          equ	3878	;# 
  3859     0F27                     RC7PPS          equ	3879	;# 
  3860     0F28                     RD0PPS          equ	3880	;# 
  3861     0F29                     RD1PPS          equ	3881	;# 
  3862     0F2A                     RD2PPS          equ	3882	;# 
  3863     0F2B                     RD3PPS          equ	3883	;# 
  3864     0F2C                     RD4PPS          equ	3884	;# 
  3865     0F2D                     RD5PPS          equ	3885	;# 
  3866     0F2E                     RD6PPS          equ	3886	;# 
  3867     0F2F                     RD7PPS          equ	3887	;# 
  3868     0F30                     RE0PPS          equ	3888	;# 
  3869     0F31                     RE1PPS          equ	3889	;# 
  3870     0F32                     RE2PPS          equ	3890	;# 
  3871     0F38                     ANSELA          equ	3896	;# 
  3872     0F39                     WPUA            equ	3897	;# 
  3873     0F3A                     ODCONA          equ	3898	;# 
  3874     0F3B                     SLRCONA         equ	3899	;# 
  3875     0F3C                     INLVLA          equ	3900	;# 
  3876     0F3D                     IOCAP           equ	3901	;# 
  3877     0F3E                     IOCAN           equ	3902	;# 
  3878     0F3F                     IOCAF           equ	3903	;# 
  3879     0F40                     CCDNA           equ	3904	;# 
  3880     0F41                     CCDPA           equ	3905	;# 
  3881     0F43                     ANSELB          equ	3907	;# 
  3882     0F44                     WPUB            equ	3908	;# 
  3883     0F45                     ODCONB          equ	3909	;# 
  3884     0F46                     SLRCONB         equ	3910	;# 
  3885     0F47                     INLVLB          equ	3911	;# 
  3886     0F48                     IOCBP           equ	3912	;# 
  3887     0F49                     IOCBN           equ	3913	;# 
  3888     0F4A                     IOCBF           equ	3914	;# 
  3889     0F4B                     CCDNB           equ	3915	;# 
  3890     0F4C                     CCDPB           equ	3916	;# 
  3891     0F4E                     ANSELC          equ	3918	;# 
  3892     0F4F                     WPUC            equ	3919	;# 
  3893     0F50                     ODCONC          equ	3920	;# 
  3894     0F51                     SLRCONC         equ	3921	;# 
  3895     0F52                     INLVLC          equ	3922	;# 
  3896     0F53                     IOCCP           equ	3923	;# 
  3897     0F54                     IOCCN           equ	3924	;# 
  3898     0F55                     IOCCF           equ	3925	;# 
  3899     0F56                     CCDNC           equ	3926	;# 
  3900     0F57                     CCDPC           equ	3927	;# 
  3901     0F59                     ANSELD          equ	3929	;# 
  3902     0F5A                     WPUD            equ	3930	;# 
  3903     0F5B                     ODCOND          equ	3931	;# 
  3904     0F5C                     SLRCOND         equ	3932	;# 
  3905     0F5D                     INLVLD          equ	3933	;# 
  3906     0F61                     CCDND           equ	3937	;# 
  3907     0F62                     CCDPD           equ	3938	;# 
  3908     0F64                     ANSELE          equ	3940	;# 
  3909     0F65                     WPUE            equ	3941	;# 
  3910     0F66                     ODCONE          equ	3942	;# 
  3911     0F67                     SLRCONE         equ	3943	;# 
  3912     0F68                     INLVLE          equ	3944	;# 
  3913     0F69                     IOCEP           equ	3945	;# 
  3914     0F6A                     IOCEN           equ	3946	;# 
  3915     0F6B                     IOCEF           equ	3947	;# 
  3916     0F6C                     CCDNE           equ	3948	;# 
  3917     0F6D                     CCDPE           equ	3949	;# 
  3918     0FE4                     STATUS_SHAD     equ	4068	;# 
  3919     0FE5                     WREG_SHAD       equ	4069	;# 
  3920     0FE6                     BSR_SHAD        equ	4070	;# 
  3921     0FE7                     PCLATH_SHAD     equ	4071	;# 
  3922     0FE8                     FSR0L_SHAD      equ	4072	;# 
  3923     0FE9                     FSR0H_SHAD      equ	4073	;# 
  3924     0FEA                     FSR1L_SHAD      equ	4074	;# 
  3925     0FEB                     FSR1H_SHAD      equ	4075	;# 
  3926     0FED                     STKPTR          equ	4077	;# 
  3927     0FEE                     TOSL            equ	4078	;# 
  3928     0FEF                     TOSH            equ	4079	;# 
  3929     0000                     INDF0           equ	0	;# 
  3930     0001                     INDF1           equ	1	;# 
  3931     0002                     PCL             equ	2	;# 
  3932     0003                     STATUS          equ	3	;# 
  3933     0004                     FSR0L           equ	4	;# 
  3934     0005                     FSR0H           equ	5	;# 
  3935     0006                     FSR1L           equ	6	;# 
  3936     0007                     FSR1H           equ	7	;# 
  3937     0008                     BSR             equ	8	;# 
  3938     0009                     WREG            equ	9	;# 
  3939     000A                     PCLATH          equ	10	;# 
  3940     000B                     INTCON          equ	11	;# 
  3941     000C                     PORTA           equ	12	;# 
  3942     000D                     PORTB           equ	13	;# 
  3943     000E                     PORTC           equ	14	;# 
  3944     000F                     PORTD           equ	15	;# 
  3945     0010                     PORTE           equ	16	;# 
  3946     0011                     TRISA           equ	17	;# 
  3947     0012                     TRISB           equ	18	;# 
  3948     0013                     TRISC           equ	19	;# 
  3949     0014                     TRISD           equ	20	;# 
  3950     0015                     TRISE           equ	21	;# 
  3951     0016                     LATA            equ	22	;# 
  3952     0017                     LATB            equ	23	;# 
  3953     0018                     LATC            equ	24	;# 
  3954     0019                     LATD            equ	25	;# 
  3955     001A                     LATE            equ	26	;# 
  3956     001C                     TMR0L           equ	28	;# 
  3957     001C                     TMR0            equ	28	;# 
  3958     001D                     TMR0H           equ	29	;# 
  3959     001D                     PR0             equ	29	;# 
  3960     001E                     T0CON0          equ	30	;# 
  3961     001F                     T0CON1          equ	31	;# 
  3962     008C                     ADRES           equ	140	;# 
  3963     008C                     ADRESL          equ	140	;# 
  3964     008D                     ADRESH          equ	141	;# 
  3965     008E                     ADPREV          equ	142	;# 
  3966     008E                     ADPREVL         equ	142	;# 
  3967     008F                     ADPREVH         equ	143	;# 
  3968     0090                     ADACC           equ	144	;# 
  3969     0090                     ADACCL          equ	144	;# 
  3970     0091                     ADACCH          equ	145	;# 
  3971     0093                     ADCON0          equ	147	;# 
  3972     0094                     ADCON1          equ	148	;# 
  3973     0095                     ADCON2          equ	149	;# 
  3974     0096                     ADCON3          equ	150	;# 
  3975     0097                     ADSTAT          equ	151	;# 
  3976     0098                     ADCLK           equ	152	;# 
  3977     0099                     ADACT           equ	153	;# 
  3978     009A                     ADREF           equ	154	;# 
  3979     009B                     ADCAP           equ	155	;# 
  3980     009C                     ADPRE           equ	156	;# 
  3981     009D                     ADACQ           equ	157	;# 
  3982     009E                     ADPCH           equ	158	;# 
  3983     010C                     ADCNT           equ	268	;# 
  3984     010D                     ADRPT           equ	269	;# 
  3985     010E                     ADLTH           equ	270	;# 
  3986     010E                     ADLTHL          equ	270	;# 
  3987     010F                     ADLTHH          equ	271	;# 
  3988     0110                     ADUTH           equ	272	;# 
  3989     0110                     ADUTHL          equ	272	;# 
  3990     0111                     ADUTHH          equ	273	;# 
  3991     0112                     ADSTPT          equ	274	;# 
  3992     0112                     ADSTPTL         equ	274	;# 
  3993     0113                     ADSTPTH         equ	275	;# 
  3994     0114                     ADFLTR          equ	276	;# 
  3995     0114                     ADFLTRL         equ	276	;# 
  3996     0115                     ADFLTRH         equ	277	;# 
  3997     0116                     ADERR           equ	278	;# 
  3998     0116                     ADERRL          equ	278	;# 
  3999     0117                     ADERRH          equ	279	;# 
  4000     0119                     RC1REG          equ	281	;# 
  4001     0119                     RCREG           equ	281	;# 
  4002     0119                     RCREG1          equ	281	;# 
  4003     011A                     TX1REG          equ	282	;# 
  4004     011A                     TXREG1          equ	282	;# 
  4005     011A                     TXREG           equ	282	;# 
  4006     011B                     SP1BRG          equ	283	;# 
  4007     011B                     SP1BRGL         equ	283	;# 
  4008     011B                     SPBRG           equ	283	;# 
  4009     011B                     SPBRG1          equ	283	;# 
  4010     011B                     SPBRGL          equ	283	;# 
  4011     011C                     SP1BRGH         equ	284	;# 
  4012     011C                     SPBRGH          equ	284	;# 
  4013     011C                     SPBRGH1         equ	284	;# 
  4014     011D                     RC1STA          equ	285	;# 
  4015     011D                     RCSTA1          equ	285	;# 
  4016     011D                     RCSTA           equ	285	;# 
  4017     011E                     TX1STA          equ	286	;# 
  4018     011E                     TXSTA1          equ	286	;# 
  4019     011E                     TXSTA           equ	286	;# 
  4020     011F                     BAUD1CON        equ	287	;# 
  4021     011F                     BAUDCON1        equ	287	;# 
  4022     011F                     BAUDCTL1        equ	287	;# 
  4023     011F                     BAUDCON         equ	287	;# 
  4024     011F                     BAUDCTL         equ	287	;# 
  4025     018C                     SSP1BUF         equ	396	;# 
  4026     018D                     SSP1ADD         equ	397	;# 
  4027     018E                     SSP1MSK         equ	398	;# 
  4028     018F                     SSP1STAT        equ	399	;# 
  4029     0190                     SSP1CON1        equ	400	;# 
  4030     0191                     SSP1CON2        equ	401	;# 
  4031     0192                     SSP1CON3        equ	402	;# 
  4032     0196                     SSP2BUF         equ	406	;# 
  4033     0197                     SSP2ADD         equ	407	;# 
  4034     0198                     SSP2MSK         equ	408	;# 
  4035     0199                     SSP2STAT        equ	409	;# 
  4036     019A                     SSP2CON1        equ	410	;# 
  4037     019B                     SSP2CON2        equ	411	;# 
  4038     019C                     SSP2CON3        equ	412	;# 
  4039     020C                     TMR1            equ	524	;# 
  4040     020C                     TMR1L           equ	524	;# 
  4041     020D                     TMR1H           equ	525	;# 
  4042     020E                     T1CON           equ	526	;# 
  4043     020F                     T1GCON          equ	527	;# 
  4044     020F                     PR1             equ	527	;# 
  4045     0210                     T1GATE          equ	528	;# 
  4046     0210                     TMR1GATE        equ	528	;# 
  4047     0211                     T1CLK           equ	529	;# 
  4048     0211                     TMR1CLK         equ	529	;# 
  4049     0212                     TMR3            equ	530	;# 
  4050     0212                     TMR3L           equ	530	;# 
  4051     0213                     TMR3H           equ	531	;# 
  4052     0214                     T3CON           equ	532	;# 
  4053     0215                     T3GCON          equ	533	;# 
  4054     0215                     PR3             equ	533	;# 
  4055     0216                     T3GATE          equ	534	;# 
  4056     0216                     TMR3GATE        equ	534	;# 
  4057     0217                     T3CLK           equ	535	;# 
  4058     0217                     TMR3CLK         equ	535	;# 
  4059     0218                     TMR5            equ	536	;# 
  4060     0218                     TMR5L           equ	536	;# 
  4061     0219                     TMR5H           equ	537	;# 
  4062     021A                     T5CON           equ	538	;# 
  4063     021B                     T5GCON          equ	539	;# 
  4064     021B                     PR5             equ	539	;# 
  4065     021C                     T5GATE          equ	540	;# 
  4066     021C                     TMR5GATE        equ	540	;# 
  4067     021D                     T5CLK           equ	541	;# 
  4068     021D                     TMR5CLK         equ	541	;# 
  4069     021E                     CCPTMRS0        equ	542	;# 
  4070     021F                     CCPTMRS1        equ	543	;# 
  4071     028C                     T2TMR           equ	652	;# 
  4072     028C                     TMR2            equ	652	;# 
  4073     028D                     T2PR            equ	653	;# 
  4074     028D                     PR2             equ	653	;# 
  4075     028E                     T2CON           equ	654	;# 
  4076     028F                     T2HLT           equ	655	;# 
  4077     0290                     T2CLKCON        equ	656	;# 
  4078     0290                     T2CLK           equ	656	;# 
  4079     0291                     T2RST           equ	657	;# 
  4080     0292                     T4TMR           equ	658	;# 
  4081     0292                     TMR4            equ	658	;# 
  4082     0293                     T4PR            equ	659	;# 
  4083     0293                     PR4             equ	659	;# 
  4084     0294                     T4CON           equ	660	;# 
  4085     0295                     T4HLT           equ	661	;# 
  4086     0296                     T4CLKCON        equ	662	;# 
  4087     0296                     T4CLK           equ	662	;# 
  4088     0297                     T4RST           equ	663	;# 
  4089     0298                     T6TMR           equ	664	;# 
  4090     0298                     TMR6            equ	664	;# 
  4091     0299                     T6PR            equ	665	;# 
  4092     0299                     PR6             equ	665	;# 
  4093     029A                     T6CON           equ	666	;# 
  4094     029B                     T6HLT           equ	667	;# 
  4095     029C                     T6CLKCON        equ	668	;# 
  4096     029C                     T6CLK           equ	668	;# 
  4097     029D                     T6RST           equ	669	;# 
  4098     030C                     CCPR1           equ	780	;# 
  4099     030C                     CCPR1L          equ	780	;# 
  4100     030D                     CCPR1H          equ	781	;# 
  4101     030E                     CCP1CON         equ	782	;# 
  4102     030F                     CCP1CAP         equ	783	;# 
  4103     0310                     CCPR2           equ	784	;# 
  4104     0310                     CCPR2L          equ	784	;# 
  4105     0311                     CCPR2H          equ	785	;# 
  4106     0312                     CCP2CON         equ	786	;# 
  4107     0313                     CCP2CAP         equ	787	;# 
  4108     0314                     CCPR3           equ	788	;# 
  4109     0314                     CCPR3L          equ	788	;# 
  4110     0315                     CCPR3H          equ	789	;# 
  4111     0316                     CCP3CON         equ	790	;# 
  4112     0317                     CCP3CAP         equ	791	;# 
  4113     0318                     CCPR4           equ	792	;# 
  4114     0318                     CCPR4L          equ	792	;# 
  4115     0319                     CCPR4H          equ	793	;# 
  4116     031A                     CCP4CON         equ	794	;# 
  4117     031B                     CCP4CAP         equ	795	;# 
  4118     031C                     CCPR5           equ	796	;# 
  4119     031C                     CCPR5L          equ	796	;# 
  4120     031D                     CCPR5H          equ	797	;# 
  4121     031E                     CCP5CON         equ	798	;# 
  4122     031F                     CCP5CAP         equ	799	;# 
  4123     038C                     PWM6DC          equ	908	;# 
  4124     038C                     PWM6DCL         equ	908	;# 
  4125     038D                     PWM6DCH         equ	909	;# 
  4126     038E                     PWM6CON         equ	910	;# 
  4127     0390                     PWM7DC          equ	912	;# 
  4128     0390                     PWM7DCL         equ	912	;# 
  4129     0391                     PWM7DCH         equ	913	;# 
  4130     0392                     PWM7CON         equ	914	;# 
  4131     040C                     SCANLADRL       equ	1036	;# 
  4132     040D                     SCANLADRH       equ	1037	;# 
  4133     040E                     SCANHADRL       equ	1038	;# 
  4134     040F                     SCANHADRH       equ	1039	;# 
  4135     0410                     SCANCON0        equ	1040	;# 
  4136     0411                     SCANTRIG        equ	1041	;# 
  4137     0416                     CRCDATA         equ	1046	;# 
  4138     0416                     CRCDATL         equ	1046	;# 
  4139     0417                     CRCDATH         equ	1047	;# 
  4140     0418                     CRCACC          equ	1048	;# 
  4141     0418                     CRCACCL         equ	1048	;# 
  4142     0419                     CRCACCH         equ	1049	;# 
  4143     041A                     CRCSHFT         equ	1050	;# 
  4144     041A                     CRCSHIFTL       equ	1050	;# 
  4145     041B                     CRCSHIFTH       equ	1051	;# 
  4146     041C                     CRCXOR          equ	1052	;# 
  4147     041C                     CRCXORL         equ	1052	;# 
  4148     041D                     CRCXORH         equ	1053	;# 
  4149     041E                     CRCCON0         equ	1054	;# 
  4150     041F                     CRCCON1         equ	1055	;# 
  4151     048C                     SMT1TMR         equ	1164	;# 
  4152     048C                     SMT1TMRL        equ	1164	;# 
  4153     048D                     SMT1TMRH        equ	1165	;# 
  4154     048E                     SMT1TMRU        equ	1166	;# 
  4155     048F                     SMT1CPR         equ	1167	;# 
  4156     048F                     SMT1CPRL        equ	1167	;# 
  4157     0490                     SMT1CPRH        equ	1168	;# 
  4158     0491                     SMT1CPRU        equ	1169	;# 
  4159     0492                     SMT1CPW         equ	1170	;# 
  4160     0492                     SMT1CPWL        equ	1170	;# 
  4161     0493                     SMT1CPWH        equ	1171	;# 
  4162     0494                     SMT1CPWU        equ	1172	;# 
  4163     0495                     SMT1PR          equ	1173	;# 
  4164     0495                     SMT1PRL         equ	1173	;# 
  4165     0496                     SMT1PRH         equ	1174	;# 
  4166     0497                     SMT1PRU         equ	1175	;# 
  4167     0498                     SMT1CON0        equ	1176	;# 
  4168     0499                     SMT1CON1        equ	1177	;# 
  4169     049A                     SMT1STAT        equ	1178	;# 
  4170     049B                     SMT1CLK         equ	1179	;# 
  4171     049C                     SMT1SIG         equ	1180	;# 
  4172     049D                     SMT1WIN         equ	1181	;# 
  4173     050C                     SMT2TMR         equ	1292	;# 
  4174     050C                     SMT2TMRL        equ	1292	;# 
  4175     050D                     SMT2TMRH        equ	1293	;# 
  4176     050E                     SMT2TMRU        equ	1294	;# 
  4177     050F                     SMT2CPR         equ	1295	;# 
  4178     050F                     SMT2CPRL        equ	1295	;# 
  4179     0510                     SMT2CPRH        equ	1296	;# 
  4180     0511                     SMT2CPRU        equ	1297	;# 
  4181     0512                     SMT2CPW         equ	1298	;# 
  4182     0512                     SMT2CPWL        equ	1298	;# 
  4183     0513                     SMT2CPWH        equ	1299	;# 
  4184     0514                     SMT2CPWU        equ	1300	;# 
  4185     0515                     SMT2PR          equ	1301	;# 
  4186     0515                     SMT2PRL         equ	1301	;# 
  4187     0516                     SMT2PRH         equ	1302	;# 
  4188     0517                     SMT2PRU         equ	1303	;# 
  4189     0518                     SMT2CON0        equ	1304	;# 
  4190     0519                     SMT2CON1        equ	1305	;# 
  4191     051A                     SMT2STAT        equ	1306	;# 
  4192     051B                     SMT2CLK         equ	1307	;# 
  4193     051C                     SMT2SIG         equ	1308	;# 
  4194     051D                     SMT2WIN         equ	1309	;# 
  4195     058C                     NCO1ACC         equ	1420	;# 
  4196     058C                     NCO1ACCL        equ	1420	;# 
  4197     058D                     NCO1ACCH        equ	1421	;# 
  4198     058E                     NCO1ACCU        equ	1422	;# 
  4199     058F                     NCO1INC         equ	1423	;# 
  4200     058F                     NCO1INCL        equ	1423	;# 
  4201     0590                     NCO1INCH        equ	1424	;# 
  4202     0591                     NCO1INCU        equ	1425	;# 
  4203     0592                     NCO1CON         equ	1426	;# 
  4204     0593                     NCO1CLK         equ	1427	;# 
  4205     060C                     CWG1CLKCON      equ	1548	;# 
  4206     060D                     CWG1ISM         equ	1549	;# 
  4207     060E                     CWG1DBR         equ	1550	;# 
  4208     060F                     CWG1DBF         equ	1551	;# 
  4209     0610                     CWG1CON0        equ	1552	;# 
  4210     0611                     CWG1CON1        equ	1553	;# 
  4211     0612                     CWG1AS0         equ	1554	;# 
  4212     0613                     CWG1AS1         equ	1555	;# 
  4213     0614                     CWG1STR         equ	1556	;# 
  4214     0616                     CWG2CLKCON      equ	1558	;# 
  4215     0617                     CWG2ISM         equ	1559	;# 
  4216     0618                     CWG2DBR         equ	1560	;# 
  4217     0619                     CWG2DBF         equ	1561	;# 
  4218     061A                     CWG2CON0        equ	1562	;# 
  4219     061B                     CWG2CON1        equ	1563	;# 
  4220     061C                     CWG2AS0         equ	1564	;# 
  4221     061D                     CWG2AS1         equ	1565	;# 
  4222     061E                     CWG2STR         equ	1566	;# 
  4223     068C                     CWG3CLKCON      equ	1676	;# 
  4224     068D                     CWG3ISM         equ	1677	;# 
  4225     068E                     CWG3DBR         equ	1678	;# 
  4226     068F                     CWG3DBF         equ	1679	;# 
  4227     0690                     CWG3CON0        equ	1680	;# 
  4228     0691                     CWG3CON1        equ	1681	;# 
  4229     0692                     CWG3AS0         equ	1682	;# 
  4230     0693                     CWG3AS1         equ	1683	;# 
  4231     0694                     CWG3STR         equ	1684	;# 
  4232     070C                     PIR0            equ	1804	;# 
  4233     070D                     PIR1            equ	1805	;# 
  4234     070E                     PIR2            equ	1806	;# 
  4235     070F                     PIR3            equ	1807	;# 
  4236     0710                     PIR4            equ	1808	;# 
  4237     0711                     PIR5            equ	1809	;# 
  4238     0712                     PIR6            equ	1810	;# 
  4239     0713                     PIR7            equ	1811	;# 
  4240     0714                     PIR8            equ	1812	;# 
  4241     0716                     PIE0            equ	1814	;# 
  4242     0717                     PIE1            equ	1815	;# 
  4243     0718                     PIE2            equ	1816	;# 
  4244     0719                     PIE3            equ	1817	;# 
  4245     071A                     PIE4            equ	1818	;# 
  4246     071B                     PIE5            equ	1819	;# 
  4247     071C                     PIE6            equ	1820	;# 
  4248     071D                     PIE7            equ	1821	;# 
  4249     071E                     PIE8            equ	1822	;# 
  4250     0796                     PMD0            equ	1942	;# 
  4251     0797                     PMD1            equ	1943	;# 
  4252     0798                     PMD2            equ	1944	;# 
  4253     0799                     PMD3            equ	1945	;# 
  4254     079A                     PMD4            equ	1946	;# 
  4255     079B                     PMD5            equ	1947	;# 
  4256     080C                     WDTCON0         equ	2060	;# 
  4257     080D                     WDTCON1         equ	2061	;# 
  4258     080E                     WDTPSL          equ	2062	;# 
  4259     080F                     WDTPSH          equ	2063	;# 
  4260     0810                     WDTTMR          equ	2064	;# 
  4261     0811                     BORCON          equ	2065	;# 
  4262     0812                     VREGCON         equ	2066	;# 
  4263     0813                     PCON0           equ	2067	;# 
  4264     0814                     CCDCON          equ	2068	;# 
  4265     081A                     NVMADRL         equ	2074	;# 
  4266     081B                     NVMADRH         equ	2075	;# 
  4267     081C                     NVMDATL         equ	2076	;# 
  4268     081D                     NVMDATH         equ	2077	;# 
  4269     081E                     NVMCON1         equ	2078	;# 
  4270     081F                     NVMCON2         equ	2079	;# 
  4271     088C                     CPUDOZE         equ	2188	;# 
  4272     088D                     OSCCON1         equ	2189	;# 
  4273     088E                     OSCCON2         equ	2190	;# 
  4274     088F                     OSCCON3         equ	2191	;# 
  4275     0890                     OSCSTAT         equ	2192	;# 
  4276     0891                     OSCEN           equ	2193	;# 
  4277     0892                     OSCTUNE         equ	2194	;# 
  4278     0893                     OSCFRQ          equ	2195	;# 
  4279     0895                     CLKRCON         equ	2197	;# 
  4280     0896                     CLKRCLK         equ	2198	;# 
  4281     0897                     MDCON0          equ	2199	;# 
  4282     0898                     MDCON1          equ	2200	;# 
  4283     0899                     MDSRC           equ	2201	;# 
  4284     089A                     MDCARL          equ	2202	;# 
  4285     089B                     MDCARH          equ	2203	;# 
  4286     090C                     FVRCON          equ	2316	;# 
  4287     090E                     DAC1CON0        equ	2318	;# 
  4288     090F                     DAC1CON1        equ	2319	;# 
  4289     091F                     ZCD1CON         equ	2335	;# 
  4290     091F                     ZCDCON          equ	2335	;# 
  4291     098F                     CMOUT           equ	2447	;# 
  4292     098F                     CMSTAT          equ	2447	;# 
  4293     0990                     CM1CON0         equ	2448	;# 
  4294     0991                     CM1CON1         equ	2449	;# 
  4295     0992                     CM1NSEL         equ	2450	;# 
  4296     0993                     CM1PSEL         equ	2451	;# 
  4297     0994                     CM2CON0         equ	2452	;# 
  4298     0995                     CM2CON1         equ	2453	;# 
  4299     0996                     CM2NSEL         equ	2454	;# 
  4300     0997                     CM2PSEL         equ	2455	;# 
  4301     0E0F                     CLCDATA         equ	3599	;# 
  4302     0E10                     CLC1CON         equ	3600	;# 
  4303     0E11                     CLC1POL         equ	3601	;# 
  4304     0E12                     CLC1SEL0        equ	3602	;# 
  4305     0E13                     CLC1SEL1        equ	3603	;# 
  4306     0E14                     CLC1SEL2        equ	3604	;# 
  4307     0E15                     CLC1SEL3        equ	3605	;# 
  4308     0E16                     CLC1GLS0        equ	3606	;# 
  4309     0E17                     CLC1GLS1        equ	3607	;# 
  4310     0E18                     CLC1GLS2        equ	3608	;# 
  4311     0E19                     CLC1GLS3        equ	3609	;# 
  4312     0E1A                     CLC2CON         equ	3610	;# 
  4313     0E1B                     CLC2POL         equ	3611	;# 
  4314     0E1C                     CLC2SEL0        equ	3612	;# 
  4315     0E1D                     CLC2SEL1        equ	3613	;# 
  4316     0E1E                     CLC2SEL2        equ	3614	;# 
  4317     0E1F                     CLC2SEL3        equ	3615	;# 
  4318     0E20                     CLC2GLS0        equ	3616	;# 
  4319     0E21                     CLC2GLS1        equ	3617	;# 
  4320     0E22                     CLC2GLS2        equ	3618	;# 
  4321     0E23                     CLC2GLS3        equ	3619	;# 
  4322     0E24                     CLC3CON         equ	3620	;# 
  4323     0E25                     CLC3POL         equ	3621	;# 
  4324     0E26                     CLC3SEL0        equ	3622	;# 
  4325     0E27                     CLC3SEL1        equ	3623	;# 
  4326     0E28                     CLC3SEL2        equ	3624	;# 
  4327     0E29                     CLC3SEL3        equ	3625	;# 
  4328     0E2A                     CLC3GLS0        equ	3626	;# 
  4329     0E2B                     CLC3GLS1        equ	3627	;# 
  4330     0E2C                     CLC3GLS2        equ	3628	;# 
  4331     0E2D                     CLC3GLS3        equ	3629	;# 
  4332     0E2E                     CLC4CON         equ	3630	;# 
  4333     0E2F                     CLC4POL         equ	3631	;# 
  4334     0E30                     CLC4SEL0        equ	3632	;# 
  4335     0E31                     CLC4SEL1        equ	3633	;# 
  4336     0E32                     CLC4SEL2        equ	3634	;# 
  4337     0E33                     CLC4SEL3        equ	3635	;# 
  4338     0E34                     CLC4GLS0        equ	3636	;# 
  4339     0E35                     CLC4GLS1        equ	3637	;# 
  4340     0E36                     CLC4GLS2        equ	3638	;# 
  4341     0E37                     CLC4GLS3        equ	3639	;# 
  4342     0E8F                     PPSLOCK         equ	3727	;# 
  4343     0E90                     INTPPS          equ	3728	;# 
  4344     0E91                     T0CKIPPS        equ	3729	;# 
  4345     0E92                     T1CKIPPS        equ	3730	;# 
  4346     0E93                     T1GPPS          equ	3731	;# 
  4347     0E94                     T3CKIPPS        equ	3732	;# 
  4348     0E95                     T3GPPS          equ	3733	;# 
  4349     0E96                     T5CKIPPS        equ	3734	;# 
  4350     0E97                     T5GPPS          equ	3735	;# 
  4351     0E9C                     T2AINPPS        equ	3740	;# 
  4352     0E9D                     T4AINPPS        equ	3741	;# 
  4353     0E9E                     T6AINPPS        equ	3742	;# 
  4354     0EA1                     CCP1PPS         equ	3745	;# 
  4355     0EA2                     CCP2PPS         equ	3746	;# 
  4356     0EA3                     CCP3PPS         equ	3747	;# 
  4357     0EA4                     CCP4PPS         equ	3748	;# 
  4358     0EA5                     CCP5PPS         equ	3749	;# 
  4359     0EA9                     SMT1WINPPS      equ	3753	;# 
  4360     0EAA                     SMT1SIGPPS      equ	3754	;# 
  4361     0EAB                     SMT2WINPPS      equ	3755	;# 
  4362     0EAC                     SMT2SIGPPS      equ	3756	;# 
  4363     0EB1                     CWG1PPS         equ	3761	;# 
  4364     0EB2                     CWG2PPS         equ	3762	;# 
  4365     0EB3                     CWG3PPS         equ	3763	;# 
  4366     0EB8                     MDCARLPPS       equ	3768	;# 
  4367     0EB9                     MDCARHPPS       equ	3769	;# 
  4368     0EBA                     MDSRCPPS        equ	3770	;# 
  4369     0EBB                     CLCIN0PPS       equ	3771	;# 
  4370     0EBC                     CLCIN1PPS       equ	3772	;# 
  4371     0EBD                     CLCIN2PPS       equ	3773	;# 
  4372     0EBE                     CLCIN3PPS       equ	3774	;# 
  4373     0EC3                     ADCACTPPS       equ	3779	;# 
  4374     0EC5                     SSP1CLKPPS      equ	3781	;# 
  4375     0EC6                     SSP1DATPPS      equ	3782	;# 
  4376     0EC7                     SSP1SSPPS       equ	3783	;# 
  4377     0EC8                     SSP2CLKPPS      equ	3784	;# 
  4378     0EC9                     SSP2DATPPS      equ	3785	;# 
  4379     0ECA                     SSP2SSPPS       equ	3786	;# 
  4380     0ECB                     RXPPS           equ	3787	;# 
  4381     0ECC                     TXPPS           equ	3788	;# 
  4382     0F10                     RA0PPS          equ	3856	;# 
  4383     0F11                     RA1PPS          equ	3857	;# 
  4384     0F12                     RA2PPS          equ	3858	;# 
  4385     0F13                     RA3PPS          equ	3859	;# 
  4386     0F14                     RA4PPS          equ	3860	;# 
  4387     0F15                     RA5PPS          equ	3861	;# 
  4388     0F16                     RA6PPS          equ	3862	;# 
  4389     0F17                     RA7PPS          equ	3863	;# 
  4390     0F18                     RB0PPS          equ	3864	;# 
  4391     0F19                     RB1PPS          equ	3865	;# 
  4392     0F1A                     RB2PPS          equ	3866	;# 
  4393     0F1B                     RB3PPS          equ	3867	;# 
  4394     0F1C                     RB4PPS          equ	3868	;# 
  4395     0F1D                     RB5PPS          equ	3869	;# 
  4396     0F1E                     RB6PPS          equ	3870	;# 
  4397     0F1F                     RB7PPS          equ	3871	;# 
  4398     0F20                     RC0PPS          equ	3872	;# 
  4399     0F21                     RC1PPS          equ	3873	;# 
  4400     0F22                     RC2PPS          equ	3874	;# 
  4401     0F23                     RC3PPS          equ	3875	;# 
  4402     0F24                     RC4PPS          equ	3876	;# 
  4403     0F25                     RC5PPS          equ	3877	;# 
  4404     0F26                     RC6PPS          equ	3878	;# 
  4405     0F27                     RC7PPS          equ	3879	;# 
  4406     0F28                     RD0PPS          equ	3880	;# 
  4407     0F29                     RD1PPS          equ	3881	;# 
  4408     0F2A                     RD2PPS          equ	3882	;# 
  4409     0F2B                     RD3PPS          equ	3883	;# 
  4410     0F2C                     RD4PPS          equ	3884	;# 
  4411     0F2D                     RD5PPS          equ	3885	;# 
  4412     0F2E                     RD6PPS          equ	3886	;# 
  4413     0F2F                     RD7PPS          equ	3887	;# 
  4414     0F30                     RE0PPS          equ	3888	;# 
  4415     0F31                     RE1PPS          equ	3889	;# 
  4416     0F32                     RE2PPS          equ	3890	;# 
  4417     0F38                     ANSELA          equ	3896	;# 
  4418     0F39                     WPUA            equ	3897	;# 
  4419     0F3A                     ODCONA          equ	3898	;# 
  4420     0F3B                     SLRCONA         equ	3899	;# 
  4421     0F3C                     INLVLA          equ	3900	;# 
  4422     0F3D                     IOCAP           equ	3901	;# 
  4423     0F3E                     IOCAN           equ	3902	;# 
  4424     0F3F                     IOCAF           equ	3903	;# 
  4425     0F40                     CCDNA           equ	3904	;# 
  4426     0F41                     CCDPA           equ	3905	;# 
  4427     0F43                     ANSELB          equ	3907	;# 
  4428     0F44                     WPUB            equ	3908	;# 
  4429     0F45                     ODCONB          equ	3909	;# 
  4430     0F46                     SLRCONB         equ	3910	;# 
  4431     0F47                     INLVLB          equ	3911	;# 
  4432     0F48                     IOCBP           equ	3912	;# 
  4433     0F49                     IOCBN           equ	3913	;# 
  4434     0F4A                     IOCBF           equ	3914	;# 
  4435     0F4B                     CCDNB           equ	3915	;# 
  4436     0F4C                     CCDPB           equ	3916	;# 
  4437     0F4E                     ANSELC          equ	3918	;# 
  4438     0F4F                     WPUC            equ	3919	;# 
  4439     0F50                     ODCONC          equ	3920	;# 
  4440     0F51                     SLRCONC         equ	3921	;# 
  4441     0F52                     INLVLC          equ	3922	;# 
  4442     0F53                     IOCCP           equ	3923	;# 
  4443     0F54                     IOCCN           equ	3924	;# 
  4444     0F55                     IOCCF           equ	3925	;# 
  4445     0F56                     CCDNC           equ	3926	;# 
  4446     0F57                     CCDPC           equ	3927	;# 
  4447     0F59                     ANSELD          equ	3929	;# 
  4448     0F5A                     WPUD            equ	3930	;# 
  4449     0F5B                     ODCOND          equ	3931	;# 
  4450     0F5C                     SLRCOND         equ	3932	;# 
  4451     0F5D                     INLVLD          equ	3933	;# 
  4452     0F61                     CCDND           equ	3937	;# 
  4453     0F62                     CCDPD           equ	3938	;# 
  4454     0F64                     ANSELE          equ	3940	;# 
  4455     0F65                     WPUE            equ	3941	;# 
  4456     0F66                     ODCONE          equ	3942	;# 
  4457     0F67                     SLRCONE         equ	3943	;# 
  4458     0F68                     INLVLE          equ	3944	;# 
  4459     0F69                     IOCEP           equ	3945	;# 
  4460     0F6A                     IOCEN           equ	3946	;# 
  4461     0F6B                     IOCEF           equ	3947	;# 
  4462     0F6C                     CCDNE           equ	3948	;# 
  4463     0F6D                     CCDPE           equ	3949	;# 
  4464     0FE4                     STATUS_SHAD     equ	4068	;# 
  4465     0FE5                     WREG_SHAD       equ	4069	;# 
  4466     0FE6                     BSR_SHAD        equ	4070	;# 
  4467     0FE7                     PCLATH_SHAD     equ	4071	;# 
  4468     0FE8                     FSR0L_SHAD      equ	4072	;# 
  4469     0FE9                     FSR0H_SHAD      equ	4073	;# 
  4470     0FEA                     FSR1L_SHAD      equ	4074	;# 
  4471     0FEB                     FSR1H_SHAD      equ	4075	;# 
  4472     0FED                     STKPTR          equ	4077	;# 
  4473     0FEE                     TOSL            equ	4078	;# 
  4474     0FEF                     TOSH            equ	4079	;# 
  4475     0000                     INDF0           equ	0	;# 
  4476     0001                     INDF1           equ	1	;# 
  4477     0002                     PCL             equ	2	;# 
  4478     0003                     STATUS          equ	3	;# 
  4479     0004                     FSR0L           equ	4	;# 
  4480     0005                     FSR0H           equ	5	;# 
  4481     0006                     FSR1L           equ	6	;# 
  4482     0007                     FSR1H           equ	7	;# 
  4483     0008                     BSR             equ	8	;# 
  4484     0009                     WREG            equ	9	;# 
  4485     000A                     PCLATH          equ	10	;# 
  4486     000B                     INTCON          equ	11	;# 
  4487     000C                     PORTA           equ	12	;# 
  4488     000D                     PORTB           equ	13	;# 
  4489     000E                     PORTC           equ	14	;# 
  4490     000F                     PORTD           equ	15	;# 
  4491     0010                     PORTE           equ	16	;# 
  4492     0011                     TRISA           equ	17	;# 
  4493     0012                     TRISB           equ	18	;# 
  4494     0013                     TRISC           equ	19	;# 
  4495     0014                     TRISD           equ	20	;# 
  4496     0015                     TRISE           equ	21	;# 
  4497     0016                     LATA            equ	22	;# 
  4498     0017                     LATB            equ	23	;# 
  4499     0018                     LATC            equ	24	;# 
  4500     0019                     LATD            equ	25	;# 
  4501     001A                     LATE            equ	26	;# 
  4502     001C                     TMR0L           equ	28	;# 
  4503     001C                     TMR0            equ	28	;# 
  4504     001D                     TMR0H           equ	29	;# 
  4505     001D                     PR0             equ	29	;# 
  4506     001E                     T0CON0          equ	30	;# 
  4507     001F                     T0CON1          equ	31	;# 
  4508     008C                     ADRES           equ	140	;# 
  4509     008C                     ADRESL          equ	140	;# 
  4510     008D                     ADRESH          equ	141	;# 
  4511     008E                     ADPREV          equ	142	;# 
  4512     008E                     ADPREVL         equ	142	;# 
  4513     008F                     ADPREVH         equ	143	;# 
  4514     0090                     ADACC           equ	144	;# 
  4515     0090                     ADACCL          equ	144	;# 
  4516     0091                     ADACCH          equ	145	;# 
  4517     0093                     ADCON0          equ	147	;# 
  4518     0094                     ADCON1          equ	148	;# 
  4519     0095                     ADCON2          equ	149	;# 
  4520     0096                     ADCON3          equ	150	;# 
  4521     0097                     ADSTAT          equ	151	;# 
  4522     0098                     ADCLK           equ	152	;# 
  4523     0099                     ADACT           equ	153	;# 
  4524     009A                     ADREF           equ	154	;# 
  4525     009B                     ADCAP           equ	155	;# 
  4526     009C                     ADPRE           equ	156	;# 
  4527     009D                     ADACQ           equ	157	;# 
  4528     009E                     ADPCH           equ	158	;# 
  4529     010C                     ADCNT           equ	268	;# 
  4530     010D                     ADRPT           equ	269	;# 
  4531     010E                     ADLTH           equ	270	;# 
  4532     010E                     ADLTHL          equ	270	;# 
  4533     010F                     ADLTHH          equ	271	;# 
  4534     0110                     ADUTH           equ	272	;# 
  4535     0110                     ADUTHL          equ	272	;# 
  4536     0111                     ADUTHH          equ	273	;# 
  4537     0112                     ADSTPT          equ	274	;# 
  4538     0112                     ADSTPTL         equ	274	;# 
  4539     0113                     ADSTPTH         equ	275	;# 
  4540     0114                     ADFLTR          equ	276	;# 
  4541     0114                     ADFLTRL         equ	276	;# 
  4542     0115                     ADFLTRH         equ	277	;# 
  4543     0116                     ADERR           equ	278	;# 
  4544     0116                     ADERRL          equ	278	;# 
  4545     0117                     ADERRH          equ	279	;# 
  4546     0119                     RC1REG          equ	281	;# 
  4547     0119                     RCREG           equ	281	;# 
  4548     0119                     RCREG1          equ	281	;# 
  4549     011A                     TX1REG          equ	282	;# 
  4550     011A                     TXREG1          equ	282	;# 
  4551     011A                     TXREG           equ	282	;# 
  4552     011B                     SP1BRG          equ	283	;# 
  4553     011B                     SP1BRGL         equ	283	;# 
  4554     011B                     SPBRG           equ	283	;# 
  4555     011B                     SPBRG1          equ	283	;# 
  4556     011B                     SPBRGL          equ	283	;# 
  4557     011C                     SP1BRGH         equ	284	;# 
  4558     011C                     SPBRGH          equ	284	;# 
  4559     011C                     SPBRGH1         equ	284	;# 
  4560     011D                     RC1STA          equ	285	;# 
  4561     011D                     RCSTA1          equ	285	;# 
  4562     011D                     RCSTA           equ	285	;# 
  4563     011E                     TX1STA          equ	286	;# 
  4564     011E                     TXSTA1          equ	286	;# 
  4565     011E                     TXSTA           equ	286	;# 
  4566     011F                     BAUD1CON        equ	287	;# 
  4567     011F                     BAUDCON1        equ	287	;# 
  4568     011F                     BAUDCTL1        equ	287	;# 
  4569     011F                     BAUDCON         equ	287	;# 
  4570     011F                     BAUDCTL         equ	287	;# 
  4571     018C                     SSP1BUF         equ	396	;# 
  4572     018D                     SSP1ADD         equ	397	;# 
  4573     018E                     SSP1MSK         equ	398	;# 
  4574     018F                     SSP1STAT        equ	399	;# 
  4575     0190                     SSP1CON1        equ	400	;# 
  4576     0191                     SSP1CON2        equ	401	;# 
  4577     0192                     SSP1CON3        equ	402	;# 
  4578     0196                     SSP2BUF         equ	406	;# 
  4579     0197                     SSP2ADD         equ	407	;# 
  4580     0198                     SSP2MSK         equ	408	;# 
  4581     0199                     SSP2STAT        equ	409	;# 
  4582     019A                     SSP2CON1        equ	410	;# 
  4583     019B                     SSP2CON2        equ	411	;# 
  4584     019C                     SSP2CON3        equ	412	;# 
  4585     020C                     TMR1            equ	524	;# 
  4586     020C                     TMR1L           equ	524	;# 
  4587     020D                     TMR1H           equ	525	;# 
  4588     020E                     T1CON           equ	526	;# 
  4589     020F                     T1GCON          equ	527	;# 
  4590     020F                     PR1             equ	527	;# 
  4591     0210                     T1GATE          equ	528	;# 
  4592     0210                     TMR1GATE        equ	528	;# 
  4593     0211                     T1CLK           equ	529	;# 
  4594     0211                     TMR1CLK         equ	529	;# 
  4595     0212                     TMR3            equ	530	;# 
  4596     0212                     TMR3L           equ	530	;# 
  4597     0213                     TMR3H           equ	531	;# 
  4598     0214                     T3CON           equ	532	;# 
  4599     0215                     T3GCON          equ	533	;# 
  4600     0215                     PR3             equ	533	;# 
  4601     0216                     T3GATE          equ	534	;# 
  4602     0216                     TMR3GATE        equ	534	;# 
  4603     0217                     T3CLK           equ	535	;# 
  4604     0217                     TMR3CLK         equ	535	;# 
  4605     0218                     TMR5            equ	536	;# 
  4606     0218                     TMR5L           equ	536	;# 
  4607     0219                     TMR5H           equ	537	;# 
  4608     021A                     T5CON           equ	538	;# 
  4609     021B                     T5GCON          equ	539	;# 
  4610     021B                     PR5             equ	539	;# 
  4611     021C                     T5GATE          equ	540	;# 
  4612     021C                     TMR5GATE        equ	540	;# 
  4613     021D                     T5CLK           equ	541	;# 
  4614     021D                     TMR5CLK         equ	541	;# 
  4615     021E                     CCPTMRS0        equ	542	;# 
  4616     021F                     CCPTMRS1        equ	543	;# 
  4617     028C                     T2TMR           equ	652	;# 
  4618     028C                     TMR2            equ	652	;# 
  4619     028D                     T2PR            equ	653	;# 
  4620     028D                     PR2             equ	653	;# 
  4621     028E                     T2CON           equ	654	;# 
  4622     028F                     T2HLT           equ	655	;# 
  4623     0290                     T2CLKCON        equ	656	;# 
  4624     0290                     T2CLK           equ	656	;# 
  4625     0291                     T2RST           equ	657	;# 
  4626     0292                     T4TMR           equ	658	;# 
  4627     0292                     TMR4            equ	658	;# 
  4628     0293                     T4PR            equ	659	;# 
  4629     0293                     PR4             equ	659	;# 
  4630     0294                     T4CON           equ	660	;# 
  4631     0295                     T4HLT           equ	661	;# 
  4632     0296                     T4CLKCON        equ	662	;# 
  4633     0296                     T4CLK           equ	662	;# 
  4634     0297                     T4RST           equ	663	;# 
  4635     0298                     T6TMR           equ	664	;# 
  4636     0298                     TMR6            equ	664	;# 
  4637     0299                     T6PR            equ	665	;# 
  4638     0299                     PR6             equ	665	;# 
  4639     029A                     T6CON           equ	666	;# 
  4640     029B                     T6HLT           equ	667	;# 
  4641     029C                     T6CLKCON        equ	668	;# 
  4642     029C                     T6CLK           equ	668	;# 
  4643     029D                     T6RST           equ	669	;# 
  4644     030C                     CCPR1           equ	780	;# 
  4645     030C                     CCPR1L          equ	780	;# 
  4646     030D                     CCPR1H          equ	781	;# 
  4647     030E                     CCP1CON         equ	782	;# 
  4648     030F                     CCP1CAP         equ	783	;# 
  4649     0310                     CCPR2           equ	784	;# 
  4650     0310                     CCPR2L          equ	784	;# 
  4651     0311                     CCPR2H          equ	785	;# 
  4652     0312                     CCP2CON         equ	786	;# 
  4653     0313                     CCP2CAP         equ	787	;# 
  4654     0314                     CCPR3           equ	788	;# 
  4655     0314                     CCPR3L          equ	788	;# 
  4656     0315                     CCPR3H          equ	789	;# 
  4657     0316                     CCP3CON         equ	790	;# 
  4658     0317                     CCP3CAP         equ	791	;# 
  4659     0318                     CCPR4           equ	792	;# 
  4660     0318                     CCPR4L          equ	792	;# 
  4661     0319                     CCPR4H          equ	793	;# 
  4662     031A                     CCP4CON         equ	794	;# 
  4663     031B                     CCP4CAP         equ	795	;# 
  4664     031C                     CCPR5           equ	796	;# 
  4665     031C                     CCPR5L          equ	796	;# 
  4666     031D                     CCPR5H          equ	797	;# 
  4667     031E                     CCP5CON         equ	798	;# 
  4668     031F                     CCP5CAP         equ	799	;# 
  4669     038C                     PWM6DC          equ	908	;# 
  4670     038C                     PWM6DCL         equ	908	;# 
  4671     038D                     PWM6DCH         equ	909	;# 
  4672     038E                     PWM6CON         equ	910	;# 
  4673     0390                     PWM7DC          equ	912	;# 
  4674     0390                     PWM7DCL         equ	912	;# 
  4675     0391                     PWM7DCH         equ	913	;# 
  4676     0392                     PWM7CON         equ	914	;# 
  4677     040C                     SCANLADRL       equ	1036	;# 
  4678     040D                     SCANLADRH       equ	1037	;# 
  4679     040E                     SCANHADRL       equ	1038	;# 
  4680     040F                     SCANHADRH       equ	1039	;# 
  4681     0410                     SCANCON0        equ	1040	;# 
  4682     0411                     SCANTRIG        equ	1041	;# 
  4683     0416                     CRCDATA         equ	1046	;# 
  4684     0416                     CRCDATL         equ	1046	;# 
  4685     0417                     CRCDATH         equ	1047	;# 
  4686     0418                     CRCACC          equ	1048	;# 
  4687     0418                     CRCACCL         equ	1048	;# 
  4688     0419                     CRCACCH         equ	1049	;# 
  4689     041A                     CRCSHFT         equ	1050	;# 
  4690     041A                     CRCSHIFTL       equ	1050	;# 
  4691     041B                     CRCSHIFTH       equ	1051	;# 
  4692     041C                     CRCXOR          equ	1052	;# 
  4693     041C                     CRCXORL         equ	1052	;# 
  4694     041D                     CRCXORH         equ	1053	;# 
  4695     041E                     CRCCON0         equ	1054	;# 
  4696     041F                     CRCCON1         equ	1055	;# 
  4697     048C                     SMT1TMR         equ	1164	;# 
  4698     048C                     SMT1TMRL        equ	1164	;# 
  4699     048D                     SMT1TMRH        equ	1165	;# 
  4700     048E                     SMT1TMRU        equ	1166	;# 
  4701     048F                     SMT1CPR         equ	1167	;# 
  4702     048F                     SMT1CPRL        equ	1167	;# 
  4703     0490                     SMT1CPRH        equ	1168	;# 
  4704     0491                     SMT1CPRU        equ	1169	;# 
  4705     0492                     SMT1CPW         equ	1170	;# 
  4706     0492                     SMT1CPWL        equ	1170	;# 
  4707     0493                     SMT1CPWH        equ	1171	;# 
  4708     0494                     SMT1CPWU        equ	1172	;# 
  4709     0495                     SMT1PR          equ	1173	;# 
  4710     0495                     SMT1PRL         equ	1173	;# 
  4711     0496                     SMT1PRH         equ	1174	;# 
  4712     0497                     SMT1PRU         equ	1175	;# 
  4713     0498                     SMT1CON0        equ	1176	;# 
  4714     0499                     SMT1CON1        equ	1177	;# 
  4715     049A                     SMT1STAT        equ	1178	;# 
  4716     049B                     SMT1CLK         equ	1179	;# 
  4717     049C                     SMT1SIG         equ	1180	;# 
  4718     049D                     SMT1WIN         equ	1181	;# 
  4719     050C                     SMT2TMR         equ	1292	;# 
  4720     050C                     SMT2TMRL        equ	1292	;# 
  4721     050D                     SMT2TMRH        equ	1293	;# 
  4722     050E                     SMT2TMRU        equ	1294	;# 
  4723     050F                     SMT2CPR         equ	1295	;# 
  4724     050F                     SMT2CPRL        equ	1295	;# 
  4725     0510                     SMT2CPRH        equ	1296	;# 
  4726     0511                     SMT2CPRU        equ	1297	;# 
  4727     0512                     SMT2CPW         equ	1298	;# 
  4728     0512                     SMT2CPWL        equ	1298	;# 
  4729     0513                     SMT2CPWH        equ	1299	;# 
  4730     0514                     SMT2CPWU        equ	1300	;# 
  4731     0515                     SMT2PR          equ	1301	;# 
  4732     0515                     SMT2PRL         equ	1301	;# 
  4733     0516                     SMT2PRH         equ	1302	;# 
  4734     0517                     SMT2PRU         equ	1303	;# 
  4735     0518                     SMT2CON0        equ	1304	;# 
  4736     0519                     SMT2CON1        equ	1305	;# 
  4737     051A                     SMT2STAT        equ	1306	;# 
  4738     051B                     SMT2CLK         equ	1307	;# 
  4739     051C                     SMT2SIG         equ	1308	;# 
  4740     051D                     SMT2WIN         equ	1309	;# 
  4741     058C                     NCO1ACC         equ	1420	;# 
  4742     058C                     NCO1ACCL        equ	1420	;# 
  4743     058D                     NCO1ACCH        equ	1421	;# 
  4744     058E                     NCO1ACCU        equ	1422	;# 
  4745     058F                     NCO1INC         equ	1423	;# 
  4746     058F                     NCO1INCL        equ	1423	;# 
  4747     0590                     NCO1INCH        equ	1424	;# 
  4748     0591                     NCO1INCU        equ	1425	;# 
  4749     0592                     NCO1CON         equ	1426	;# 
  4750     0593                     NCO1CLK         equ	1427	;# 
  4751     060C                     CWG1CLKCON      equ	1548	;# 
  4752     060D                     CWG1ISM         equ	1549	;# 
  4753     060E                     CWG1DBR         equ	1550	;# 
  4754     060F                     CWG1DBF         equ	1551	;# 
  4755     0610                     CWG1CON0        equ	1552	;# 
  4756     0611                     CWG1CON1        equ	1553	;# 
  4757     0612                     CWG1AS0         equ	1554	;# 
  4758     0613                     CWG1AS1         equ	1555	;# 
  4759     0614                     CWG1STR         equ	1556	;# 
  4760     0616                     CWG2CLKCON      equ	1558	;# 
  4761     0617                     CWG2ISM         equ	1559	;# 
  4762     0618                     CWG2DBR         equ	1560	;# 
  4763     0619                     CWG2DBF         equ	1561	;# 
  4764     061A                     CWG2CON0        equ	1562	;# 
  4765     061B                     CWG2CON1        equ	1563	;# 
  4766     061C                     CWG2AS0         equ	1564	;# 
  4767     061D                     CWG2AS1         equ	1565	;# 
  4768     061E                     CWG2STR         equ	1566	;# 
  4769     068C                     CWG3CLKCON      equ	1676	;# 
  4770     068D                     CWG3ISM         equ	1677	;# 
  4771     068E                     CWG3DBR         equ	1678	;# 
  4772     068F                     CWG3DBF         equ	1679	;# 
  4773     0690                     CWG3CON0        equ	1680	;# 
  4774     0691                     CWG3CON1        equ	1681	;# 
  4775     0692                     CWG3AS0         equ	1682	;# 
  4776     0693                     CWG3AS1         equ	1683	;# 
  4777     0694                     CWG3STR         equ	1684	;# 
  4778     070C                     PIR0            equ	1804	;# 
  4779     070D                     PIR1            equ	1805	;# 
  4780     070E                     PIR2            equ	1806	;# 
  4781     070F                     PIR3            equ	1807	;# 
  4782     0710                     PIR4            equ	1808	;# 
  4783     0711                     PIR5            equ	1809	;# 
  4784     0712                     PIR6            equ	1810	;# 
  4785     0713                     PIR7            equ	1811	;# 
  4786     0714                     PIR8            equ	1812	;# 
  4787     0716                     PIE0            equ	1814	;# 
  4788     0717                     PIE1            equ	1815	;# 
  4789     0718                     PIE2            equ	1816	;# 
  4790     0719                     PIE3            equ	1817	;# 
  4791     071A                     PIE4            equ	1818	;# 
  4792     071B                     PIE5            equ	1819	;# 
  4793     071C                     PIE6            equ	1820	;# 
  4794     071D                     PIE7            equ	1821	;# 
  4795     071E                     PIE8            equ	1822	;# 
  4796     0796                     PMD0            equ	1942	;# 
  4797     0797                     PMD1            equ	1943	;# 
  4798     0798                     PMD2            equ	1944	;# 
  4799     0799                     PMD3            equ	1945	;# 
  4800     079A                     PMD4            equ	1946	;# 
  4801     079B                     PMD5            equ	1947	;# 
  4802     080C                     WDTCON0         equ	2060	;# 
  4803     080D                     WDTCON1         equ	2061	;# 
  4804     080E                     WDTPSL          equ	2062	;# 
  4805     080F                     WDTPSH          equ	2063	;# 
  4806     0810                     WDTTMR          equ	2064	;# 
  4807     0811                     BORCON          equ	2065	;# 
  4808     0812                     VREGCON         equ	2066	;# 
  4809     0813                     PCON0           equ	2067	;# 
  4810     0814                     CCDCON          equ	2068	;# 
  4811     081A                     NVMADRL         equ	2074	;# 
  4812     081B                     NVMADRH         equ	2075	;# 
  4813     081C                     NVMDATL         equ	2076	;# 
  4814     081D                     NVMDATH         equ	2077	;# 
  4815     081E                     NVMCON1         equ	2078	;# 
  4816     081F                     NVMCON2         equ	2079	;# 
  4817     088C                     CPUDOZE         equ	2188	;# 
  4818     088D                     OSCCON1         equ	2189	;# 
  4819     088E                     OSCCON2         equ	2190	;# 
  4820     088F                     OSCCON3         equ	2191	;# 
  4821     0890                     OSCSTAT         equ	2192	;# 
  4822     0891                     OSCEN           equ	2193	;# 
  4823     0892                     OSCTUNE         equ	2194	;# 
  4824     0893                     OSCFRQ          equ	2195	;# 
  4825     0895                     CLKRCON         equ	2197	;# 
  4826     0896                     CLKRCLK         equ	2198	;# 
  4827     0897                     MDCON0          equ	2199	;# 
  4828     0898                     MDCON1          equ	2200	;# 
  4829     0899                     MDSRC           equ	2201	;# 
  4830     089A                     MDCARL          equ	2202	;# 
  4831     089B                     MDCARH          equ	2203	;# 
  4832     090C                     FVRCON          equ	2316	;# 
  4833     090E                     DAC1CON0        equ	2318	;# 
  4834     090F                     DAC1CON1        equ	2319	;# 
  4835     091F                     ZCD1CON         equ	2335	;# 
  4836     091F                     ZCDCON          equ	2335	;# 
  4837     098F                     CMOUT           equ	2447	;# 
  4838     098F                     CMSTAT          equ	2447	;# 
  4839     0990                     CM1CON0         equ	2448	;# 
  4840     0991                     CM1CON1         equ	2449	;# 
  4841     0992                     CM1NSEL         equ	2450	;# 
  4842     0993                     CM1PSEL         equ	2451	;# 
  4843     0994                     CM2CON0         equ	2452	;# 
  4844     0995                     CM2CON1         equ	2453	;# 
  4845     0996                     CM2NSEL         equ	2454	;# 
  4846     0997                     CM2PSEL         equ	2455	;# 
  4847     0E0F                     CLCDATA         equ	3599	;# 
  4848     0E10                     CLC1CON         equ	3600	;# 
  4849     0E11                     CLC1POL         equ	3601	;# 
  4850     0E12                     CLC1SEL0        equ	3602	;# 
  4851     0E13                     CLC1SEL1        equ	3603	;# 
  4852     0E14                     CLC1SEL2        equ	3604	;# 
  4853     0E15                     CLC1SEL3        equ	3605	;# 
  4854     0E16                     CLC1GLS0        equ	3606	;# 
  4855     0E17                     CLC1GLS1        equ	3607	;# 
  4856     0E18                     CLC1GLS2        equ	3608	;# 
  4857     0E19                     CLC1GLS3        equ	3609	;# 
  4858     0E1A                     CLC2CON         equ	3610	;# 
  4859     0E1B                     CLC2POL         equ	3611	;# 
  4860     0E1C                     CLC2SEL0        equ	3612	;# 
  4861     0E1D                     CLC2SEL1        equ	3613	;# 
  4862     0E1E                     CLC2SEL2        equ	3614	;# 
  4863     0E1F                     CLC2SEL3        equ	3615	;# 
  4864     0E20                     CLC2GLS0        equ	3616	;# 
  4865     0E21                     CLC2GLS1        equ	3617	;# 
  4866     0E22                     CLC2GLS2        equ	3618	;# 
  4867     0E23                     CLC2GLS3        equ	3619	;# 
  4868     0E24                     CLC3CON         equ	3620	;# 
  4869     0E25                     CLC3POL         equ	3621	;# 
  4870     0E26                     CLC3SEL0        equ	3622	;# 
  4871     0E27                     CLC3SEL1        equ	3623	;# 
  4872     0E28                     CLC3SEL2        equ	3624	;# 
  4873     0E29                     CLC3SEL3        equ	3625	;# 
  4874     0E2A                     CLC3GLS0        equ	3626	;# 
  4875     0E2B                     CLC3GLS1        equ	3627	;# 
  4876     0E2C                     CLC3GLS2        equ	3628	;# 
  4877     0E2D                     CLC3GLS3        equ	3629	;# 
  4878     0E2E                     CLC4CON         equ	3630	;# 
  4879     0E2F                     CLC4POL         equ	3631	;# 
  4880     0E30                     CLC4SEL0        equ	3632	;# 
  4881     0E31                     CLC4SEL1        equ	3633	;# 
  4882     0E32                     CLC4SEL2        equ	3634	;# 
  4883     0E33                     CLC4SEL3        equ	3635	;# 
  4884     0E34                     CLC4GLS0        equ	3636	;# 
  4885     0E35                     CLC4GLS1        equ	3637	;# 
  4886     0E36                     CLC4GLS2        equ	3638	;# 
  4887     0E37                     CLC4GLS3        equ	3639	;# 
  4888     0E8F                     PPSLOCK         equ	3727	;# 
  4889     0E90                     INTPPS          equ	3728	;# 
  4890     0E91                     T0CKIPPS        equ	3729	;# 
  4891     0E92                     T1CKIPPS        equ	3730	;# 
  4892     0E93                     T1GPPS          equ	3731	;# 
  4893     0E94                     T3CKIPPS        equ	3732	;# 
  4894     0E95                     T3GPPS          equ	3733	;# 
  4895     0E96                     T5CKIPPS        equ	3734	;# 
  4896     0E97                     T5GPPS          equ	3735	;# 
  4897     0E9C                     T2AINPPS        equ	3740	;# 
  4898     0E9D                     T4AINPPS        equ	3741	;# 
  4899     0E9E                     T6AINPPS        equ	3742	;# 
  4900     0EA1                     CCP1PPS         equ	3745	;# 
  4901     0EA2                     CCP2PPS         equ	3746	;# 
  4902     0EA3                     CCP3PPS         equ	3747	;# 
  4903     0EA4                     CCP4PPS         equ	3748	;# 
  4904     0EA5                     CCP5PPS         equ	3749	;# 
  4905     0EA9                     SMT1WINPPS      equ	3753	;# 
  4906     0EAA                     SMT1SIGPPS      equ	3754	;# 
  4907     0EAB                     SMT2WINPPS      equ	3755	;# 
  4908     0EAC                     SMT2SIGPPS      equ	3756	;# 
  4909     0EB1                     CWG1PPS         equ	3761	;# 
  4910     0EB2                     CWG2PPS         equ	3762	;# 
  4911     0EB3                     CWG3PPS         equ	3763	;# 
  4912     0EB8                     MDCARLPPS       equ	3768	;# 
  4913     0EB9                     MDCARHPPS       equ	3769	;# 
  4914     0EBA                     MDSRCPPS        equ	3770	;# 
  4915     0EBB                     CLCIN0PPS       equ	3771	;# 
  4916     0EBC                     CLCIN1PPS       equ	3772	;# 
  4917     0EBD                     CLCIN2PPS       equ	3773	;# 
  4918     0EBE                     CLCIN3PPS       equ	3774	;# 
  4919     0EC3                     ADCACTPPS       equ	3779	;# 
  4920     0EC5                     SSP1CLKPPS      equ	3781	;# 
  4921     0EC6                     SSP1DATPPS      equ	3782	;# 
  4922     0EC7                     SSP1SSPPS       equ	3783	;# 
  4923     0EC8                     SSP2CLKPPS      equ	3784	;# 
  4924     0EC9                     SSP2DATPPS      equ	3785	;# 
  4925     0ECA                     SSP2SSPPS       equ	3786	;# 
  4926     0ECB                     RXPPS           equ	3787	;# 
  4927     0ECC                     TXPPS           equ	3788	;# 
  4928     0F10                     RA0PPS          equ	3856	;# 
  4929     0F11                     RA1PPS          equ	3857	;# 
  4930     0F12                     RA2PPS          equ	3858	;# 
  4931     0F13                     RA3PPS          equ	3859	;# 
  4932     0F14                     RA4PPS          equ	3860	;# 
  4933     0F15                     RA5PPS          equ	3861	;# 
  4934     0F16                     RA6PPS          equ	3862	;# 
  4935     0F17                     RA7PPS          equ	3863	;# 
  4936     0F18                     RB0PPS          equ	3864	;# 
  4937     0F19                     RB1PPS          equ	3865	;# 
  4938     0F1A                     RB2PPS          equ	3866	;# 
  4939     0F1B                     RB3PPS          equ	3867	;# 
  4940     0F1C                     RB4PPS          equ	3868	;# 
  4941     0F1D                     RB5PPS          equ	3869	;# 
  4942     0F1E                     RB6PPS          equ	3870	;# 
  4943     0F1F                     RB7PPS          equ	3871	;# 
  4944     0F20                     RC0PPS          equ	3872	;# 
  4945     0F21                     RC1PPS          equ	3873	;# 
  4946     0F22                     RC2PPS          equ	3874	;# 
  4947     0F23                     RC3PPS          equ	3875	;# 
  4948     0F24                     RC4PPS          equ	3876	;# 
  4949     0F25                     RC5PPS          equ	3877	;# 
  4950     0F26                     RC6PPS          equ	3878	;# 
  4951     0F27                     RC7PPS          equ	3879	;# 
  4952     0F28                     RD0PPS          equ	3880	;# 
  4953     0F29                     RD1PPS          equ	3881	;# 
  4954     0F2A                     RD2PPS          equ	3882	;# 
  4955     0F2B                     RD3PPS          equ	3883	;# 
  4956     0F2C                     RD4PPS          equ	3884	;# 
  4957     0F2D                     RD5PPS          equ	3885	;# 
  4958     0F2E                     RD6PPS          equ	3886	;# 
  4959     0F2F                     RD7PPS          equ	3887	;# 
  4960     0F30                     RE0PPS          equ	3888	;# 
  4961     0F31                     RE1PPS          equ	3889	;# 
  4962     0F32                     RE2PPS          equ	3890	;# 
  4963     0F38                     ANSELA          equ	3896	;# 
  4964     0F39                     WPUA            equ	3897	;# 
  4965     0F3A                     ODCONA          equ	3898	;# 
  4966     0F3B                     SLRCONA         equ	3899	;# 
  4967     0F3C                     INLVLA          equ	3900	;# 
  4968     0F3D                     IOCAP           equ	3901	;# 
  4969     0F3E                     IOCAN           equ	3902	;# 
  4970     0F3F                     IOCAF           equ	3903	;# 
  4971     0F40                     CCDNA           equ	3904	;# 
  4972     0F41                     CCDPA           equ	3905	;# 
  4973     0F43                     ANSELB          equ	3907	;# 
  4974     0F44                     WPUB            equ	3908	;# 
  4975     0F45                     ODCONB          equ	3909	;# 
  4976     0F46                     SLRCONB         equ	3910	;# 
  4977     0F47                     INLVLB          equ	3911	;# 
  4978     0F48                     IOCBP           equ	3912	;# 
  4979     0F49                     IOCBN           equ	3913	;# 
  4980     0F4A                     IOCBF           equ	3914	;# 
  4981     0F4B                     CCDNB           equ	3915	;# 
  4982     0F4C                     CCDPB           equ	3916	;# 
  4983     0F4E                     ANSELC          equ	3918	;# 
  4984     0F4F                     WPUC            equ	3919	;# 
  4985     0F50                     ODCONC          equ	3920	;# 
  4986     0F51                     SLRCONC         equ	3921	;# 
  4987     0F52                     INLVLC          equ	3922	;# 
  4988     0F53                     IOCCP           equ	3923	;# 
  4989     0F54                     IOCCN           equ	3924	;# 
  4990     0F55                     IOCCF           equ	3925	;# 
  4991     0F56                     CCDNC           equ	3926	;# 
  4992     0F57                     CCDPC           equ	3927	;# 
  4993     0F59                     ANSELD          equ	3929	;# 
  4994     0F5A                     WPUD            equ	3930	;# 
  4995     0F5B                     ODCOND          equ	3931	;# 
  4996     0F5C                     SLRCOND         equ	3932	;# 
  4997     0F5D                     INLVLD          equ	3933	;# 
  4998     0F61                     CCDND           equ	3937	;# 
  4999     0F62                     CCDPD           equ	3938	;# 
  5000     0F64                     ANSELE          equ	3940	;# 
  5001     0F65                     WPUE            equ	3941	;# 
  5002     0F66                     ODCONE          equ	3942	;# 
  5003     0F67                     SLRCONE         equ	3943	;# 
  5004     0F68                     INLVLE          equ	3944	;# 
  5005     0F69                     IOCEP           equ	3945	;# 
  5006     0F6A                     IOCEN           equ	3946	;# 
  5007     0F6B                     IOCEF           equ	3947	;# 
  5008     0F6C                     CCDNE           equ	3948	;# 
  5009     0F6D                     CCDPE           equ	3949	;# 
  5010     0FE4                     STATUS_SHAD     equ	4068	;# 
  5011     0FE5                     WREG_SHAD       equ	4069	;# 
  5012     0FE6                     BSR_SHAD        equ	4070	;# 
  5013     0FE7                     PCLATH_SHAD     equ	4071	;# 
  5014     0FE8                     FSR0L_SHAD      equ	4072	;# 
  5015     0FE9                     FSR0H_SHAD      equ	4073	;# 
  5016     0FEA                     FSR1L_SHAD      equ	4074	;# 
  5017     0FEB                     FSR1H_SHAD      equ	4075	;# 
  5018     0FED                     STKPTR          equ	4077	;# 
  5019     0FEE                     TOSL            equ	4078	;# 
  5020     0FEF                     TOSH            equ	4079	;# 
  5021     0000                     INDF0           equ	0	;# 
  5022     0001                     INDF1           equ	1	;# 
  5023     0002                     PCL             equ	2	;# 
  5024     0003                     STATUS          equ	3	;# 
  5025     0004                     FSR0L           equ	4	;# 
  5026     0005                     FSR0H           equ	5	;# 
  5027     0006                     FSR1L           equ	6	;# 
  5028     0007                     FSR1H           equ	7	;# 
  5029     0008                     BSR             equ	8	;# 
  5030     0009                     WREG            equ	9	;# 
  5031     000A                     PCLATH          equ	10	;# 
  5032     000B                     INTCON          equ	11	;# 
  5033     000C                     PORTA           equ	12	;# 
  5034     000D                     PORTB           equ	13	;# 
  5035     000E                     PORTC           equ	14	;# 
  5036     000F                     PORTD           equ	15	;# 
  5037     0010                     PORTE           equ	16	;# 
  5038     0011                     TRISA           equ	17	;# 
  5039     0012                     TRISB           equ	18	;# 
  5040     0013                     TRISC           equ	19	;# 
  5041     0014                     TRISD           equ	20	;# 
  5042     0015                     TRISE           equ	21	;# 
  5043     0016                     LATA            equ	22	;# 
  5044     0017                     LATB            equ	23	;# 
  5045     0018                     LATC            equ	24	;# 
  5046     0019                     LATD            equ	25	;# 
  5047     001A                     LATE            equ	26	;# 
  5048     001C                     TMR0L           equ	28	;# 
  5049     001C                     TMR0            equ	28	;# 
  5050     001D                     TMR0H           equ	29	;# 
  5051     001D                     PR0             equ	29	;# 
  5052     001E                     T0CON0          equ	30	;# 
  5053     001F                     T0CON1          equ	31	;# 
  5054     008C                     ADRES           equ	140	;# 
  5055     008C                     ADRESL          equ	140	;# 
  5056     008D                     ADRESH          equ	141	;# 
  5057     008E                     ADPREV          equ	142	;# 
  5058     008E                     ADPREVL         equ	142	;# 
  5059     008F                     ADPREVH         equ	143	;# 
  5060     0090                     ADACC           equ	144	;# 
  5061     0090                     ADACCL          equ	144	;# 
  5062     0091                     ADACCH          equ	145	;# 
  5063     0093                     ADCON0          equ	147	;# 
  5064     0094                     ADCON1          equ	148	;# 
  5065     0095                     ADCON2          equ	149	;# 
  5066     0096                     ADCON3          equ	150	;# 
  5067     0097                     ADSTAT          equ	151	;# 
  5068     0098                     ADCLK           equ	152	;# 
  5069     0099                     ADACT           equ	153	;# 
  5070     009A                     ADREF           equ	154	;# 
  5071     009B                     ADCAP           equ	155	;# 
  5072     009C                     ADPRE           equ	156	;# 
  5073     009D                     ADACQ           equ	157	;# 
  5074     009E                     ADPCH           equ	158	;# 
  5075     010C                     ADCNT           equ	268	;# 
  5076     010D                     ADRPT           equ	269	;# 
  5077     010E                     ADLTH           equ	270	;# 
  5078     010E                     ADLTHL          equ	270	;# 
  5079     010F                     ADLTHH          equ	271	;# 
  5080     0110                     ADUTH           equ	272	;# 
  5081     0110                     ADUTHL          equ	272	;# 
  5082     0111                     ADUTHH          equ	273	;# 
  5083     0112                     ADSTPT          equ	274	;# 
  5084     0112                     ADSTPTL         equ	274	;# 
  5085     0113                     ADSTPTH         equ	275	;# 
  5086     0114                     ADFLTR          equ	276	;# 
  5087     0114                     ADFLTRL         equ	276	;# 
  5088     0115                     ADFLTRH         equ	277	;# 
  5089     0116                     ADERR           equ	278	;# 
  5090     0116                     ADERRL          equ	278	;# 
  5091     0117                     ADERRH          equ	279	;# 
  5092     0119                     RC1REG          equ	281	;# 
  5093     0119                     RCREG           equ	281	;# 
  5094     0119                     RCREG1          equ	281	;# 
  5095     011A                     TX1REG          equ	282	;# 
  5096     011A                     TXREG1          equ	282	;# 
  5097     011A                     TXREG           equ	282	;# 
  5098     011B                     SP1BRG          equ	283	;# 
  5099     011B                     SP1BRGL         equ	283	;# 
  5100     011B                     SPBRG           equ	283	;# 
  5101     011B                     SPBRG1          equ	283	;# 
  5102     011B                     SPBRGL          equ	283	;# 
  5103     011C                     SP1BRGH         equ	284	;# 
  5104     011C                     SPBRGH          equ	284	;# 
  5105     011C                     SPBRGH1         equ	284	;# 
  5106     011D                     RC1STA          equ	285	;# 
  5107     011D                     RCSTA1          equ	285	;# 
  5108     011D                     RCSTA           equ	285	;# 
  5109     011E                     TX1STA          equ	286	;# 
  5110     011E                     TXSTA1          equ	286	;# 
  5111     011E                     TXSTA           equ	286	;# 
  5112     011F                     BAUD1CON        equ	287	;# 
  5113     011F                     BAUDCON1        equ	287	;# 
  5114     011F                     BAUDCTL1        equ	287	;# 
  5115     011F                     BAUDCON         equ	287	;# 
  5116     011F                     BAUDCTL         equ	287	;# 
  5117     018C                     SSP1BUF         equ	396	;# 
  5118     018D                     SSP1ADD         equ	397	;# 
  5119     018E                     SSP1MSK         equ	398	;# 
  5120     018F                     SSP1STAT        equ	399	;# 
  5121     0190                     SSP1CON1        equ	400	;# 
  5122     0191                     SSP1CON2        equ	401	;# 
  5123     0192                     SSP1CON3        equ	402	;# 
  5124     0196                     SSP2BUF         equ	406	;# 
  5125     0197                     SSP2ADD         equ	407	;# 
  5126     0198                     SSP2MSK         equ	408	;# 
  5127     0199                     SSP2STAT        equ	409	;# 
  5128     019A                     SSP2CON1        equ	410	;# 
  5129     019B                     SSP2CON2        equ	411	;# 
  5130     019C                     SSP2CON3        equ	412	;# 
  5131     020C                     TMR1            equ	524	;# 
  5132     020C                     TMR1L           equ	524	;# 
  5133     020D                     TMR1H           equ	525	;# 
  5134     020E                     T1CON           equ	526	;# 
  5135     020F                     T1GCON          equ	527	;# 
  5136     020F                     PR1             equ	527	;# 
  5137     0210                     T1GATE          equ	528	;# 
  5138     0210                     TMR1GATE        equ	528	;# 
  5139     0211                     T1CLK           equ	529	;# 
  5140     0211                     TMR1CLK         equ	529	;# 
  5141     0212                     TMR3            equ	530	;# 
  5142     0212                     TMR3L           equ	530	;# 
  5143     0213                     TMR3H           equ	531	;# 
  5144     0214                     T3CON           equ	532	;# 
  5145     0215                     T3GCON          equ	533	;# 
  5146     0215                     PR3             equ	533	;# 
  5147     0216                     T3GATE          equ	534	;# 
  5148     0216                     TMR3GATE        equ	534	;# 
  5149     0217                     T3CLK           equ	535	;# 
  5150     0217                     TMR3CLK         equ	535	;# 
  5151     0218                     TMR5            equ	536	;# 
  5152     0218                     TMR5L           equ	536	;# 
  5153     0219                     TMR5H           equ	537	;# 
  5154     021A                     T5CON           equ	538	;# 
  5155     021B                     T5GCON          equ	539	;# 
  5156     021B                     PR5             equ	539	;# 
  5157     021C                     T5GATE          equ	540	;# 
  5158     021C                     TMR5GATE        equ	540	;# 
  5159     021D                     T5CLK           equ	541	;# 
  5160     021D                     TMR5CLK         equ	541	;# 
  5161     021E                     CCPTMRS0        equ	542	;# 
  5162     021F                     CCPTMRS1        equ	543	;# 
  5163     028C                     T2TMR           equ	652	;# 
  5164     028C                     TMR2            equ	652	;# 
  5165     028D                     T2PR            equ	653	;# 
  5166     028D                     PR2             equ	653	;# 
  5167     028E                     T2CON           equ	654	;# 
  5168     028F                     T2HLT           equ	655	;# 
  5169     0290                     T2CLKCON        equ	656	;# 
  5170     0290                     T2CLK           equ	656	;# 
  5171     0291                     T2RST           equ	657	;# 
  5172     0292                     T4TMR           equ	658	;# 
  5173     0292                     TMR4            equ	658	;# 
  5174     0293                     T4PR            equ	659	;# 
  5175     0293                     PR4             equ	659	;# 
  5176     0294                     T4CON           equ	660	;# 
  5177     0295                     T4HLT           equ	661	;# 
  5178     0296                     T4CLKCON        equ	662	;# 
  5179     0296                     T4CLK           equ	662	;# 
  5180     0297                     T4RST           equ	663	;# 
  5181     0298                     T6TMR           equ	664	;# 
  5182     0298                     TMR6            equ	664	;# 
  5183     0299                     T6PR            equ	665	;# 
  5184     0299                     PR6             equ	665	;# 
  5185     029A                     T6CON           equ	666	;# 
  5186     029B                     T6HLT           equ	667	;# 
  5187     029C                     T6CLKCON        equ	668	;# 
  5188     029C                     T6CLK           equ	668	;# 
  5189     029D                     T6RST           equ	669	;# 
  5190     030C                     CCPR1           equ	780	;# 
  5191     030C                     CCPR1L          equ	780	;# 
  5192     030D                     CCPR1H          equ	781	;# 
  5193     030E                     CCP1CON         equ	782	;# 
  5194     030F                     CCP1CAP         equ	783	;# 
  5195     0310                     CCPR2           equ	784	;# 
  5196     0310                     CCPR2L          equ	784	;# 
  5197     0311                     CCPR2H          equ	785	;# 
  5198     0312                     CCP2CON         equ	786	;# 
  5199     0313                     CCP2CAP         equ	787	;# 
  5200     0314                     CCPR3           equ	788	;# 
  5201     0314                     CCPR3L          equ	788	;# 
  5202     0315                     CCPR3H          equ	789	;# 
  5203     0316                     CCP3CON         equ	790	;# 
  5204     0317                     CCP3CAP         equ	791	;# 
  5205     0318                     CCPR4           equ	792	;# 
  5206     0318                     CCPR4L          equ	792	;# 
  5207     0319                     CCPR4H          equ	793	;# 
  5208     031A                     CCP4CON         equ	794	;# 
  5209     031B                     CCP4CAP         equ	795	;# 
  5210     031C                     CCPR5           equ	796	;# 
  5211     031C                     CCPR5L          equ	796	;# 
  5212     031D                     CCPR5H          equ	797	;# 
  5213     031E                     CCP5CON         equ	798	;# 
  5214     031F                     CCP5CAP         equ	799	;# 
  5215     038C                     PWM6DC          equ	908	;# 
  5216     038C                     PWM6DCL         equ	908	;# 
  5217     038D                     PWM6DCH         equ	909	;# 
  5218     038E                     PWM6CON         equ	910	;# 
  5219     0390                     PWM7DC          equ	912	;# 
  5220     0390                     PWM7DCL         equ	912	;# 
  5221     0391                     PWM7DCH         equ	913	;# 
  5222     0392                     PWM7CON         equ	914	;# 
  5223     040C                     SCANLADRL       equ	1036	;# 
  5224     040D                     SCANLADRH       equ	1037	;# 
  5225     040E                     SCANHADRL       equ	1038	;# 
  5226     040F                     SCANHADRH       equ	1039	;# 
  5227     0410                     SCANCON0        equ	1040	;# 
  5228     0411                     SCANTRIG        equ	1041	;# 
  5229     0416                     CRCDATA         equ	1046	;# 
  5230     0416                     CRCDATL         equ	1046	;# 
  5231     0417                     CRCDATH         equ	1047	;# 
  5232     0418                     CRCACC          equ	1048	;# 
  5233     0418                     CRCACCL         equ	1048	;# 
  5234     0419                     CRCACCH         equ	1049	;# 
  5235     041A                     CRCSHFT         equ	1050	;# 
  5236     041A                     CRCSHIFTL       equ	1050	;# 
  5237     041B                     CRCSHIFTH       equ	1051	;# 
  5238     041C                     CRCXOR          equ	1052	;# 
  5239     041C                     CRCXORL         equ	1052	;# 
  5240     041D                     CRCXORH         equ	1053	;# 
  5241     041E                     CRCCON0         equ	1054	;# 
  5242     041F                     CRCCON1         equ	1055	;# 
  5243     048C                     SMT1TMR         equ	1164	;# 
  5244     048C                     SMT1TMRL        equ	1164	;# 
  5245     048D                     SMT1TMRH        equ	1165	;# 
  5246     048E                     SMT1TMRU        equ	1166	;# 
  5247     048F                     SMT1CPR         equ	1167	;# 
  5248     048F                     SMT1CPRL        equ	1167	;# 
  5249     0490                     SMT1CPRH        equ	1168	;# 
  5250     0491                     SMT1CPRU        equ	1169	;# 
  5251     0492                     SMT1CPW         equ	1170	;# 
  5252     0492                     SMT1CPWL        equ	1170	;# 
  5253     0493                     SMT1CPWH        equ	1171	;# 
  5254     0494                     SMT1CPWU        equ	1172	;# 
  5255     0495                     SMT1PR          equ	1173	;# 
  5256     0495                     SMT1PRL         equ	1173	;# 
  5257     0496                     SMT1PRH         equ	1174	;# 
  5258     0497                     SMT1PRU         equ	1175	;# 
  5259     0498                     SMT1CON0        equ	1176	;# 
  5260     0499                     SMT1CON1        equ	1177	;# 
  5261     049A                     SMT1STAT        equ	1178	;# 
  5262     049B                     SMT1CLK         equ	1179	;# 
  5263     049C                     SMT1SIG         equ	1180	;# 
  5264     049D                     SMT1WIN         equ	1181	;# 
  5265     050C                     SMT2TMR         equ	1292	;# 
  5266     050C                     SMT2TMRL        equ	1292	;# 
  5267     050D                     SMT2TMRH        equ	1293	;# 
  5268     050E                     SMT2TMRU        equ	1294	;# 
  5269     050F                     SMT2CPR         equ	1295	;# 
  5270     050F                     SMT2CPRL        equ	1295	;# 
  5271     0510                     SMT2CPRH        equ	1296	;# 
  5272     0511                     SMT2CPRU        equ	1297	;# 
  5273     0512                     SMT2CPW         equ	1298	;# 
  5274     0512                     SMT2CPWL        equ	1298	;# 
  5275     0513                     SMT2CPWH        equ	1299	;# 
  5276     0514                     SMT2CPWU        equ	1300	;# 
  5277     0515                     SMT2PR          equ	1301	;# 
  5278     0515                     SMT2PRL         equ	1301	;# 
  5279     0516                     SMT2PRH         equ	1302	;# 
  5280     0517                     SMT2PRU         equ	1303	;# 
  5281     0518                     SMT2CON0        equ	1304	;# 
  5282     0519                     SMT2CON1        equ	1305	;# 
  5283     051A                     SMT2STAT        equ	1306	;# 
  5284     051B                     SMT2CLK         equ	1307	;# 
  5285     051C                     SMT2SIG         equ	1308	;# 
  5286     051D                     SMT2WIN         equ	1309	;# 
  5287     058C                     NCO1ACC         equ	1420	;# 
  5288     058C                     NCO1ACCL        equ	1420	;# 
  5289     058D                     NCO1ACCH        equ	1421	;# 
  5290     058E                     NCO1ACCU        equ	1422	;# 
  5291     058F                     NCO1INC         equ	1423	;# 
  5292     058F                     NCO1INCL        equ	1423	;# 
  5293     0590                     NCO1INCH        equ	1424	;# 
  5294     0591                     NCO1INCU        equ	1425	;# 
  5295     0592                     NCO1CON         equ	1426	;# 
  5296     0593                     NCO1CLK         equ	1427	;# 
  5297     060C                     CWG1CLKCON      equ	1548	;# 
  5298     060D                     CWG1ISM         equ	1549	;# 
  5299     060E                     CWG1DBR         equ	1550	;# 
  5300     060F                     CWG1DBF         equ	1551	;# 
  5301     0610                     CWG1CON0        equ	1552	;# 
  5302     0611                     CWG1CON1        equ	1553	;# 
  5303     0612                     CWG1AS0         equ	1554	;# 
  5304     0613                     CWG1AS1         equ	1555	;# 
  5305     0614                     CWG1STR         equ	1556	;# 
  5306     0616                     CWG2CLKCON      equ	1558	;# 
  5307     0617                     CWG2ISM         equ	1559	;# 
  5308     0618                     CWG2DBR         equ	1560	;# 
  5309     0619                     CWG2DBF         equ	1561	;# 
  5310     061A                     CWG2CON0        equ	1562	;# 
  5311     061B                     CWG2CON1        equ	1563	;# 
  5312     061C                     CWG2AS0         equ	1564	;# 
  5313     061D                     CWG2AS1         equ	1565	;# 
  5314     061E                     CWG2STR         equ	1566	;# 
  5315     068C                     CWG3CLKCON      equ	1676	;# 
  5316     068D                     CWG3ISM         equ	1677	;# 
  5317     068E                     CWG3DBR         equ	1678	;# 
  5318     068F                     CWG3DBF         equ	1679	;# 
  5319     0690                     CWG3CON0        equ	1680	;# 
  5320     0691                     CWG3CON1        equ	1681	;# 
  5321     0692                     CWG3AS0         equ	1682	;# 
  5322     0693                     CWG3AS1         equ	1683	;# 
  5323     0694                     CWG3STR         equ	1684	;# 
  5324     070C                     PIR0            equ	1804	;# 
  5325     070D                     PIR1            equ	1805	;# 
  5326     070E                     PIR2            equ	1806	;# 
  5327     070F                     PIR3            equ	1807	;# 
  5328     0710                     PIR4            equ	1808	;# 
  5329     0711                     PIR5            equ	1809	;# 
  5330     0712                     PIR6            equ	1810	;# 
  5331     0713                     PIR7            equ	1811	;# 
  5332     0714                     PIR8            equ	1812	;# 
  5333     0716                     PIE0            equ	1814	;# 
  5334     0717                     PIE1            equ	1815	;# 
  5335     0718                     PIE2            equ	1816	;# 
  5336     0719                     PIE3            equ	1817	;# 
  5337     071A                     PIE4            equ	1818	;# 
  5338     071B                     PIE5            equ	1819	;# 
  5339     071C                     PIE6            equ	1820	;# 
  5340     071D                     PIE7            equ	1821	;# 
  5341     071E                     PIE8            equ	1822	;# 
  5342     0796                     PMD0            equ	1942	;# 
  5343     0797                     PMD1            equ	1943	;# 
  5344     0798                     PMD2            equ	1944	;# 
  5345     0799                     PMD3            equ	1945	;# 
  5346     079A                     PMD4            equ	1946	;# 
  5347     079B                     PMD5            equ	1947	;# 
  5348     080C                     WDTCON0         equ	2060	;# 
  5349     080D                     WDTCON1         equ	2061	;# 
  5350     080E                     WDTPSL          equ	2062	;# 
  5351     080F                     WDTPSH          equ	2063	;# 
  5352     0810                     WDTTMR          equ	2064	;# 
  5353     0811                     BORCON          equ	2065	;# 
  5354     0812                     VREGCON         equ	2066	;# 
  5355     0813                     PCON0           equ	2067	;# 
  5356     0814                     CCDCON          equ	2068	;# 
  5357     081A                     NVMADRL         equ	2074	;# 
  5358     081B                     NVMADRH         equ	2075	;# 
  5359     081C                     NVMDATL         equ	2076	;# 
  5360     081D                     NVMDATH         equ	2077	;# 
  5361     081E                     NVMCON1         equ	2078	;# 
  5362     081F                     NVMCON2         equ	2079	;# 
  5363     088C                     CPUDOZE         equ	2188	;# 
  5364     088D                     OSCCON1         equ	2189	;# 
  5365     088E                     OSCCON2         equ	2190	;# 
  5366     088F                     OSCCON3         equ	2191	;# 
  5367     0890                     OSCSTAT         equ	2192	;# 
  5368     0891                     OSCEN           equ	2193	;# 
  5369     0892                     OSCTUNE         equ	2194	;# 
  5370     0893                     OSCFRQ          equ	2195	;# 
  5371     0895                     CLKRCON         equ	2197	;# 
  5372     0896                     CLKRCLK         equ	2198	;# 
  5373     0897                     MDCON0          equ	2199	;# 
  5374     0898                     MDCON1          equ	2200	;# 
  5375     0899                     MDSRC           equ	2201	;# 
  5376     089A                     MDCARL          equ	2202	;# 
  5377     089B                     MDCARH          equ	2203	;# 
  5378     090C                     FVRCON          equ	2316	;# 
  5379     090E                     DAC1CON0        equ	2318	;# 
  5380     090F                     DAC1CON1        equ	2319	;# 
  5381     091F                     ZCD1CON         equ	2335	;# 
  5382     091F                     ZCDCON          equ	2335	;# 
  5383     098F                     CMOUT           equ	2447	;# 
  5384     098F                     CMSTAT          equ	2447	;# 
  5385     0990                     CM1CON0         equ	2448	;# 
  5386     0991                     CM1CON1         equ	2449	;# 
  5387     0992                     CM1NSEL         equ	2450	;# 
  5388     0993                     CM1PSEL         equ	2451	;# 
  5389     0994                     CM2CON0         equ	2452	;# 
  5390     0995                     CM2CON1         equ	2453	;# 
  5391     0996                     CM2NSEL         equ	2454	;# 
  5392     0997                     CM2PSEL         equ	2455	;# 
  5393     0E0F                     CLCDATA         equ	3599	;# 
  5394     0E10                     CLC1CON         equ	3600	;# 
  5395     0E11                     CLC1POL         equ	3601	;# 
  5396     0E12                     CLC1SEL0        equ	3602	;# 
  5397     0E13                     CLC1SEL1        equ	3603	;# 
  5398     0E14                     CLC1SEL2        equ	3604	;# 
  5399     0E15                     CLC1SEL3        equ	3605	;# 
  5400     0E16                     CLC1GLS0        equ	3606	;# 
  5401     0E17                     CLC1GLS1        equ	3607	;# 
  5402     0E18                     CLC1GLS2        equ	3608	;# 
  5403     0E19                     CLC1GLS3        equ	3609	;# 
  5404     0E1A                     CLC2CON         equ	3610	;# 
  5405     0E1B                     CLC2POL         equ	3611	;# 
  5406     0E1C                     CLC2SEL0        equ	3612	;# 
  5407     0E1D                     CLC2SEL1        equ	3613	;# 
  5408     0E1E                     CLC2SEL2        equ	3614	;# 
  5409     0E1F                     CLC2SEL3        equ	3615	;# 
  5410     0E20                     CLC2GLS0        equ	3616	;# 
  5411     0E21                     CLC2GLS1        equ	3617	;# 
  5412     0E22                     CLC2GLS2        equ	3618	;# 
  5413     0E23                     CLC2GLS3        equ	3619	;# 
  5414     0E24                     CLC3CON         equ	3620	;# 
  5415     0E25                     CLC3POL         equ	3621	;# 
  5416     0E26                     CLC3SEL0        equ	3622	;# 
  5417     0E27                     CLC3SEL1        equ	3623	;# 
  5418     0E28                     CLC3SEL2        equ	3624	;# 
  5419     0E29                     CLC3SEL3        equ	3625	;# 
  5420     0E2A                     CLC3GLS0        equ	3626	;# 
  5421     0E2B                     CLC3GLS1        equ	3627	;# 
  5422     0E2C                     CLC3GLS2        equ	3628	;# 
  5423     0E2D                     CLC3GLS3        equ	3629	;# 
  5424     0E2E                     CLC4CON         equ	3630	;# 
  5425     0E2F                     CLC4POL         equ	3631	;# 
  5426     0E30                     CLC4SEL0        equ	3632	;# 
  5427     0E31                     CLC4SEL1        equ	3633	;# 
  5428     0E32                     CLC4SEL2        equ	3634	;# 
  5429     0E33                     CLC4SEL3        equ	3635	;# 
  5430     0E34                     CLC4GLS0        equ	3636	;# 
  5431     0E35                     CLC4GLS1        equ	3637	;# 
  5432     0E36                     CLC4GLS2        equ	3638	;# 
  5433     0E37                     CLC4GLS3        equ	3639	;# 
  5434     0E8F                     PPSLOCK         equ	3727	;# 
  5435     0E90                     INTPPS          equ	3728	;# 
  5436     0E91                     T0CKIPPS        equ	3729	;# 
  5437     0E92                     T1CKIPPS        equ	3730	;# 
  5438     0E93                     T1GPPS          equ	3731	;# 
  5439     0E94                     T3CKIPPS        equ	3732	;# 
  5440     0E95                     T3GPPS          equ	3733	;# 
  5441     0E96                     T5CKIPPS        equ	3734	;# 
  5442     0E97                     T5GPPS          equ	3735	;# 
  5443     0E9C                     T2AINPPS        equ	3740	;# 
  5444     0E9D                     T4AINPPS        equ	3741	;# 
  5445     0E9E                     T6AINPPS        equ	3742	;# 
  5446     0EA1                     CCP1PPS         equ	3745	;# 
  5447     0EA2                     CCP2PPS         equ	3746	;# 
  5448     0EA3                     CCP3PPS         equ	3747	;# 
  5449     0EA4                     CCP4PPS         equ	3748	;# 
  5450     0EA5                     CCP5PPS         equ	3749	;# 
  5451     0EA9                     SMT1WINPPS      equ	3753	;# 
  5452     0EAA                     SMT1SIGPPS      equ	3754	;# 
  5453     0EAB                     SMT2WINPPS      equ	3755	;# 
  5454     0EAC                     SMT2SIGPPS      equ	3756	;# 
  5455     0EB1                     CWG1PPS         equ	3761	;# 
  5456     0EB2                     CWG2PPS         equ	3762	;# 
  5457     0EB3                     CWG3PPS         equ	3763	;# 
  5458     0EB8                     MDCARLPPS       equ	3768	;# 
  5459     0EB9                     MDCARHPPS       equ	3769	;# 
  5460     0EBA                     MDSRCPPS        equ	3770	;# 
  5461     0EBB                     CLCIN0PPS       equ	3771	;# 
  5462     0EBC                     CLCIN1PPS       equ	3772	;# 
  5463     0EBD                     CLCIN2PPS       equ	3773	;# 
  5464     0EBE                     CLCIN3PPS       equ	3774	;# 
  5465     0EC3                     ADCACTPPS       equ	3779	;# 
  5466     0EC5                     SSP1CLKPPS      equ	3781	;# 
  5467     0EC6                     SSP1DATPPS      equ	3782	;# 
  5468     0EC7                     SSP1SSPPS       equ	3783	;# 
  5469     0EC8                     SSP2CLKPPS      equ	3784	;# 
  5470     0EC9                     SSP2DATPPS      equ	3785	;# 
  5471     0ECA                     SSP2SSPPS       equ	3786	;# 
  5472     0ECB                     RXPPS           equ	3787	;# 
  5473     0ECC                     TXPPS           equ	3788	;# 
  5474     0F10                     RA0PPS          equ	3856	;# 
  5475     0F11                     RA1PPS          equ	3857	;# 
  5476     0F12                     RA2PPS          equ	3858	;# 
  5477     0F13                     RA3PPS          equ	3859	;# 
  5478     0F14                     RA4PPS          equ	3860	;# 
  5479     0F15                     RA5PPS          equ	3861	;# 
  5480     0F16                     RA6PPS          equ	3862	;# 
  5481     0F17                     RA7PPS          equ	3863	;# 
  5482     0F18                     RB0PPS          equ	3864	;# 
  5483     0F19                     RB1PPS          equ	3865	;# 
  5484     0F1A                     RB2PPS          equ	3866	;# 
  5485     0F1B                     RB3PPS          equ	3867	;# 
  5486     0F1C                     RB4PPS          equ	3868	;# 
  5487     0F1D                     RB5PPS          equ	3869	;# 
  5488     0F1E                     RB6PPS          equ	3870	;# 
  5489     0F1F                     RB7PPS          equ	3871	;# 
  5490     0F20                     RC0PPS          equ	3872	;# 
  5491     0F21                     RC1PPS          equ	3873	;# 
  5492     0F22                     RC2PPS          equ	3874	;# 
  5493     0F23                     RC3PPS          equ	3875	;# 
  5494     0F24                     RC4PPS          equ	3876	;# 
  5495     0F25                     RC5PPS          equ	3877	;# 
  5496     0F26                     RC6PPS          equ	3878	;# 
  5497     0F27                     RC7PPS          equ	3879	;# 
  5498     0F28                     RD0PPS          equ	3880	;# 
  5499     0F29                     RD1PPS          equ	3881	;# 
  5500     0F2A                     RD2PPS          equ	3882	;# 
  5501     0F2B                     RD3PPS          equ	3883	;# 
  5502     0F2C                     RD4PPS          equ	3884	;# 
  5503     0F2D                     RD5PPS          equ	3885	;# 
  5504     0F2E                     RD6PPS          equ	3886	;# 
  5505     0F2F                     RD7PPS          equ	3887	;# 
  5506     0F30                     RE0PPS          equ	3888	;# 
  5507     0F31                     RE1PPS          equ	3889	;# 
  5508     0F32                     RE2PPS          equ	3890	;# 
  5509     0F38                     ANSELA          equ	3896	;# 
  5510     0F39                     WPUA            equ	3897	;# 
  5511     0F3A                     ODCONA          equ	3898	;# 
  5512     0F3B                     SLRCONA         equ	3899	;# 
  5513     0F3C                     INLVLA          equ	3900	;# 
  5514     0F3D                     IOCAP           equ	3901	;# 
  5515     0F3E                     IOCAN           equ	3902	;# 
  5516     0F3F                     IOCAF           equ	3903	;# 
  5517     0F40                     CCDNA           equ	3904	;# 
  5518     0F41                     CCDPA           equ	3905	;# 
  5519     0F43                     ANSELB          equ	3907	;# 
  5520     0F44                     WPUB            equ	3908	;# 
  5521     0F45                     ODCONB          equ	3909	;# 
  5522     0F46                     SLRCONB         equ	3910	;# 
  5523     0F47                     INLVLB          equ	3911	;# 
  5524     0F48                     IOCBP           equ	3912	;# 
  5525     0F49                     IOCBN           equ	3913	;# 
  5526     0F4A                     IOCBF           equ	3914	;# 
  5527     0F4B                     CCDNB           equ	3915	;# 
  5528     0F4C                     CCDPB           equ	3916	;# 
  5529     0F4E                     ANSELC          equ	3918	;# 
  5530     0F4F                     WPUC            equ	3919	;# 
  5531     0F50                     ODCONC          equ	3920	;# 
  5532     0F51                     SLRCONC         equ	3921	;# 
  5533     0F52                     INLVLC          equ	3922	;# 
  5534     0F53                     IOCCP           equ	3923	;# 
  5535     0F54                     IOCCN           equ	3924	;# 
  5536     0F55                     IOCCF           equ	3925	;# 
  5537     0F56                     CCDNC           equ	3926	;# 
  5538     0F57                     CCDPC           equ	3927	;# 
  5539     0F59                     ANSELD          equ	3929	;# 
  5540     0F5A                     WPUD            equ	3930	;# 
  5541     0F5B                     ODCOND          equ	3931	;# 
  5542     0F5C                     SLRCOND         equ	3932	;# 
  5543     0F5D                     INLVLD          equ	3933	;# 
  5544     0F61                     CCDND           equ	3937	;# 
  5545     0F62                     CCDPD           equ	3938	;# 
  5546     0F64                     ANSELE          equ	3940	;# 
  5547     0F65                     WPUE            equ	3941	;# 
  5548     0F66                     ODCONE          equ	3942	;# 
  5549     0F67                     SLRCONE         equ	3943	;# 
  5550     0F68                     INLVLE          equ	3944	;# 
  5551     0F69                     IOCEP           equ	3945	;# 
  5552     0F6A                     IOCEN           equ	3946	;# 
  5553     0F6B                     IOCEF           equ	3947	;# 
  5554     0F6C                     CCDNE           equ	3948	;# 
  5555     0F6D                     CCDPE           equ	3949	;# 
  5556     0FE4                     STATUS_SHAD     equ	4068	;# 
  5557     0FE5                     WREG_SHAD       equ	4069	;# 
  5558     0FE6                     BSR_SHAD        equ	4070	;# 
  5559     0FE7                     PCLATH_SHAD     equ	4071	;# 
  5560     0FE8                     FSR0L_SHAD      equ	4072	;# 
  5561     0FE9                     FSR0H_SHAD      equ	4073	;# 
  5562     0FEA                     FSR1L_SHAD      equ	4074	;# 
  5563     0FEB                     FSR1H_SHAD      equ	4075	;# 
  5564     0FED                     STKPTR          equ	4077	;# 
  5565     0FEE                     TOSL            equ	4078	;# 
  5566     0FEF                     TOSH            equ	4079	;# 
  5567                           
  5568 ;; Function _rd1RegCompleteHandler is unused but had its address taken
  5569     0000                     _rd1RegCompleteHandler equ	0
  5570                           
  5571 ;; Function _rd2RegCompleteHandler is unused but had its address taken
  5572     0000                     _rd2RegCompleteHandler equ	0
  5573                           
  5574 ;; Function _wr1RegCompleteHandler is unused but had its address taken
  5575     0000                     _wr1RegCompleteHandler equ	0
  5576                           
  5577 ;; Function _wr2RegCompleteHandler is unused but had its address taken
  5578     0000                     _wr2RegCompleteHandler equ	0
  5579                           
  5580 ;; Function _rdBlkRegCompleteHandler is unused but had its address taken
  5581     0000                     _rdBlkRegCompleteHandler equ	0
  5582                           
  5583 ;; Function _I2C1_MasterIsr is unused but had its address taken
  5584     0000                     _I2C1_MasterIsr equ	0
  5585                           
  5586 ;; Function _I2C1_DO_IDLE is unused but had its address taken
  5587     0000                     _I2C1_DO_IDLE   equ	0
  5588                           
  5589 ;; Function _I2C1_DO_SEND_ADR_READ is unused but had its address taken
  5590     0000                     _I2C1_DO_SEND_ADR_READ equ	0
  5591                           
  5592 ;; Function _I2C1_DO_SEND_ADR_WRITE is unused but had its address taken
  5593     0000                     _I2C1_DO_SEND_ADR_WRITE equ	0
  5594                           
  5595 ;; Function _I2C1_DO_TX is unused but had its address taken
  5596     0000                     _I2C1_DO_TX     equ	0
  5597                           
  5598 ;; Function _I2C1_DO_RX is unused but had its address taken
  5599     0000                     _I2C1_DO_RX     equ	0
  5600                           
  5601 ;; Function _I2C1_DO_RCEN is unused but had its address taken
  5602     0000                     _I2C1_DO_RCEN   equ	0
  5603                           
  5604 ;; Function _I2C1_DO_TX_EMPTY is unused but had its address taken
  5605     0000                     _I2C1_DO_TX_EMPTY equ	0
  5606                           
  5607 ;; Function _I2C1_DO_SEND_RESTART_READ is unused but had its address taken
  5608     0000                     _I2C1_DO_SEND_RESTART_READ equ	0
  5609                           
  5610 ;; Function _I2C1_DO_SEND_RESTART_WRITE is unused but had its address taken
  5611     0000                     _I2C1_DO_SEND_RESTART_WRITE equ	0
  5612                           
  5613 ;; Function _I2C1_DO_SEND_RESTART is unused but had its address taken
  5614     0000                     _I2C1_DO_SEND_RESTART equ	0
  5615                           
  5616 ;; Function _I2C1_DO_SEND_STOP is unused but had its address taken
  5617     0000                     _I2C1_DO_SEND_STOP equ	0
  5618                           
  5619 ;; Function _I2C1_DO_RX_ACK is unused but had its address taken
  5620     0000                     _I2C1_DO_RX_ACK equ	0
  5621                           
  5622 ;; Function _I2C1_DO_RX_NACK_STOP is unused but had its address taken
  5623     0000                     _I2C1_DO_RX_NACK_STOP equ	0
  5624                           
  5625 ;; Function _I2C1_DO_RX_NACK_RESTART is unused but had its address taken
  5626     0000                     _I2C1_DO_RX_NACK_RESTART equ	0
  5627                           
  5628 ;; Function _I2C1_DO_RESET is unused but had its address taken
  5629     0000                     _I2C1_DO_RESET  equ	0
  5630                           
  5631 ;; Function _I2C1_DO_ADDRESS_NACK is unused but had its address taken
  5632     0000                     _I2C1_DO_ADDRESS_NACK equ	0
  5633                           
  5634 ;; Function _I2C1_CallbackReturnStop is unused but had its address taken
  5635     0000                     _I2C1_CallbackReturnStop equ	0
  5636                           
  5637 ;; Function _I2C1_CallbackReturnReset is unused but had its address taken
  5638     0000                     _I2C1_CallbackReturnReset equ	0
  5639                           
  5640                           	psect	idataBANK1
  5641     07FE                     __pidataBANK1:
  5642                           
  5643                           ;initializer for _second_has_passed
  5644     07FE  3401               	retlw	1
  5645                           
  5646                           	psect	stringtext1
  5647     07D1                     __pstringtext1:
  5648     07D1                     _i2c1_fsmStateTable:
  5649     07D1  3400               	retlw	0
  5650     07D2  3400               	retlw	0
  5651     07D3  3400               	retlw	0
  5652     07D4  3400               	retlw	0
  5653     07D5  3400               	retlw	0
  5654     07D6  3400               	retlw	0
  5655     07D7  3400               	retlw	0
  5656     07D8  3400               	retlw	0
  5657     07D9  3400               	retlw	0
  5658     07DA  3400               	retlw	0
  5659     07DB  3400               	retlw	0
  5660     07DC  3400               	retlw	0
  5661     07DD  3400               	retlw	0
  5662     07DE  3400               	retlw	0
  5663     07DF  3400               	retlw	0
  5664     07E0  3400               	retlw	0
  5665     07E1  3400               	retlw	0
  5666     07E2  3400               	retlw	0
  5667     07E3  3400               	retlw	0
  5668     07E4  3400               	retlw	0
  5669     07E5  3400               	retlw	0
  5670     07E6  3400               	retlw	0
  5671     07E7  3400               	retlw	0
  5672     07E8  3400               	retlw	0
  5673     07E9  3400               	retlw	0
  5674     07EA  3400               	retlw	0
  5675     07EB  3400               	retlw	0
  5676     07EC  3400               	retlw	0
  5677     07ED  3400               	retlw	0
  5678     07EE  3400               	retlw	0
  5679     07EF  3400               	retlw	0
  5680     07F0  3400               	retlw	0
  5681     07F1                     __end_of_i2c1_fsmStateTable:
  5682                           
  5683                           	psect	nvBANK1
  5684     00E8                     __pnvBANK1:
  5685     00E8                     _TMR1_InterruptHandler:
  5686     00E8                     	ds	2
  5687     0016                     _LATAbits       set	22
  5688     000B                     _INTCONbits     set	11
  5689     0014                     _TRISD          set	20
  5690     0013                     _TRISC          set	19
  5691     0012                     _TRISB          set	18
  5692     0011                     _TRISA          set	17
  5693     0015                     _TRISE          set	21
  5694     0018                     _LATC           set	24
  5695     0017                     _LATB           set	23
  5696     0016                     _LATA           set	22
  5697     0019                     _LATD           set	25
  5698     001A                     _LATE           set	26
  5699     0013                     _TRISCbits      set	19
  5700     018C                     _SSP1BUF        set	396
  5701     018F                     _SSP1STATbits   set	399
  5702     0191                     _SSP1CON2bits   set	401
  5703     0190                     _SSP1CON1bits   set	400
  5704     018D                     _SSP1ADD        set	397
  5705     0191                     _SSP1CON2       set	401
  5706     0190                     _SSP1CON1       set	400
  5707     018F                     _SSP1STAT       set	399
  5708     020F                     _T1GCONbits     set	527
  5709     020E                     _T1CONbits      set	526
  5710     020E                     _T1CON          set	526
  5711     020C                     _TMR1L          set	524
  5712     020D                     _TMR1H          set	525
  5713     0211                     _T1CLK          set	529
  5714     0210                     _T1GATE         set	528
  5715     020F                     _T1GCON         set	527
  5716     0710                     _PIR4bits       set	1808
  5717     071A                     _PIE4bits       set	1818
  5718     0719                     _PIE3bits       set	1817
  5719     070F                     _PIR3bits       set	1807
  5720     079B                     _PMD5           set	1947
  5721     079A                     _PMD4           set	1946
  5722     0799                     _PMD3           set	1945
  5723     0798                     _PMD2           set	1944
  5724     0797                     _PMD1           set	1943
  5725     0796                     _PMD0           set	1942
  5726     0895                     _CLKRCON        set	2197
  5727     0896                     _CLKRCLK        set	2198
  5728     0892                     _OSCTUNE        set	2194
  5729     0893                     _OSCFRQ         set	2195
  5730     0891                     _OSCEN          set	2193
  5731     088F                     _OSCCON3        set	2191
  5732     088D                     _OSCCON1        set	2189
  5733     0EC6                     _SSP1DATPPS     set	3782
  5734     0EC5                     _SSP1CLKPPS     set	3781
  5735     0F24                     _RC4PPS         set	3876
  5736     0F23                     _RC3PPS         set	3875
  5737     0F68                     _INLVLE         set	3944
  5738     0F5D                     _INLVLD         set	3933
  5739     0F52                     _INLVLC         set	3922
  5740     0F47                     _INLVLB         set	3911
  5741     0F3C                     _INLVLA         set	3900
  5742     0F67                     _SLRCONE        set	3943
  5743     0F5C                     _SLRCOND        set	3932
  5744     0F51                     _SLRCONC        set	3921
  5745     0F46                     _SLRCONB        set	3910
  5746     0F3B                     _SLRCONA        set	3899
  5747     0F5B                     _ODCOND         set	3931
  5748     0F50                     _ODCONC         set	3920
  5749     0F45                     _ODCONB         set	3909
  5750     0F3A                     _ODCONA         set	3898
  5751     0F66                     _ODCONE         set	3942
  5752     0F4F                     _WPUC           set	3919
  5753     0F39                     _WPUA           set	3897
  5754     0F44                     _WPUB           set	3908
  5755     0F65                     _WPUE           set	3941
  5756     0F5A                     _WPUD           set	3930
  5757     0F38                     _ANSELA         set	3896
  5758     0F64                     _ANSELE         set	3940
  5759     0F43                     _ANSELB         set	3907
  5760     0F4E                     _ANSELC         set	3918
  5761     0F59                     _ANSELD         set	3929
  5762                           
  5763                           	psect	stringtext2
  5764     1000                     __pstringtext2:
  5765     1000                     STR_1:
  5766     1000  3454               	retlw	84	;'T'
  5767     1001  3469               	retlw	105	;'i'
  5768     1002  346D               	retlw	109	;'m'
  5769     1003  3465               	retlw	101	;'e'
  5770     1004  3420               	retlw	32	;' '
  5771     1005  3425               	retlw	37	;'%'
  5772     1006  3430               	retlw	48	;'0'
  5773     1007  3432               	retlw	50	;'2'
  5774     1008  346C               	retlw	108	;'l'
  5775     1009  3475               	retlw	117	;'u'
  5776     100A  343A               	retlw	58	;':'
  5777     100B  3425               	retlw	37	;'%'
  5778     100C  3430               	retlw	48	;'0'
  5779     100D  3432               	retlw	50	;'2'
  5780     100E  346C               	retlw	108	;'l'
  5781     100F  3475               	retlw	117	;'u'
  5782     1010  343A               	retlw	58	;':'
  5783     1011  3425               	retlw	37	;'%'
  5784     1012  3430               	retlw	48	;'0'
  5785     1013  3432               	retlw	50	;'2'
  5786     1014  346C               	retlw	108	;'l'
  5787     1015  3475               	retlw	117	;'u'
  5788     1016  3400               	retlw	0
  5789                           
  5790                           	psect	stringtext3
  5791     0000                     __pstringtext3:
  5792                           
  5793                           	psect	cinit
  5794     001E                     start_initialization:	
  5795                           ; #config settings
  5796                           
  5797     001E                     __initialization:
  5798                           
  5799                           ; Initialize objects allocated to BANK1
  5800     001E  0021               	movlb	1	; select bank1
  5801     001F  3187  27FE  3180   	fcall	__pidataBANK1	;fetch initializer
  5802     0022  00EA               	movwf	__pdataBANK1& (0+127)
  5803                           
  5804                           ; Clear objects allocated to COMMON
  5805     0023  01FB               	clrf	__pbssCOMMON& (0+127)
  5806                           
  5807                           ; Clear objects allocated to BANK1
  5808     0024  30A0               	movlw	low __pbssBANK1
  5809     0025  0084               	movwf	4
  5810     0026  3000               	movlw	high __pbssBANK1
  5811     0027  0085               	movwf	5
  5812     0028  3025               	movlw	37
  5813     0029  318E  26DE  3180   	fcall	clear_ram0
  5814                           
  5815                           ; Clear objects allocated to BANK2
  5816     002C  3020               	movlw	low __pbssBANK2
  5817     002D  0084               	movwf	4
  5818     002E  3001               	movlw	high __pbssBANK2
  5819     002F  0085               	movwf	5
  5820     0030  3020               	movlw	32
  5821     0031  318E  26DE  3180   	fcall	clear_ram0
  5822     0034                     end_of_initialization:	
  5823                           ;End of C runtime variable initialization code
  5824                           
  5825     0034                     __end_of__initialization:
  5826     0034  107E               	bcf	int$flags,0	;clear compiler interrupt flag (level 1)
  5827     0035  0020               	movlb	0
  5828     0036  3181  297C         	ljmp	_main	;jump to C main() function
  5829                           
  5830                           	psect	bssCOMMON
  5831     007B                     __pbssCOMMON:
  5832     007B                     _flags:
  5833     007B                     	ds	1
  5834                           
  5835                           	psect	bssBANK1
  5836     00A0                     __pbssBANK1:
  5837     00A0                     _I2C1_Status:
  5838     00A0                     	ds	29
  5839     00BD                     _width:
  5840     00BD                     	ds	2
  5841     00BF                     _prec:
  5842     00BF                     	ds	2
  5843     00C1                     _timer1ReloadVal:
  5844     00C1                     	ds	2
  5845     00C3                     _MSSP1_InterruptHandler:
  5846     00C3                     	ds	2
  5847                           
  5848                           	psect	dataBANK1
  5849     00EA                     __pdataBANK1:
  5850     00EA                     _second_has_passed:
  5851     00EA                     	ds	1
  5852                           
  5853                           	psect	bssBANK2
  5854     0120                     __pbssBANK2:
  5855     0120                     _dbuf:
  5856     0120                     	ds	32
  5857                           
  5858                           	psect	clrtext
  5859     0EDE                     clear_ram0:	
  5860                           ;	Called with FSR0 containing the base address, and
  5861                           ;	WREG with the size to clear
  5862                           
  5863     0EDE  0064               	clrwdt	;clear the watchdog before getting into this loop
  5864     0EDF                     clrloop0:
  5865     0EDF  0180               	clrf	0	;clear RAM location pointed to by FSR
  5866     0EE0  3101               	addfsr 0,1
  5867     0EE1  0B89               	decfsz	9,f	;Have we reached the end of clearing yet?
  5868     0EE2  2EDF               	goto	clrloop0	;have we reached the end yet?
  5869     0EE3  3400               	retlw	0	;all done for this memory range, return
  5870                           
  5871                           	psect	cstackBANK1
  5872     00C5                     __pcstackBANK1:
  5873     00C5                     ??_main:
  5874                           
  5875                           ; 1 bytes @ 0x0
  5876     00C5                     	ds	2
  5877     00C7                     main@buf:
  5878                           
  5879                           ; 17 bytes @ 0x2
  5880     00C7                     	ds	17
  5881     00D8                     main@hours:
  5882                           
  5883                           ; 4 bytes @ 0x13
  5884     00D8                     	ds	4
  5885     00DC                     main@minutes:
  5886                           
  5887                           ; 4 bytes @ 0x17
  5888     00DC                     	ds	4
  5889     00E0                     main@secs:
  5890                           
  5891                           ; 4 bytes @ 0x1B
  5892     00E0                     	ds	4
  5893     00E4                     main@seconds:
  5894                           
  5895                           ; 4 bytes @ 0x1F
  5896     00E4                     	ds	4
  5897                           
  5898                           	psect	cstackCOMMON
  5899     0070                     __pcstackCOMMON:
  5900     0070                     ?_PMD_Initialize:
  5901     0070                     ?_I2C1_Initialize:	
  5902                           ; 1 bytes @ 0x0
  5903                           
  5904     0070                     ?_PIN_MANAGER_Initialize:	
  5905                           ; 1 bytes @ 0x0
  5906                           
  5907     0070                     ?_OSCILLATOR_Initialize:	
  5908                           ; 1 bytes @ 0x0
  5909                           
  5910     0070                     ?_TMR1_Initialize:	
  5911                           ; 1 bytes @ 0x0
  5912                           
  5913     0070                     ?_CLKREF_Initialize:	
  5914                           ; 1 bytes @ 0x0
  5915                           
  5916     0070                     ?_TMR1_ISR:	
  5917                           ; 1 bytes @ 0x0
  5918                           
  5919     0070                     ?_TMR1_DefaultInterruptHandler:	
  5920                           ; 1 bytes @ 0x0
  5921                           
  5922     0070                     ?_putch:	
  5923                           ; 1 bytes @ 0x0
  5924                           
  5925     0070                     ?_OpenI2C:	
  5926                           ; 1 bytes @ 0x0
  5927                           
  5928     0070                     ?_ReadI2C:	
  5929                           ; 1 bytes @ 0x0
  5930                           
  5931     0070                     ?_WriteI2C:	
  5932                           ; 1 bytes @ 0x0
  5933                           
  5934     0070                     ?_LCDsend:	
  5935                           ; 1 bytes @ 0x0
  5936                           
  5937     0070                     ?_LCDrecv:	
  5938                           ; 1 bytes @ 0x0
  5939                           
  5940     0070                     ?_LCDinit:	
  5941                           ; 1 bytes @ 0x0
  5942                           
  5943     0070                     ?_LCDcmd:	
  5944                           ; 1 bytes @ 0x0
  5945                           
  5946     0070                     ?_LCDchar:	
  5947                           ; 1 bytes @ 0x0
  5948                           
  5949     0070                     ?_SYSTEM_Initialize:	
  5950                           ; 1 bytes @ 0x0
  5951                           
  5952     0070                     ?_INTERRUPT_InterruptManager:	
  5953                           ; 1 bytes @ 0x0
  5954                           
  5955     0070                     ?_TMR1_WriteTimer:	
  5956                           ; 1 bytes @ 0x0
  5957                           
  5958     0070                     ?_main:	
  5959                           ; 1 bytes @ 0x0
  5960                           
  5961     0070                     putch@c:	
  5962                           ; 1 bytes @ 0x0
  5963                           
  5964     0070                     TMR1_WriteTimer@timerVal:	
  5965                           ; 1 bytes @ 0x0
  5966                           
  5967     0070                     ??_TMR1_DefaultInterruptHandler:	
  5968                           ; 2 bytes @ 0x0
  5969                           
  5970                           
  5971                           ; 1 bytes @ 0x0
  5972     0070                     	ds	2
  5973     0072                     ?_TMR1_SetInterruptHandler:
  5974     0072                     ?_fputc:	
  5975                           ; 1 bytes @ 0x2
  5976                           
  5977     0072                     ?___wmul:	
  5978                           ; 2 bytes @ 0x2
  5979                           
  5980     0072                     ?___lldiv:	
  5981                           ; 2 bytes @ 0x2
  5982                           
  5983     0072                     TMR1_SetInterruptHandler@InterruptHandler:	
  5984                           ; 4 bytes @ 0x2
  5985                           
  5986     0072                     ___wmul@multiplier:	
  5987                           ; 2 bytes @ 0x2
  5988                           
  5989     0072                     fputc@c:	
  5990                           ; 2 bytes @ 0x2
  5991                           
  5992     0072                     ___lldiv@divisor:	
  5993                           ; 2 bytes @ 0x2
  5994                           
  5995     0072                     ??_PMD_Initialize:	
  5996                           ; 4 bytes @ 0x2
  5997                           
  5998     0072                     ??_I2C1_Initialize:	
  5999                           ; 1 bytes @ 0x2
  6000                           
  6001     0072                     ??_PIN_MANAGER_Initialize:	
  6002                           ; 1 bytes @ 0x2
  6003                           
  6004     0072                     ??_OSCILLATOR_Initialize:	
  6005                           ; 1 bytes @ 0x2
  6006                           
  6007     0072                     ??_CLKREF_Initialize:	
  6008                           ; 1 bytes @ 0x2
  6009                           
  6010     0072                     ??_TMR1_ISR:	
  6011                           ; 1 bytes @ 0x2
  6012                           
  6013     0072                     ??_putch:	
  6014                           ; 1 bytes @ 0x2
  6015                           
  6016     0072                     ??_OpenI2C:	
  6017                           ; 1 bytes @ 0x2
  6018                           
  6019     0072                     ??_ReadI2C:	
  6020                           ; 1 bytes @ 0x2
  6021                           
  6022     0072                     ??_WriteI2C:	
  6023                           ; 1 bytes @ 0x2
  6024                           
  6025     0072                     ??_INTERRUPT_InterruptManager:	
  6026                           ; 1 bytes @ 0x2
  6027                           
  6028     0072                     ??_TMR1_WriteTimer:	
  6029                           ; 1 bytes @ 0x2
  6030                           
  6031                           
  6032                           ; 1 bytes @ 0x2
  6033     0072                     	ds	1
  6034     0073                     WriteI2C@data_out:
  6035                           
  6036                           ; 1 bytes @ 0x3
  6037     0073                     	ds	1
  6038     0074                     ?_LCDsend2x4:
  6039     0074                     LCDsend2x4@mode:	
  6040                           ; 1 bytes @ 0x4
  6041                           
  6042     0074                     ___wmul@multiplicand:	
  6043                           ; 1 bytes @ 0x4
  6044                           
  6045     0074                     fputc@fp:	
  6046                           ; 2 bytes @ 0x4
  6047                           
  6048     0074                     ??_TMR1_Initialize:	
  6049                           ; 2 bytes @ 0x4
  6050                           
  6051     0074                     ??_TMR1_SetInterruptHandler:	
  6052                           ; 1 bytes @ 0x4
  6053                           
  6054     0074                     ??_LCDsend:	
  6055                           ; 1 bytes @ 0x4
  6056                           
  6057     0074                     ??_LCDrecv:	
  6058                           ; 1 bytes @ 0x4
  6059                           
  6060     0074                     ??_SYSTEM_Initialize:	
  6061                           ; 1 bytes @ 0x4
  6062                           
  6063                           
  6064                           ; 1 bytes @ 0x4
  6065     0074                     	ds	1
  6066     0075                     LCDsend@c:
  6067     0075                     ??_LCDsend2x4:	
  6068                           ; 1 bytes @ 0x5
  6069                           
  6070                           
  6071                           ; 1 bytes @ 0x5
  6072     0075                     	ds	1
  6073     0076                     LCDrecv@hc:
  6074     0076                     LCDsend2x4@c:	
  6075                           ; 1 bytes @ 0x6
  6076                           
  6077     0076                     ___wmul@product:	
  6078                           ; 1 bytes @ 0x6
  6079                           
  6080     0076                     ___lldiv@dividend:	
  6081                           ; 2 bytes @ 0x6
  6082                           
  6083     0076                     ??_fputc:	
  6084                           ; 4 bytes @ 0x6
  6085                           
  6086     0076                     ??___wmul:	
  6087                           ; 1 bytes @ 0x6
  6088                           
  6089                           
  6090                           ; 1 bytes @ 0x6
  6091     0076                     	ds	1
  6092     0077                     LCDrecv@lc:
  6093     0077                     LCDsend2x4@hc:	
  6094                           ; 1 bytes @ 0x7
  6095                           
  6096                           
  6097                           ; 1 bytes @ 0x7
  6098     0077                     	ds	1
  6099     0078                     ?_read_prec_or_width:
  6100     0078                     LCDrecv@mode:	
  6101                           ; 2 bytes @ 0x8
  6102                           
  6103     0078                     LCDsend2x4@lc:	
  6104                           ; 1 bytes @ 0x8
  6105                           
  6106     0078                     read_prec_or_width@fmt:	
  6107                           ; 1 bytes @ 0x8
  6108                           
  6109                           
  6110                           ; 1 bytes @ 0x8
  6111     0078                     	ds	1
  6112     0079                     ?_LCDbusy:
  6113     0079                     LCDcmd@c:	
  6114                           ; 2 bytes @ 0x9
  6115                           
  6116     0079                     LCDchar@c:	
  6117                           ; 1 bytes @ 0x9
  6118                           
  6119     0079                     read_prec_or_width@ap:	
  6120                           ; 1 bytes @ 0x9
  6121                           
  6122     0079                     ??_LCDinit:	
  6123                           ; 1 bytes @ 0x9
  6124                           
  6125     0079                     ??_LCDcmd:	
  6126                           ; 1 bytes @ 0x9
  6127                           
  6128     0079                     ??_LCDchar:	
  6129                           ; 1 bytes @ 0x9
  6130                           
  6131                           
  6132                           ; 1 bytes @ 0x9
  6133     0079                     	ds	1
  6134     007A                     ?_LCDstr:
  6135     007A                     LCDstr@p:	
  6136                           ; 1 bytes @ 0xA
  6137                           
  6138     007A                     ___llmod@counter:	
  6139                           ; 1 bytes @ 0xA
  6140                           
  6141     007A                     ??___lldiv:	
  6142                           ; 1 bytes @ 0xA
  6143                           
  6144     007A                     ??___llmod:	
  6145                           ; 1 bytes @ 0xA
  6146                           
  6147                           
  6148                           ; 1 bytes @ 0xA
  6149     007A                     	ds	1
  6150     007B                     ??_sprintf:
  6151     007B                     ??_LCDstr:	
  6152                           ; 1 bytes @ 0xB
  6153                           
  6154     007B                     ??_LCDbusy:	
  6155                           ; 1 bytes @ 0xB
  6156                           
  6157                           
  6158                           	psect	cstackBANK0
  6159     0020                     __pcstackBANK0:	
  6160                           ; 1 bytes @ 0xB
  6161                           
  6162     0020                     ?_fputs:
  6163     0020                     LCDstr@c:	
  6164                           ; 2 bytes @ 0x0
  6165                           
  6166     0020                     fputs@s:	
  6167                           ; 1 bytes @ 0x0
  6168                           
  6169     0020                     ___lldiv@quotient:	
  6170                           ; 1 bytes @ 0x0
  6171                           
  6172     0020                     ??_read_prec_or_width:	
  6173                           ; 4 bytes @ 0x0
  6174                           
  6175                           
  6176                           ; 1 bytes @ 0x0
  6177     0020                     	ds	1
  6178     0021                     fputs@fp:
  6179                           
  6180                           ; 2 bytes @ 0x1
  6181     0021                     	ds	2
  6182     0023                     read_prec_or_width@c:
  6183     0023                     ??_fputs:	
  6184                           ; 1 bytes @ 0x3
  6185                           
  6186                           
  6187                           ; 1 bytes @ 0x3
  6188     0023                     	ds	1
  6189     0024                     ___lldiv@counter:
  6190     0024                     read_prec_or_width@n:	
  6191                           ; 1 bytes @ 0x4
  6192                           
  6193                           
  6194                           ; 2 bytes @ 0x4
  6195     0024                     	ds	1
  6196     0025                     ?___llmod:
  6197     0025                     fputs@c:	
  6198                           ; 4 bytes @ 0x5
  6199                           
  6200     0025                     ___llmod@divisor:	
  6201                           ; 1 bytes @ 0x5
  6202                           
  6203                           
  6204                           ; 4 bytes @ 0x5
  6205     0025                     	ds	1
  6206     0026                     fputs@i:
  6207                           
  6208                           ; 2 bytes @ 0x6
  6209     0026                     	ds	2
  6210     0028                     ?_pad:
  6211     0028                     pad@fp:	
  6212                           ; 1 bytes @ 0x8
  6213                           
  6214                           
  6215                           ; 2 bytes @ 0x8
  6216     0028                     	ds	1
  6217     0029                     ___llmod@dividend:
  6218                           
  6219                           ; 4 bytes @ 0x9
  6220     0029                     	ds	1
  6221     002A                     pad@buf:
  6222                           
  6223                           ; 1 bytes @ 0xA
  6224     002A                     	ds	1
  6225     002B                     pad@p:
  6226                           
  6227                           ; 2 bytes @ 0xB
  6228     002B                     	ds	2
  6229     002D                     ??_pad:
  6230                           
  6231                           ; 1 bytes @ 0xD
  6232     002D                     	ds	1
  6233     002E                     pad@i:
  6234                           
  6235                           ; 2 bytes @ 0xE
  6236     002E                     	ds	2
  6237     0030                     ?_utoa:
  6238     0030                     utoa@fp:	
  6239                           ; 1 bytes @ 0x10
  6240                           
  6241                           
  6242                           ; 2 bytes @ 0x10
  6243     0030                     	ds	2
  6244     0032                     utoa@d:
  6245                           
  6246                           ; 4 bytes @ 0x12
  6247     0032                     	ds	4
  6248     0036                     ??_utoa:
  6249                           
  6250                           ; 1 bytes @ 0x16
  6251     0036                     	ds	1
  6252     0037                     utoa@p:
  6253                           
  6254                           ; 1 bytes @ 0x17
  6255     0037                     	ds	1
  6256     0038                     utoa@w:
  6257                           
  6258                           ; 2 bytes @ 0x18
  6259     0038                     	ds	2
  6260     003A                     utoa@i:
  6261                           
  6262                           ; 2 bytes @ 0x1A
  6263     003A                     	ds	2
  6264     003C                     ?_vfpfcnvrt:
  6265     003C                     vfpfcnvrt@fp:	
  6266                           ; 1 bytes @ 0x1C
  6267                           
  6268                           
  6269                           ; 2 bytes @ 0x1C
  6270     003C                     	ds	2
  6271     003E                     vfpfcnvrt@fmt:
  6272                           
  6273                           ; 1 bytes @ 0x1E
  6274     003E                     	ds	1
  6275     003F                     vfpfcnvrt@ap:
  6276                           
  6277                           ; 1 bytes @ 0x1F
  6278     003F                     	ds	1
  6279     0040                     ??_vfpfcnvrt:
  6280                           
  6281                           ; 1 bytes @ 0x20
  6282     0040                     	ds	4
  6283     0044                     vfpfcnvrt@convarg:
  6284                           
  6285                           ; 4 bytes @ 0x24
  6286     0044                     	ds	4
  6287     0048                     vfpfcnvrt@done:
  6288                           
  6289                           ; 1 bytes @ 0x28
  6290     0048                     	ds	1
  6291     0049                     vfpfcnvrt@c:
  6292                           
  6293                           ; 1 bytes @ 0x29
  6294     0049                     	ds	1
  6295     004A                     vfpfcnvrt@cp:
  6296                           
  6297                           ; 2 bytes @ 0x2A
  6298     004A                     	ds	2
  6299     004C                     ?_vfprintf:
  6300     004C                     vfprintf@fp:	
  6301                           ; 2 bytes @ 0x2C
  6302                           
  6303                           
  6304                           ; 2 bytes @ 0x2C
  6305     004C                     	ds	2
  6306     004E                     vfprintf@fmt:
  6307                           
  6308                           ; 2 bytes @ 0x2E
  6309     004E                     	ds	2
  6310     0050                     vfprintf@ap:
  6311                           
  6312                           ; 1 bytes @ 0x30
  6313     0050                     	ds	1
  6314     0051                     ??_vfprintf:
  6315                           
  6316                           ; 1 bytes @ 0x31
  6317     0051                     	ds	1
  6318     0052                     vfprintf@cfmt:
  6319                           
  6320                           ; 2 bytes @ 0x32
  6321     0052                     	ds	2
  6322     0054                     ?_sprintf:
  6323     0054                     sprintf@s:	
  6324                           ; 2 bytes @ 0x34
  6325                           
  6326                           
  6327                           ; 1 bytes @ 0x34
  6328     0054                     	ds	1
  6329     0055                     sprintf@fmt:
  6330                           
  6331                           ; 2 bytes @ 0x35
  6332     0055                     	ds	14
  6333     0063                     sprintf@ap:
  6334                           
  6335                           ; 1 bytes @ 0x43
  6336     0063                     	ds	1
  6337     0064                     sprintf@f:
  6338                           
  6339                           ; 11 bytes @ 0x44
  6340     0064                     	ds	11
  6341                           
  6342                           	psect	maintext
  6343     017C                     __pmaintext:	
  6344 ;;
  6345 ;;Main: autosize = 0, tempsize = 2, incstack = 0, save=0
  6346 ;;
  6347 ;; *************** function _main *****************
  6348 ;; Defined at:
  6349 ;;		line 84 in file "main.c"
  6350 ;; Parameters:    Size  Location     Type
  6351 ;;		None
  6352 ;; Auto vars:     Size  Location     Type
  6353 ;;  buf            17    2[BANK1 ] unsigned char [17]
  6354 ;;  seconds         4   31[BANK1 ] unsigned long 
  6355 ;;  secs            4   27[BANK1 ] unsigned long 
  6356 ;;  minutes         4   23[BANK1 ] unsigned long 
  6357 ;;  hours           4   19[BANK1 ] unsigned long 
  6358 ;;  c               1    0        unsigned char 
  6359 ;; Return value:  Size  Location     Type
  6360 ;;                  1    wreg      void 
  6361 ;; Registers used:
  6362 ;;		wreg, fsr0l, fsr0h, fsr1l, fsr1h, status,2, status,0, pclath, cstack
  6363 ;; Tracked objects:
  6364 ;;		On entry : B1F/0
  6365 ;;		On exit  : 0/0
  6366 ;;		Unchanged: 0/0
  6367 ;; Data sizes:     COMMON   BANK0   BANK1   BANK2   BANK3   BANK4   BANK5   BANK6   BANK7   BANK8   BANK9  BANK10  BANK1
      +1  BANK12
  6368 ;;      Params:         0       0       0       0       0       0       0       0       0       0       0       0       
      +0       0
  6369 ;;      Locals:         0       0      33       0       0       0       0       0       0       0       0       0       
      +0       0
  6370 ;;      Temps:          0       0       2       0       0       0       0       0       0       0       0       0       
      +0       0
  6371 ;;      Totals:         0       0      35       0       0       0       0       0       0       0       0       0       
      +0       0
  6372 ;;Total ram usage:       35 bytes
  6373 ;; Hardware stack levels required when called: 10
  6374 ;; This function calls:
  6375 ;;		_LCDbusy
  6376 ;;		_LCDcmd
  6377 ;;		_LCDinit
  6378 ;;		_LCDstr
  6379 ;;		_OpenI2C
  6380 ;;		_SYSTEM_Initialize
  6381 ;;		___lldiv
  6382 ;;		___llmod
  6383 ;;		_sprintf
  6384 ;; This function is called by:
  6385 ;;		Startup code after reset
  6386 ;; This function uses a non-reentrant model
  6387 ;;
  6388                           
  6389     017C                     _main:	
  6390                           ;psect for function _main
  6391                           
  6392     017C                     l4546:	
  6393                           ;incstack = 0
  6394                           ; Regs used in _main: [wreg-fsr1h+status,2+status,0+pclath+cstack]
  6395                           
  6396                           
  6397                           ;main.c: 86:     unsigned char c;;main.c: 87:     char buf[17];;main.c: 90:     SYSTEM_I
      +                          nitialize();
  6398     017C  318F  2742  3181   	fcall	_SYSTEM_Initialize
  6399     017F                     l4548:
  6400                           
  6401                           ;main.c: 93:     unsigned long seconds = 0;
  6402     017F  3000               	movlw	0
  6403     0180  0021               	movlb	1	; select bank1
  6404     0181  00E7               	movwf	(main@seconds+3)^(0+128)
  6405     0182  3000               	movlw	0
  6406     0183  00E6               	movwf	(main@seconds+2)^(0+128)
  6407     0184  3000               	movlw	0
  6408     0185  00E5               	movwf	(main@seconds+1)^(0+128)
  6409     0186  3000               	movlw	0
  6410     0187  00E4               	movwf	main@seconds^(0+128)
  6411     0188                     l4550:
  6412                           
  6413                           ;main.c: 94:     unsigned long hours, minutes, secs;;main.c: 99:     (INTCONbits.GIE = 1
      +                          );
  6414     0188  178B               	bsf	11,7	;volatile
  6415     0189                     l4552:
  6416                           
  6417                           ;main.c: 102:     (INTCONbits.PEIE = 1);
  6418     0189  170B               	bsf	11,6	;volatile
  6419                           
  6420                           ;main.c: 110:     OpenI2C();
  6421     018A  3187  27F1  3181   	fcall	_OpenI2C
  6422     018D                     l4554:
  6423                           
  6424                           ;main.c: 115:     LCDinit();
  6425     018D  3184  24C2  3181   	fcall	_LCDinit
  6426     0190                     l4556:
  6427                           
  6428                           ;main.c: 118:     {;main.c: 120:         if (second_has_passed==1) {
  6429     0190  0021               	movlb	1	; select bank1
  6430     0191  036A               	decf	_second_has_passed^(0+128),w	;volatile
  6431     0192  1D03               	btfss	3,2
  6432     0193  2995               	goto	u4161
  6433     0194  2996               	goto	u4160
  6434     0195                     u4161:
  6435     0195  2A6A               	goto	l4576
  6436     0196                     u4160:
  6437     0196                     l4558:
  6438                           
  6439                           ;main.c: 121:           second_has_passed = 0;
  6440     0196  01EA               	clrf	_second_has_passed^(0+128)	;volatile
  6441     0197                     l4560:
  6442                           
  6443                           ;main.c: 122:           seconds++;
  6444     0197  3001               	movlw	1
  6445     0198  07E4               	addwf	main@seconds^(0+128),f
  6446     0199  3000               	movlw	0
  6447     019A  3DE5               	addwfc	(main@seconds+1)^(0+128),f
  6448     019B  3DE6               	addwfc	(main@seconds+2)^(0+128),f
  6449     019C  3DE7               	addwfc	(main@seconds+3)^(0+128),f
  6450     019D                     l4562:
  6451                           
  6452                           ;main.c: 123:           hours = (seconds / 3600);
  6453     019D  3000               	movlw	0
  6454     019E  00F5               	movwf	___lldiv@divisor+3
  6455     019F  3000               	movlw	0
  6456     01A0  00F4               	movwf	___lldiv@divisor+2
  6457     01A1  300E               	movlw	14
  6458     01A2  00F3               	movwf	___lldiv@divisor+1
  6459     01A3  3010               	movlw	16
  6460     01A4  00F2               	movwf	___lldiv@divisor
  6461     01A5  0867               	movf	(main@seconds+3)^(0+128),w
  6462     01A6  00F9               	movwf	___lldiv@dividend+3
  6463     01A7  0866               	movf	(main@seconds+2)^(0+128),w
  6464     01A8  00F8               	movwf	___lldiv@dividend+2
  6465     01A9  0865               	movf	(main@seconds+1)^(0+128),w
  6466     01AA  00F7               	movwf	___lldiv@dividend+1
  6467     01AB  0864               	movf	main@seconds^(0+128),w
  6468     01AC  00F6               	movwf	___lldiv@dividend
  6469     01AD  3185  259A  3181   	fcall	___lldiv
  6470     01B0  0875               	movf	?___lldiv+3,w
  6471     01B1  0021               	movlb	1	; select bank1
  6472     01B2  00DB               	movwf	(main@hours+3)^(0+128)
  6473     01B3  0874               	movf	?___lldiv+2,w
  6474     01B4  00DA               	movwf	(main@hours+2)^(0+128)
  6475     01B5  0873               	movf	?___lldiv+1,w
  6476     01B6  00D9               	movwf	(main@hours+1)^(0+128)
  6477     01B7  0872               	movf	?___lldiv,w
  6478     01B8  00D8               	movwf	main@hours^(0+128)
  6479     01B9                     l4564:
  6480                           
  6481                           ;main.c: 124:           minutes = (seconds / 60) % 60;
  6482     01B9  3000               	movlw	0
  6483     01BA  0020               	movlb	0	; select bank0
  6484     01BB  00A8               	movwf	___llmod@divisor+3
  6485     01BC  3000               	movlw	0
  6486     01BD  00A7               	movwf	___llmod@divisor+2
  6487     01BE  3000               	movlw	0
  6488     01BF  00A6               	movwf	___llmod@divisor+1
  6489     01C0  303C               	movlw	60
  6490     01C1  00A5               	movwf	___llmod@divisor
  6491     01C2  3000               	movlw	0
  6492     01C3  00F5               	movwf	___lldiv@divisor+3
  6493     01C4  3000               	movlw	0
  6494     01C5  00F4               	movwf	___lldiv@divisor+2
  6495     01C6  3000               	movlw	0
  6496     01C7  00F3               	movwf	___lldiv@divisor+1
  6497     01C8  303C               	movlw	60
  6498     01C9  00F2               	movwf	___lldiv@divisor
  6499     01CA  0021               	movlb	1	; select bank1
  6500     01CB  0867               	movf	(main@seconds+3)^(0+128),w
  6501     01CC  00F9               	movwf	___lldiv@dividend+3
  6502     01CD  0866               	movf	(main@seconds+2)^(0+128),w
  6503     01CE  00F8               	movwf	___lldiv@dividend+2
  6504     01CF  0865               	movf	(main@seconds+1)^(0+128),w
  6505     01D0  00F7               	movwf	___lldiv@dividend+1
  6506     01D1  0864               	movf	main@seconds^(0+128),w
  6507     01D2  00F6               	movwf	___lldiv@dividend
  6508     01D3  3185  259A  3181   	fcall	___lldiv
  6509     01D6  0875               	movf	?___lldiv+3,w
  6510     01D7  0020               	movlb	0	; select bank0
  6511     01D8  00AC               	movwf	___llmod@dividend+3
  6512     01D9  0874               	movf	?___lldiv+2,w
  6513     01DA  00AB               	movwf	___llmod@dividend+2
  6514     01DB  0873               	movf	?___lldiv+1,w
  6515     01DC  00AA               	movwf	___llmod@dividend+1
  6516     01DD  0872               	movf	?___lldiv,w
  6517     01DE  00A9               	movwf	___llmod@dividend
  6518     01DF  3186  2695  3181   	fcall	___llmod
  6519     01E2  0020               	movlb	0	; select bank0
  6520     01E3  0828               	movf	?___llmod+3,w
  6521     01E4  0021               	movlb	1	; select bank1
  6522     01E5  00DF               	movwf	(main@minutes+3)^(0+128)
  6523     01E6  0020               	movlb	0	; select bank0
  6524     01E7  0827               	movf	?___llmod+2,w
  6525     01E8  0021               	movlb	1	; select bank1
  6526     01E9  00DE               	movwf	(main@minutes+2)^(0+128)
  6527     01EA  0020               	movlb	0	; select bank0
  6528     01EB  0826               	movf	?___llmod+1,w
  6529     01EC  0021               	movlb	1	; select bank1
  6530     01ED  00DD               	movwf	(main@minutes+1)^(0+128)
  6531     01EE  0020               	movlb	0	; select bank0
  6532     01EF  0825               	movf	?___llmod,w
  6533     01F0  0021               	movlb	1	; select bank1
  6534     01F1  00DC               	movwf	main@minutes^(0+128)
  6535     01F2                     l4566:
  6536                           
  6537                           ;main.c: 125:           secs = seconds % 60;
  6538     01F2  3000               	movlw	0
  6539     01F3  0020               	movlb	0	; select bank0
  6540     01F4  00A8               	movwf	___llmod@divisor+3
  6541     01F5  3000               	movlw	0
  6542     01F6  00A7               	movwf	___llmod@divisor+2
  6543     01F7  3000               	movlw	0
  6544     01F8  00A6               	movwf	___llmod@divisor+1
  6545     01F9  303C               	movlw	60
  6546     01FA  00A5               	movwf	___llmod@divisor
  6547     01FB  0021               	movlb	1	; select bank1
  6548     01FC  0867               	movf	(main@seconds+3)^(0+128),w
  6549     01FD  0020               	movlb	0	; select bank0
  6550     01FE  00AC               	movwf	___llmod@dividend+3
  6551     01FF  0021               	movlb	1	; select bank1
  6552     0200  0866               	movf	(main@seconds+2)^(0+128),w
  6553     0201  0020               	movlb	0	; select bank0
  6554     0202  00AB               	movwf	___llmod@dividend+2
  6555     0203  0021               	movlb	1	; select bank1
  6556     0204  0865               	movf	(main@seconds+1)^(0+128),w
  6557     0205  0020               	movlb	0	; select bank0
  6558     0206  00AA               	movwf	___llmod@dividend+1
  6559     0207  0021               	movlb	1	; select bank1
  6560     0208  0864               	movf	main@seconds^(0+128),w
  6561     0209  0020               	movlb	0	; select bank0
  6562     020A  00A9               	movwf	___llmod@dividend
  6563     020B  3186  2695  3181   	fcall	___llmod
  6564     020E  0020               	movlb	0	; select bank0
  6565     020F  0828               	movf	?___llmod+3,w
  6566     0210  0021               	movlb	1	; select bank1
  6567     0211  00E3               	movwf	(main@secs+3)^(0+128)
  6568     0212  0020               	movlb	0	; select bank0
  6569     0213  0827               	movf	?___llmod+2,w
  6570     0214  0021               	movlb	1	; select bank1
  6571     0215  00E2               	movwf	(main@secs+2)^(0+128)
  6572     0216  0020               	movlb	0	; select bank0
  6573     0217  0826               	movf	?___llmod+1,w
  6574     0218  0021               	movlb	1	; select bank1
  6575     0219  00E1               	movwf	(main@secs+1)^(0+128)
  6576     021A  0020               	movlb	0	; select bank0
  6577     021B  0825               	movf	?___llmod,w
  6578     021C  0021               	movlb	1	; select bank1
  6579     021D  00E0               	movwf	main@secs^(0+128)
  6580     021E                     l4568:
  6581                           
  6582                           ;main.c: 127:           LCDcmd(0x80);
  6583     021E  3080               	movlw	128
  6584     021F  318E  26E4  3181   	fcall	_LCDcmd
  6585     0222                     l4570:
  6586                           
  6587                           ;main.c: 128:           sprintf(buf, "Time %02lu:%02lu:%02lu", hours, minutes, secs);
  6588     0222  30C7               	movlw	(low (main@buf| 0))& (0+255)
  6589     0223  0020               	movlb	0	; select bank0
  6590     0224  00D4               	movwf	sprintf@s
  6591     0225  3000               	movlw	low (STR_1| (0+32768))
  6592     0226  00D5               	movwf	sprintf@fmt
  6593     0227  3090               	movlw	high (STR_1| (0+32768))
  6594     0228  00D6               	movwf	sprintf@fmt+1
  6595     0229  0021               	movlb	1	; select bank1
  6596     022A  085B               	movf	(main@hours+3)^(0+128),w
  6597     022B  0020               	movlb	0	; select bank0
  6598     022C  00DA               	movwf	?_sprintf+6
  6599     022D  0021               	movlb	1	; select bank1
  6600     022E  085A               	movf	(main@hours+2)^(0+128),w
  6601     022F  0020               	movlb	0	; select bank0
  6602     0230  00D9               	movwf	?_sprintf+5
  6603     0231  0021               	movlb	1	; select bank1
  6604     0232  0859               	movf	(main@hours+1)^(0+128),w
  6605     0233  0020               	movlb	0	; select bank0
  6606     0234  00D8               	movwf	?_sprintf+4
  6607     0235  0021               	movlb	1	; select bank1
  6608     0236  0858               	movf	main@hours^(0+128),w
  6609     0237  0020               	movlb	0	; select bank0
  6610     0238  00D7               	movwf	?_sprintf+3
  6611     0239  0021               	movlb	1	; select bank1
  6612     023A  085F               	movf	(main@minutes+3)^(0+128),w
  6613     023B  0020               	movlb	0	; select bank0
  6614     023C  00DE               	movwf	?_sprintf+10
  6615     023D  0021               	movlb	1	; select bank1
  6616     023E  085E               	movf	(main@minutes+2)^(0+128),w
  6617     023F  0020               	movlb	0	; select bank0
  6618     0240  00DD               	movwf	?_sprintf+9
  6619     0241  0021               	movlb	1	; select bank1
  6620     0242  085D               	movf	(main@minutes+1)^(0+128),w
  6621     0243  0020               	movlb	0	; select bank0
  6622     0244  00DC               	movwf	?_sprintf+8
  6623     0245  0021               	movlb	1	; select bank1
  6624     0246  085C               	movf	main@minutes^(0+128),w
  6625     0247  0020               	movlb	0	; select bank0
  6626     0248  00DB               	movwf	?_sprintf+7
  6627     0249  0021               	movlb	1	; select bank1
  6628     024A  0863               	movf	(main@secs+3)^(0+128),w
  6629     024B  0020               	movlb	0	; select bank0
  6630     024C  00E2               	movwf	?_sprintf+14
  6631     024D  0021               	movlb	1	; select bank1
  6632     024E  0862               	movf	(main@secs+2)^(0+128),w
  6633     024F  0020               	movlb	0	; select bank0
  6634     0250  00E1               	movwf	?_sprintf+13
  6635     0251  0021               	movlb	1	; select bank1
  6636     0252  0861               	movf	(main@secs+1)^(0+128),w
  6637     0253  0020               	movlb	0	; select bank0
  6638     0254  00E0               	movwf	?_sprintf+12
  6639     0255  0021               	movlb	1	; select bank1
  6640     0256  0860               	movf	main@secs^(0+128),w
  6641     0257  0020               	movlb	0	; select bank0
  6642     0258  00DF               	movwf	?_sprintf+11
  6643     0259  318F  27A4  3181   	fcall	_sprintf
  6644     025C                     l4572:
  6645                           
  6646                           ;main.c: 129:           LCDstr(buf);
  6647     025C  30C7               	movlw	(low (main@buf| 0))& (0+255)
  6648     025D  00FA               	movwf	LCDstr@p
  6649     025E  318F  2730  3181   	fcall	_LCDstr
  6650     0261                     l4574:	
  6651                           ;main.c: 130:           while (LCDbusy());
  6652                           
  6653     0261  318F  271F  3181   	fcall	_LCDbusy
  6654     0264  0879               	movf	?_LCDbusy,w
  6655     0265  047A               	iorwf	?_LCDbusy+1,w
  6656     0266  1D03               	btfss	3,2
  6657     0267  2A69               	goto	u4171
  6658     0268  2A6A               	goto	u4170
  6659     0269                     u4171:
  6660     0269  2A61               	goto	l4574
  6661     026A                     u4170:
  6662     026A                     l4576:
  6663     026A  1003               	clrc
  6664     026B  0020               	movlb	0	; select bank0
  6665     026C  1F96               	btfss	22,7	;volatile
  6666     026D  1403               	setc
  6667     026E  1803               	btfsc	3,0
  6668     026F  2A71               	goto	u4181
  6669     0270  2A74               	goto	u4180
  6670     0271                     u4181:
  6671     0271  0020               	movlb	0	; select bank0
  6672     0272  1796               	bsf	22,7	;volatile
  6673     0273  2A76               	goto	u4194
  6674     0274                     u4180:
  6675     0274  0020               	movlb	0	; select bank0
  6676     0275  1396               	bcf	22,7	;volatile
  6677     0276                     u4194:
  6678     0276                     l4578:
  6679                           
  6680                           ;main.c: 134:         _delay((unsigned long)((1000)*(1000000/4000.0)));
  6681     0276  3002               	movlw	2
  6682     0277  0021               	movlb	1	; select bank1
  6683     0278  00C6               	movwf	(??_main^(0+128)+1)
  6684     0279  3045               	movlw	69
  6685     027A  00C5               	movwf	??_main^(0+128)
  6686     027B  30A9               	movlw	169
  6687     027C                     u4207:
  6688     027C  0B89               	decfsz	9,f
  6689     027D  2A7C               	goto	u4207
  6690     027E  0BC5               	decfsz	??_main^(0+128),f
  6691     027F  2A7C               	goto	u4207
  6692     0280  0BC6               	decfsz	(??_main^(0+128)+1),f
  6693     0281  2A7C               	goto	u4207
  6694     0282  3200               	nop2
  6695     0283  2990               	goto	l4556
  6696     0284  3180  281C         	ljmp	start
  6697     0286                     __end_of_main:
  6698                           
  6699                           	psect	text1
  6700     0FA4                     __ptext1:	
  6701 ;; *************** function _sprintf *****************
  6702 ;; Defined at:
  6703 ;;		line 9 in file "C:\Program Files\Microchip\xc8\v3.10\pic\sources\c99\common\nf_sprintf.c"
  6704 ;; Parameters:    Size  Location     Type
  6705 ;;  s               1   52[BANK0 ] PTR unsigned char 
  6706 ;;		 -> main@buf(17), 
  6707 ;;  fmt             2   53[BANK0 ] PTR const unsigned char 
  6708 ;;		 -> STR_1(23), 
  6709 ;; Auto vars:     Size  Location     Type
  6710 ;;  f              11   68[BANK0 ] struct _IO_FILE
  6711 ;;  ret             2    0        int 
  6712 ;;  ap              1   67[BANK0 ] PTR void [1]
  6713 ;;		 -> ?_sprintf(2), 
  6714 ;; Return value:  Size  Location     Type
  6715 ;;                  2   52[BANK0 ] int 
  6716 ;; Registers used:
  6717 ;;		wreg, fsr0l, fsr0h, fsr1l, fsr1h, status,2, status,0, pclath, cstack
  6718 ;; Tracked objects:
  6719 ;;		On entry : 0/0
  6720 ;;		On exit  : 0/0
  6721 ;;		Unchanged: 0/0
  6722 ;; Data sizes:     COMMON   BANK0   BANK1   BANK2   BANK3   BANK4   BANK5   BANK6   BANK7   BANK8   BANK9  BANK10  BANK1
      +1  BANK12
  6723 ;;      Params:         0      15       0       0       0       0       0       0       0       0       0       0       
      +0       0
  6724 ;;      Locals:         0      12       0       0       0       0       0       0       0       0       0       0       
      +0       0
  6725 ;;      Temps:          0       0       0       0       0       0       0       0       0       0       0       0       
      +0       0
  6726 ;;      Totals:         0      27       0       0       0       0       0       0       0       0       0       0       
      +0       0
  6727 ;;Total ram usage:       27 bytes
  6728 ;; Hardware stack levels used: 1
  6729 ;; Hardware stack levels required when called: 9
  6730 ;; This function calls:
  6731 ;;		_vfprintf
  6732 ;; This function is called by:
  6733 ;;		_main
  6734 ;; This function uses a non-reentrant model
  6735 ;;
  6736                           
  6737     0FA4                     _sprintf:	
  6738                           ;psect for function _sprintf
  6739                           
  6740     0FA4                     l4478:	
  6741                           ;incstack = 0
  6742                           ; Regs used in _sprintf: [wreg-fsr1h+status,2+status,0+pclath+cstack]
  6743                           
  6744     0FA4  3057               	movlw	(low ((?_sprintf| 0+3)))& (0+255)
  6745     0FA5  0020               	movlb	0	; select bank0
  6746     0FA6  00E3               	movwf	sprintf@ap
  6747     0FA7  0854               	movf	sprintf@s,w
  6748     0FA8  00E4               	movwf	sprintf@f
  6749     0FA9  01E5               	clrf	sprintf@f+1
  6750     0FAA                     l4480:
  6751     0FAA  01E6               	clrf	sprintf@f+2
  6752     0FAB  01E7               	clrf	sprintf@f+3
  6753     0FAC                     l4482:
  6754     0FAC  01ED               	clrf	sprintf@f+9
  6755     0FAD  01EE               	clrf	sprintf@f+10
  6756     0FAE                     l4484:
  6757     0FAE  3064               	movlw	low sprintf@f
  6758     0FAF  00CC               	movwf	vfprintf@fp
  6759     0FB0  3000               	movlw	high sprintf@f
  6760     0FB1  00CD               	movwf	vfprintf@fp+1
  6761     0FB2  0856               	movf	sprintf@fmt+1,w
  6762     0FB3  00CF               	movwf	vfprintf@fmt+1
  6763     0FB4  0855               	movf	sprintf@fmt,w
  6764     0FB5  00CE               	movwf	vfprintf@fmt
  6765     0FB6  3063               	movlw	(low (sprintf@ap| 0))& (0+255)
  6766     0FB7  00D0               	movwf	vfprintf@ap
  6767     0FB8  318F  2786  318F   	fcall	_vfprintf
  6768     0FBB                     l4486:
  6769     0FBB  0020               	movlb	0	; select bank0
  6770     0FBC  0854               	movf	sprintf@s,w
  6771     0FBD  0766               	addwf	sprintf@f+2,w
  6772     0FBE  0086               	movwf	6
  6773     0FBF  0187               	clrf	7
  6774     0FC0  0181               	clrf	1
  6775     0FC1                     l1623:
  6776     0FC1  0008               	return
  6777     0FC2                     __end_of_sprintf:
  6778                           
  6779                           	psect	text2
  6780     0F86                     __ptext2:	
  6781 ;; *************** function _vfprintf *****************
  6782 ;; Defined at:
  6783 ;;		line 1817 in file "C:\Program Files\Microchip\xc8\v3.10\pic\sources\c99\common\doprnt.c"
  6784 ;; Parameters:    Size  Location     Type
  6785 ;;  fp              2   44[BANK0 ] PTR struct _IO_FILE
  6786 ;;		 -> sprintf@f(11), 
  6787 ;;  fmt             2   46[BANK0 ] PTR const unsigned char 
  6788 ;;		 -> STR_1(23), 
  6789 ;;  ap              1   48[BANK0 ] PTR PTR void 
  6790 ;;		 -> sprintf@ap(1), 
  6791 ;; Auto vars:     Size  Location     Type
  6792 ;;  cfmt            2   50[BANK0 ] PTR unsigned char 
  6793 ;;		 -> STR_1(23), 
  6794 ;; Return value:  Size  Location     Type
  6795 ;;                  2   44[BANK0 ] int 
  6796 ;; Registers used:
  6797 ;;		wreg, fsr0l, fsr0h, fsr1l, fsr1h, status,2, status,0, pclath, cstack
  6798 ;; Tracked objects:
  6799 ;;		On entry : 0/0
  6800 ;;		On exit  : 0/0
  6801 ;;		Unchanged: 0/0
  6802 ;; Data sizes:     COMMON   BANK0   BANK1   BANK2   BANK3   BANK4   BANK5   BANK6   BANK7   BANK8   BANK9  BANK10  BANK1
      +1  BANK12
  6803 ;;      Params:         0       5       0       0       0       0       0       0       0       0       0       0       
      +0       0
  6804 ;;      Locals:         0       2       0       0       0       0       0       0       0       0       0       0       
      +0       0
  6805 ;;      Temps:          0       1       0       0       0       0       0       0       0       0       0       0       
      +0       0
  6806 ;;      Totals:         0       8       0       0       0       0       0       0       0       0       0       0       
      +0       0
  6807 ;;Total ram usage:        8 bytes
  6808 ;; Hardware stack levels used: 1
  6809 ;; Hardware stack levels required when called: 8
  6810 ;; This function calls:
  6811 ;;		_vfpfcnvrt
  6812 ;; This function is called by:
  6813 ;;		_sprintf
  6814 ;; This function uses a non-reentrant model
  6815 ;;
  6816                           
  6817     0F86                     _vfprintf:	
  6818                           ;psect for function _vfprintf
  6819                           
  6820     0F86                     l4416:	
  6821                           ;incstack = 0
  6822                           ; Regs used in _vfprintf: [wreg-fsr1h+status,2+status,0+pclath+cstack]
  6823                           
  6824                           
  6825                           ;C:\Program Files\Microchip\xc8\v3.10\pic\sources\c99\common\doprnt.c: 1817: int vfprint
      +                          f(FILE *fp, const char *fmt, va_list ap);C:\Program Files\Microchip\xc8\v3.10\pic\source
      +                          s\c99\common\doprnt.c: 1818: {;C:\Program Files\Microchip\xc8\v3.10\pic\sources\c99\comm
      +                          on\doprnt.c: 1820:     char *cfmt;;C:\Program Files\Microchip\xc8\v3.10\pic\sources\c99\
      +                          common\doprnt.c: 1822:     cfmt = (char *)fmt;
  6826     0F86  0020               	movlb	0	; select bank0
  6827     0F87  084F               	movf	vfprintf@fmt+1,w
  6828     0F88  00D3               	movwf	vfprintf@cfmt+1
  6829     0F89  084E               	movf	vfprintf@fmt,w
  6830     0F8A  00D2               	movwf	vfprintf@cfmt
  6831                           
  6832                           ;C:\Program Files\Microchip\xc8\v3.10\pic\sources\c99\common\doprnt.c: 1826:     while (
      +                          *cfmt) {
  6833     0F8B  2F97               	goto	l4420
  6834     0F8C                     l4418:
  6835                           
  6836                           ;C:\Program Files\Microchip\xc8\v3.10\pic\sources\c99\common\doprnt.c: 1830:    vfpfcnvr
      +                          t(fp, &cfmt, ap);
  6837     0F8C  084D               	movf	vfprintf@fp+1,w
  6838     0F8D  00BD               	movwf	vfpfcnvrt@fp+1
  6839     0F8E  084C               	movf	vfprintf@fp,w
  6840     0F8F  00BC               	movwf	vfpfcnvrt@fp
  6841     0F90  3052               	movlw	(low (vfprintf@cfmt| 0))& (0+255)
  6842     0F91  00BE               	movwf	vfpfcnvrt@fmt
  6843     0F92  0850               	movf	vfprintf@ap,w
  6844     0F93  00BF               	movwf	vfpfcnvrt@ap
  6845     0F94  3182  2286  318F   	fcall	_vfpfcnvrt
  6846     0F97                     l4420:
  6847                           
  6848                           ;C:\Program Files\Microchip\xc8\v3.10\pic\sources\c99\common\doprnt.c: 1826:     while (
      +                          *cfmt) {
  6849     0F97  0020               	movlb	0	; select bank0
  6850     0F98  0852               	movf	vfprintf@cfmt,w
  6851     0F99  0084               	movwf	4
  6852     0F9A  0853               	movf	vfprintf@cfmt+1,w
  6853     0F9B  0085               	movwf	5
  6854     0F9C  0012               	moviw fsr0++
  6855     0F9D  1D03               	btfss	3,2
  6856     0F9E  2FA0               	goto	u3871
  6857     0F9F  2FA1               	goto	u3870
  6858     0FA0                     u3871:
  6859     0FA0  2F8C               	goto	l4418
  6860     0FA1                     u3870:
  6861     0FA1                     l4422:
  6862                           
  6863                           ;C:\Program Files\Microchip\xc8\v3.10\pic\sources\c99\common\doprnt.c: 1835:  return 0;
  6864     0FA1  01CC               	clrf	?_vfprintf
  6865     0FA2  01CD               	clrf	?_vfprintf+1
  6866     0FA3                     l1697:
  6867     0FA3  0008               	return
  6868     0FA4                     __end_of_vfprintf:
  6869                           
  6870                           	psect	text3
  6871     0286                     __ptext3:	
  6872 ;; *************** function _vfpfcnvrt *****************
  6873 ;; Defined at:
  6874 ;;		line 1177 in file "C:\Program Files\Microchip\xc8\v3.10\pic\sources\c99\common\doprnt.c"
  6875 ;; Parameters:    Size  Location     Type
  6876 ;;  fp              2   28[BANK0 ] PTR struct _IO_FILE
  6877 ;;		 -> sprintf@f(11), 
  6878 ;;  fmt             1   30[BANK0 ] PTR PTR unsigned char 
  6879 ;;		 -> vfprintf@cfmt(2), 
  6880 ;;  ap              1   31[BANK0 ] PTR PTR void 
  6881 ;;		 -> sprintf@ap(1), 
  6882 ;; Auto vars:     Size  Location     Type
  6883 ;;  convarg         4   36[BANK0 ] struct .
  6884 ;;  cp              2   42[BANK0 ] PTR unsigned char 
  6885 ;;		 -> STR_1(23), 
  6886 ;;  c               1   41[BANK0 ] unsigned char 
  6887 ;;  done            1   40[BANK0 ] _Bool 
  6888 ;; Return value:  Size  Location     Type
  6889 ;;                  1    wreg      void 
  6890 ;; Registers used:
  6891 ;;		wreg, fsr0l, fsr0h, fsr1l, fsr1h, status,2, status,0, pclath, cstack
  6892 ;; Tracked objects:
  6893 ;;		On entry : 0/0
  6894 ;;		On exit  : 0/0
  6895 ;;		Unchanged: 0/0
  6896 ;; Data sizes:     COMMON   BANK0   BANK1   BANK2   BANK3   BANK4   BANK5   BANK6   BANK7   BANK8   BANK9  BANK10  BANK1
      +1  BANK12
  6897 ;;      Params:         0       4       0       0       0       0       0       0       0       0       0       0       
      +0       0
  6898 ;;      Locals:         0       8       0       0       0       0       0       0       0       0       0       0       
      +0       0
  6899 ;;      Temps:          0       4       0       0       0       0       0       0       0       0       0       0       
      +0       0
  6900 ;;      Totals:         0      16       0       0       0       0       0       0       0       0       0       0       
      +0       0
  6901 ;;Total ram usage:       16 bytes
  6902 ;; Hardware stack levels used: 1
  6903 ;; Hardware stack levels required when called: 7
  6904 ;; This function calls:
  6905 ;;		_fputc
  6906 ;;		_read_prec_or_width
  6907 ;;		_utoa
  6908 ;; This function is called by:
  6909 ;;		_vfprintf
  6910 ;; This function uses a non-reentrant model
  6911 ;;
  6912                           
  6913     0286                     _vfpfcnvrt:	
  6914                           ;psect for function _vfpfcnvrt
  6915                           
  6916     0286                     l4266:	
  6917                           ;incstack = 0
  6918                           ; Regs used in _vfpfcnvrt: [wreg-fsr1h+status,2+status,0+pclath+cstack]
  6919                           
  6920                           
  6921                           ;C:\Program Files\Microchip\xc8\v3.10\pic\sources\c99\common\doprnt.c: 1177: vfpfcnvrt(F
      +                          ILE *fp, char *fmt[], va_list ap);C:\Program Files\Microchip\xc8\v3.10\pic\sources\c99\c
      +                          ommon\doprnt.c: 1178: {;C:\Program Files\Microchip\xc8\v3.10\pic\sources\c99\common\dopr
      +                          nt.c: 1179:     char c, *cp;;C:\Program Files\Microchip\xc8\v3.10\pic\sources\c99\common
      +                          \doprnt.c: 1180:     _Bool done;;C:\Program Files\Microchip\xc8\v3.10\pic\sources\c99\co
      +                          mmon\doprnt.c: 1188:  } convarg;;C:\Program Files\Microchip\xc8\v3.10\pic\sources\c99\co
      +                          mmon\doprnt.c: 1201:     if ((*fmt)[0] == '%') {
  6922     0286  0020               	movlb	0	; select bank0
  6923     0287  083E               	movf	vfpfcnvrt@fmt,w
  6924     0288  0086               	movwf	6
  6925     0289  0187               	clrf	7
  6926     028A  3F40               	moviw [0]fsr1
  6927     028B  00C0               	movwf	??_vfpfcnvrt
  6928     028C  3F41               	moviw [1]fsr1
  6929     028D  00C1               	movwf	??_vfpfcnvrt+1
  6930     028E  0840               	movf	??_vfpfcnvrt,w
  6931     028F  0084               	movwf	4
  6932     0290  0841               	movf	??_vfpfcnvrt+1,w
  6933     0291  0085               	movwf	5
  6934     0292  0012               	moviw fsr0++
  6935     0293  3A25               	xorlw	37
  6936     0294  1D03               	btfss	3,2
  6937     0295  2A97               	goto	u3501
  6938     0296  2A98               	goto	u3500
  6939     0297                     u3501:
  6940     0297  2B6D               	goto	l4328
  6941     0298                     u3500:
  6942     0298                     l4268:
  6943                           
  6944                           ;C:\Program Files\Microchip\xc8\v3.10\pic\sources\c99\common\doprnt.c: 1202:         ++*
      +                          fmt;
  6945     0298  083E               	movf	vfpfcnvrt@fmt,w
  6946     0299  0086               	movwf	6
  6947     029A  0187               	clrf	7
  6948     029B  3001               	movlw	1
  6949     029C  0781               	addwf	1,f
  6950     029D  3141               	addfsr 1,1
  6951     029E  1803               	skipnc
  6952     029F  0A81               	incf	1,f
  6953     02A0                     l4270:
  6954                           
  6955                           ;C:\Program Files\Microchip\xc8\v3.10\pic\sources\c99\common\doprnt.c: 1204:         fla
      +                          gs = width = 0;
  6956     02A0  0021               	movlb	1	; select bank1
  6957     02A1  01BD               	clrf	_width^(0+128)
  6958     02A2  01BE               	clrf	(_width+1)^(0+128)
  6959     02A3  3000               	movlw	0
  6960     02A4  00FB               	movwf	_flags
  6961     02A5                     l4272:
  6962                           
  6963                           ;C:\Program Files\Microchip\xc8\v3.10\pic\sources\c99\common\doprnt.c: 1205:         pre
      +                          c = -1;
  6964     02A5  30FF               	movlw	255
  6965     02A6  00BF               	movwf	_prec^(0+128)
  6966     02A7  30FF               	movlw	255
  6967     02A8  00C0               	movwf	(_prec^(0+128)+1)
  6968     02A9                     l4274:
  6969                           
  6970                           ;C:\Program Files\Microchip\xc8\v3.10\pic\sources\c99\common\doprnt.c: 1209:         don
      +                          e = 0;
  6971     02A9  0020               	movlb	0	; select bank0
  6972     02AA  01C8               	clrf	vfpfcnvrt@done
  6973                           
  6974                           ;C:\Program Files\Microchip\xc8\v3.10\pic\sources\c99\common\doprnt.c: 1210:         whi
      +                          le (!done) {
  6975     02AB  2AC9               	goto	l4282
  6976     02AC                     l1671:	
  6977                           ;C:\Program Files\Microchip\xc8\v3.10\pic\sources\c99\common\doprnt.c: 1219:            
      +                               case '0' :
  6978                           
  6979                           
  6980                           ;C:\Program Files\Microchip\xc8\v3.10\pic\sources\c99\common\doprnt.c: 1220:            
      +                                   flags |= (1 << 1);
  6981     02AC  14FB               	bsf	_flags,1
  6982     02AD                     l4276:
  6983                           
  6984                           ;C:\Program Files\Microchip\xc8\v3.10\pic\sources\c99\common\doprnt.c: 1221:            
      +                                   ++*fmt;
  6985     02AD  083E               	movf	vfpfcnvrt@fmt,w
  6986     02AE  0086               	movwf	6
  6987     02AF  0187               	clrf	7
  6988     02B0  3001               	movlw	1
  6989     02B1  0781               	addwf	1,f
  6990     02B2  3141               	addfsr 1,1
  6991     02B3  1803               	skipnc
  6992     02B4  0A81               	incf	1,f
  6993                           
  6994                           ;C:\Program Files\Microchip\xc8\v3.10\pic\sources\c99\common\doprnt.c: 1222:            
      +                                   break;
  6995     02B5  2AC9               	goto	l4282
  6996     02B6                     l1673:	
  6997                           ;C:\Program Files\Microchip\xc8\v3.10\pic\sources\c99\common\doprnt.c: 1242:            
      +                               default:
  6998                           
  6999                           
  7000                           ;C:\Program Files\Microchip\xc8\v3.10\pic\sources\c99\common\doprnt.c: 1243:            
      +                                   done = 1;
  7001     02B6  3001               	movlw	1
  7002     02B7  00C8               	movwf	vfpfcnvrt@done
  7003                           
  7004                           ;C:\Program Files\Microchip\xc8\v3.10\pic\sources\c99\common\doprnt.c: 1244:            
      +                                   break;
  7005     02B8  2AC9               	goto	l4282
  7006     02B9                     l4280:
  7007     02B9  083E               	movf	vfpfcnvrt@fmt,w
  7008     02BA  0086               	movwf	6
  7009     02BB  0187               	clrf	7
  7010     02BC  3F40               	moviw [0]fsr1
  7011     02BD  00C0               	movwf	??_vfpfcnvrt
  7012     02BE  3F41               	moviw [1]fsr1
  7013     02BF  00C1               	movwf	??_vfpfcnvrt+1
  7014     02C0  0840               	movf	??_vfpfcnvrt,w
  7015     02C1  0084               	movwf	4
  7016     02C2  0841               	movf	??_vfpfcnvrt+1,w
  7017     02C3  0085               	movwf	5
  7018     02C4  0800               	movf	0,w	;code access
  7019                           
  7020                           ; Switch size 1, requested type "simple"
  7021                           ; Number of cases is 1, Range of values is 48 to 48
  7022                           ; switch strategies available:
  7023                           ; Name         Instructions Cycles
  7024                           ; simple_byte            4     3 (average)
  7025                           ; direct_byte           11     9 (fixed)
  7026                           ; jumptable            263     9 (fixed)
  7027                           ;	Chosen strategy is simple_byte
  7028     02C5  3A30               	xorlw	48	; case 48
  7029     02C6  1903               	skipnz
  7030     02C7  2AAC               	goto	l1671
  7031     02C8  2AB6               	goto	l1673
  7032     02C9                     l4282:
  7033                           
  7034                           ;C:\Program Files\Microchip\xc8\v3.10\pic\sources\c99\common\doprnt.c: 1210:         whi
      +                          le (!done) {
  7035     02C9  0848               	movf	vfpfcnvrt@done,w
  7036     02CA  1903               	btfsc	3,2
  7037     02CB  2ACD               	goto	u3511
  7038     02CC  2ACE               	goto	u3510
  7039     02CD                     u3511:
  7040     02CD  2AB9               	goto	l4280
  7041     02CE                     u3510:
  7042     02CE                     l4284:
  7043                           
  7044                           ;C:\Program Files\Microchip\xc8\v3.10\pic\sources\c99\common\doprnt.c: 1256:   width = r
      +                          ead_prec_or_width(fmt, ap);
  7045     02CE  083E               	movf	vfpfcnvrt@fmt,w
  7046     02CF  00F8               	movwf	read_prec_or_width@fmt
  7047     02D0  083F               	movf	vfpfcnvrt@ap,w
  7048     02D1  00F9               	movwf	read_prec_or_width@ap
  7049     02D2  3185  253E  3182   	fcall	_read_prec_or_width
  7050     02D5  0879               	movf	?_read_prec_or_width+1,w
  7051     02D6  0021               	movlb	1	; select bank1
  7052     02D7  00BE               	movwf	(_width+1)^(0+128)
  7053     02D8  0878               	movf	?_read_prec_or_width,w
  7054     02D9  00BD               	movwf	_width^(0+128)
  7055     02DA                     l4286:
  7056                           
  7057                           ;C:\Program Files\Microchip\xc8\v3.10\pic\sources\c99\common\doprnt.c: 1257:   if (width
      +                           < 0) {
  7058     02DA  1FBE               	btfss	(_width+1)^(0+128),7
  7059     02DB  2ADD               	goto	u3521
  7060     02DC  2ADE               	goto	u3520
  7061     02DD                     u3521:
  7062     02DD  2AE4               	goto	l4292
  7063     02DE                     u3520:
  7064     02DE                     l4288:
  7065                           
  7066                           ;C:\Program Files\Microchip\xc8\v3.10\pic\sources\c99\common\doprnt.c: 1258:    flags |=
      +                           (1 << 0);
  7067     02DE  147B               	bsf	_flags,0
  7068     02DF                     l4290:
  7069                           
  7070                           ;C:\Program Files\Microchip\xc8\v3.10\pic\sources\c99\common\doprnt.c: 1259:    width = 
      +                          -width;
  7071     02DF  09BD               	comf	_width^(0+128),f
  7072     02E0  09BE               	comf	(_width+1)^(0+128),f
  7073     02E1  0ABD               	incf	_width^(0+128),f
  7074     02E2  1903               	skipnz
  7075     02E3  0ABE               	incf	(_width+1)^(0+128),f
  7076     02E4                     l4292:
  7077                           
  7078                           ;C:\Program Files\Microchip\xc8\v3.10\pic\sources\c99\common\doprnt.c: 1291:   cp = *fmt
      +                          ;
  7079     02E4  0020               	movlb	0	; select bank0
  7080     02E5  083E               	movf	vfpfcnvrt@fmt,w
  7081     02E6  0086               	movwf	6
  7082     02E7  0187               	clrf	7
  7083     02E8  3F40               	moviw [0]fsr1
  7084     02E9  00CA               	movwf	vfpfcnvrt@cp
  7085     02EA  3F41               	moviw [1]fsr1
  7086     02EB  00CB               	movwf	vfpfcnvrt@cp+1
  7087     02EC                     l4294:
  7088                           
  7089                           ;C:\Program Files\Microchip\xc8\v3.10\pic\sources\c99\common\doprnt.c: 1293:   c = *cp;
  7090     02EC  084A               	movf	vfpfcnvrt@cp,w
  7091     02ED  0084               	movwf	4
  7092     02EE  084B               	movf	vfpfcnvrt@cp+1,w
  7093     02EF  0085               	movwf	5
  7094     02F0  0800               	movf	0,w	;code access
  7095     02F1  00C9               	movwf	vfpfcnvrt@c
  7096                           
  7097                           ;C:\Program Files\Microchip\xc8\v3.10\pic\sources\c99\common\doprnt.c: 1294:   switch(c)
      +                           {
  7098     02F2  2AFD               	goto	l4302
  7099     02F3                     l4296:
  7100                           
  7101                           ;C:\Program Files\Microchip\xc8\v3.10\pic\sources\c99\common\doprnt.c: 1309:     cp++;
  7102     02F3  3001               	movlw	1
  7103     02F4  07CA               	addwf	vfpfcnvrt@cp,f
  7104     02F5  3000               	movlw	0
  7105     02F6  3DCB               	addwfc	vfpfcnvrt@cp+1,f
  7106                           
  7107                           ;C:\Program Files\Microchip\xc8\v3.10\pic\sources\c99\common\doprnt.c: 1316:     break;
  7108     02F7  2B05               	goto	l4304
  7109     02F8                     l1679:	
  7110                           ;C:\Program Files\Microchip\xc8\v3.10\pic\sources\c99\common\doprnt.c: 1335:    case 'u'
      +                          :
  7111                           
  7112                           
  7113                           ;C:\Program Files\Microchip\xc8\v3.10\pic\sources\c99\common\doprnt.c: 1350:     c = 'i'
      +                          ;
  7114     02F8  3069               	movlw	105
  7115     02F9  00C9               	movwf	vfpfcnvrt@c
  7116                           
  7117                           ;C:\Program Files\Microchip\xc8\v3.10\pic\sources\c99\common\doprnt.c: 1351:     break;
  7118     02FA  2B05               	goto	l4304
  7119     02FB                     l4298:
  7120                           
  7121                           ;C:\Program Files\Microchip\xc8\v3.10\pic\sources\c99\common\doprnt.c: 1353:     c = 0;
  7122     02FB  01C9               	clrf	vfpfcnvrt@c
  7123                           
  7124                           ;C:\Program Files\Microchip\xc8\v3.10\pic\sources\c99\common\doprnt.c: 1354:     break;
  7125     02FC  2B05               	goto	l4304
  7126     02FD                     l4302:
  7127     02FD  0849               	movf	vfpfcnvrt@c,w
  7128                           
  7129                           ; Switch size 1, requested type "simple"
  7130                           ; Number of cases is 2, Range of values is 108 to 117
  7131                           ; switch strategies available:
  7132                           ; Name         Instructions Cycles
  7133                           ; simple_byte            7     4 (average)
  7134                           ; direct_byte           29     9 (fixed)
  7135                           ; jumptable            263     9 (fixed)
  7136                           ;	Chosen strategy is simple_byte
  7137     02FE  3A6C               	xorlw	108	; case 108
  7138     02FF  1903               	skipnz
  7139     0300  2AF3               	goto	l4296
  7140     0301  3A19               	xorlw	25	; case 117
  7141     0302  1903               	skipnz
  7142     0303  2AF8               	goto	l1679
  7143     0304  2AFB               	goto	l4298
  7144     0305                     l4304:
  7145     0305  084A               	movf	vfpfcnvrt@cp,w
  7146     0306  0084               	movwf	4
  7147     0307  084B               	movf	vfpfcnvrt@cp+1,w
  7148     0308  0085               	movwf	5
  7149     0309  0012               	moviw fsr0++
  7150     030A  3A75               	xorlw	117
  7151     030B  1D03               	btfss	3,2
  7152     030C  2B0E               	goto	u3531
  7153     030D  2B0F               	goto	u3530
  7154     030E                     u3531:
  7155     030E  2B63               	goto	l4324
  7156     030F                     u3530:
  7157     030F  2B34               	goto	l4312
  7158     0310                     l4306:
  7159                           
  7160                           ;C:\Program Files\Microchip\xc8\v3.10\pic\sources\c99\common\doprnt.c: 1456:      convar
      +                          g.uint = (vfpf_uint_t)(unsigned int)(*(unsigned int *)__va_arg(*(unsigned int **)ap, (un
      +                          signed int)0));
  7161     0310  083F               	movf	vfpfcnvrt@ap,w
  7162     0311  0086               	movwf	6
  7163     0312  0187               	clrf	7
  7164     0313  0801               	movf	1,w
  7165     0314  0084               	movwf	4
  7166     0315  0185               	clrf	5
  7167     0316  3002               	movlw	2
  7168     0317  0781               	addwf	1,f
  7169     0318  3F00               	moviw [0]fsr0
  7170     0319  00C0               	movwf	??_vfpfcnvrt
  7171     031A  3F01               	moviw [1]fsr0
  7172     031B  00C1               	movwf	??_vfpfcnvrt+1
  7173     031C  0840               	movf	??_vfpfcnvrt,w
  7174     031D  00C4               	movwf	vfpfcnvrt@convarg
  7175     031E  0841               	movf	??_vfpfcnvrt+1,w
  7176     031F  00C5               	movwf	vfpfcnvrt@convarg+1
  7177     0320  01C6               	clrf	vfpfcnvrt@convarg+2
  7178     0321  01C7               	clrf	vfpfcnvrt@convarg+3
  7179                           
  7180                           ;C:\Program Files\Microchip\xc8\v3.10\pic\sources\c99\common\doprnt.c: 1457:      break;
  7181     0322  2B3C               	goto	l4314
  7182     0323                     l4308:
  7183                           
  7184                           ;C:\Program Files\Microchip\xc8\v3.10\pic\sources\c99\common\doprnt.c: 1470:      convar
      +                          g.uint = (vfpf_uint_t)(*(unsigned long *)__va_arg(*(unsigned long **)ap, (unsigned long)
      +                          0));
  7185     0323  083F               	movf	vfpfcnvrt@ap,w
  7186     0324  0086               	movwf	6
  7187     0325  0187               	clrf	7
  7188     0326  0801               	movf	1,w
  7189     0327  0084               	movwf	4
  7190     0328  0185               	clrf	5
  7191     0329  3004               	movlw	4
  7192     032A  0781               	addwf	1,f
  7193     032B  3F00               	moviw [0]fsr0
  7194     032C  00C4               	movwf	vfpfcnvrt@convarg
  7195     032D  3F01               	moviw [1]fsr0
  7196     032E  00C5               	movwf	vfpfcnvrt@convarg+1
  7197     032F  3F02               	moviw [2]fsr0
  7198     0330  00C6               	movwf	vfpfcnvrt@convarg+2
  7199     0331  3F03               	moviw [3]fsr0
  7200     0332  00C7               	movwf	vfpfcnvrt@convarg+3
  7201                           
  7202                           ;C:\Program Files\Microchip\xc8\v3.10\pic\sources\c99\common\doprnt.c: 1471:      break;
  7203     0333  2B3C               	goto	l4314
  7204     0334                     l4312:
  7205     0334  0849               	movf	vfpfcnvrt@c,w
  7206                           
  7207                           ; Switch size 1, requested type "simple"
  7208                           ; Number of cases is 2, Range of values is 105 to 108
  7209                           ; switch strategies available:
  7210                           ; Name         Instructions Cycles
  7211                           ; simple_byte            7     4 (average)
  7212                           ; direct_byte           17     9 (fixed)
  7213                           ; jumptable            263     9 (fixed)
  7214                           ;	Chosen strategy is simple_byte
  7215     0335  3A69               	xorlw	105	; case 105
  7216     0336  1903               	skipnz
  7217     0337  2B10               	goto	l4306
  7218     0338  3A05               	xorlw	5	; case 108
  7219     0339  1903               	skipnz
  7220     033A  2B23               	goto	l4308
  7221     033B  2B3C               	goto	l4314
  7222     033C                     l4314:
  7223                           
  7224                           ;C:\Program Files\Microchip\xc8\v3.10\pic\sources\c99\common\doprnt.c: 1497:    *fmt = c
      +                          p+1;
  7225     033C  084A               	movf	vfpfcnvrt@cp,w
  7226     033D  3E01               	addlw	1
  7227     033E  00C0               	movwf	??_vfpfcnvrt
  7228     033F  3000               	movlw	0
  7229     0340  3D4B               	addwfc	vfpfcnvrt@cp+1,w
  7230     0341  00C1               	movwf	??_vfpfcnvrt+1
  7231     0342  083E               	movf	vfpfcnvrt@fmt,w
  7232     0343  0086               	movwf	6
  7233     0344  0187               	clrf	7
  7234     0345  0840               	movf	??_vfpfcnvrt,w
  7235     0346  3FC0               	movwi [0]fsr1
  7236     0347  0841               	movf	??_vfpfcnvrt+1,w
  7237     0348  3FC1               	movwi [1]fsr1
  7238                           
  7239                           ;C:\Program Files\Microchip\xc8\v3.10\pic\sources\c99\common\doprnt.c: 1498:    switch (
      +                          *cp) {
  7240     0349  2B5A               	goto	l4322
  7241     034A                     l4316:
  7242                           
  7243                           ;C:\Program Files\Microchip\xc8\v3.10\pic\sources\c99\common\doprnt.c: 1542:      return
      +                           (void) utoa(fp, convarg.uint);;	Return value of _vfpfcnvrt is never used
  7244     034A  083D               	movf	vfpfcnvrt@fp+1,w
  7245     034B  00B1               	movwf	utoa@fp+1
  7246     034C  083C               	movf	vfpfcnvrt@fp,w
  7247     034D  00B0               	movwf	utoa@fp
  7248     034E  0847               	movf	vfpfcnvrt@convarg+3,w
  7249     034F  00B5               	movwf	utoa@d+3
  7250     0350  0846               	movf	vfpfcnvrt@convarg+2,w
  7251     0351  00B4               	movwf	utoa@d+2
  7252     0352  0845               	movf	vfpfcnvrt@convarg+1,w
  7253     0353  00B3               	movwf	utoa@d+1
  7254     0354  0844               	movf	vfpfcnvrt@convarg,w
  7255     0355  00B2               	movwf	utoa@d
  7256     0356  3184  2439  3182   	fcall	_utoa
  7257     0359  2B87               	goto	l1690
  7258     035A                     l4322:
  7259     035A  084A               	movf	vfpfcnvrt@cp,w
  7260     035B  0084               	movwf	4
  7261     035C  084B               	movf	vfpfcnvrt@cp+1,w
  7262     035D  0085               	movwf	5
  7263     035E  0800               	movf	0,w	;code access
  7264                           
  7265                           ; Switch size 1, requested type "simple"
  7266                           ; Number of cases is 1, Range of values is 117 to 117
  7267                           ; switch strategies available:
  7268                           ; Name         Instructions Cycles
  7269                           ; simple_byte            4     3 (average)
  7270                           ; direct_byte           11     9 (fixed)
  7271                           ; jumptable            263     9 (fixed)
  7272                           ;	Chosen strategy is simple_byte
  7273     035F  3A75               	xorlw	117	; case 117
  7274     0360  1903               	skipnz
  7275     0361  2B4A               	goto	l4316
  7276     0362  2B63               	goto	l4324
  7277     0363                     l4324:
  7278                           
  7279                           ;C:\Program Files\Microchip\xc8\v3.10\pic\sources\c99\common\doprnt.c: 1806:         ++*
      +                          fmt;
  7280     0363  0020               	movlb	0	; select bank0
  7281     0364  083E               	movf	vfpfcnvrt@fmt,w
  7282     0365  0086               	movwf	6
  7283     0366  0187               	clrf	7
  7284     0367  3001               	movlw	1
  7285     0368  0781               	addwf	1,f
  7286     0369  3141               	addfsr 1,1
  7287     036A  1803               	skipnc
  7288     036B  0A81               	incf	1,f
  7289     036C  2B87               	goto	l1690
  7290     036D                     l4328:
  7291                           
  7292                           ;C:\Program Files\Microchip\xc8\v3.10\pic\sources\c99\common\doprnt.c: 1811:     fputc((
      +                          int)(*fmt)[0], fp);
  7293     036D  083E               	movf	vfpfcnvrt@fmt,w
  7294     036E  0086               	movwf	6
  7295     036F  0187               	clrf	7
  7296     0370  3F40               	moviw [0]fsr1
  7297     0371  00C0               	movwf	??_vfpfcnvrt
  7298     0372  3F41               	moviw [1]fsr1
  7299     0373  00C1               	movwf	??_vfpfcnvrt+1
  7300     0374  0840               	movf	??_vfpfcnvrt,w
  7301     0375  0084               	movwf	4
  7302     0376  0841               	movf	??_vfpfcnvrt+1,w
  7303     0377  0085               	movwf	5
  7304     0378  0800               	movf	0,w	;code access
  7305     0379  00C2               	movwf	??_vfpfcnvrt+2
  7306     037A  01C3               	clrf	??_vfpfcnvrt+3
  7307     037B  0842               	movf	??_vfpfcnvrt+2,w
  7308     037C  00F2               	movwf	fputc@c
  7309     037D  0843               	movf	??_vfpfcnvrt+3,w
  7310     037E  00F3               	movwf	fputc@c+1
  7311     037F  083D               	movf	vfpfcnvrt@fp+1,w
  7312     0380  00F5               	movwf	fputc@fp+1
  7313     0381  083C               	movf	vfpfcnvrt@fp,w
  7314     0382  00F4               	movwf	fputc@fp
  7315     0383  3185  25F3  3182   	fcall	_fputc
  7316     0386  2B63               	goto	l4324
  7317     0387                     l1690:
  7318     0387  0008               	return
  7319     0388                     __end_of_vfpfcnvrt:
  7320                           
  7321                           	psect	text4
  7322     0439                     __ptext4:	
  7323 ;; *************** function _utoa *****************
  7324 ;; Defined at:
  7325 ;;		line 1001 in file "C:\Program Files\Microchip\xc8\v3.10\pic\sources\c99\common\doprnt.c"
  7326 ;; Parameters:    Size  Location     Type
  7327 ;;  fp              2   16[BANK0 ] PTR struct _IO_FILE
  7328 ;;		 -> sprintf@f(11), 
  7329 ;;  d               4   18[BANK0 ] unsigned long 
  7330 ;; Auto vars:     Size  Location     Type
  7331 ;;  i               2   26[BANK0 ] int 
  7332 ;;  w               2   24[BANK0 ] int 
  7333 ;;  p               1   23[BANK0 ] _Bool 
  7334 ;; Return value:  Size  Location     Type
  7335 ;;                  1    wreg      void 
  7336 ;; Registers used:
  7337 ;;		wreg, fsr0l, fsr0h, fsr1l, fsr1h, status,2, status,0, pclath, cstack
  7338 ;; Tracked objects:
  7339 ;;		On entry : 0/0
  7340 ;;		On exit  : 0/0
  7341 ;;		Unchanged: 0/0
  7342 ;; Data sizes:     COMMON   BANK0   BANK1   BANK2   BANK3   BANK4   BANK5   BANK6   BANK7   BANK8   BANK9  BANK10  BANK1
      +1  BANK12
  7343 ;;      Params:         0       6       0       0       0       0       0       0       0       0       0       0       
      +0       0
  7344 ;;      Locals:         0       5       0       0       0       0       0       0       0       0       0       0       
      +0       0
  7345 ;;      Temps:          0       1       0       0       0       0       0       0       0       0       0       0       
      +0       0
  7346 ;;      Totals:         0      12       0       0       0       0       0       0       0       0       0       0       
      +0       0
  7347 ;;Total ram usage:       12 bytes
  7348 ;; Hardware stack levels used: 1
  7349 ;; Hardware stack levels required when called: 6
  7350 ;; This function calls:
  7351 ;;		___lldiv
  7352 ;;		___llmod
  7353 ;;		_pad
  7354 ;; This function is called by:
  7355 ;;		_vfpfcnvrt
  7356 ;; This function uses a non-reentrant model
  7357 ;;
  7358                           
  7359     0439                     _utoa:	
  7360                           ;psect for function _utoa
  7361                           
  7362     0439                     l4198:	
  7363                           ;incstack = 0
  7364                           ; Regs used in _utoa: [wreg-fsr1h+status,2+status,0+pclath+cstack]
  7365                           
  7366                           
  7367                           ;C:\Program Files\Microchip\xc8\v3.10\pic\sources\c99\common\doprnt.c: 1001: static void
      +                           utoa(FILE *fp, vfpf_uint_t d);C:\Program Files\Microchip\xc8\v3.10\pic\sources\c99\comm
      +                          on\doprnt.c: 1002: {;C:\Program Files\Microchip\xc8\v3.10\pic\sources\c99\common\doprnt.
      +                          c: 1003:     int i, w;;C:\Program Files\Microchip\xc8\v3.10\pic\sources\c99\common\doprn
      +                          t.c: 1007:  _Bool p = 1;
  7368     0439  3001               	movlw	1
  7369     043A  0020               	movlb	0	; select bank0
  7370     043B  00B7               	movwf	utoa@p
  7371     043C                     l4200:
  7372                           
  7373                           ;C:\Program Files\Microchip\xc8\v3.10\pic\sources\c99\common\doprnt.c: 1019:     w = wid
      +                          th;
  7374     043C  0021               	movlb	1	; select bank1
  7375     043D  083E               	movf	(_width+1)^(0+128),w
  7376     043E  0020               	movlb	0	; select bank0
  7377     043F  00B9               	movwf	utoa@w+1
  7378     0440  0021               	movlb	1	; select bank1
  7379     0441  083D               	movf	_width^(0+128),w
  7380     0442  0020               	movlb	0	; select bank0
  7381     0443  00B8               	movwf	utoa@w
  7382                           
  7383                           ;C:\Program Files\Microchip\xc8\v3.10\pic\sources\c99\common\doprnt.c: 1022:     i = siz
      +                          eof(dbuf) - 1;
  7384     0444  301F               	movlw	31
  7385     0445  00BA               	movwf	utoa@i
  7386     0446  3000               	movlw	0
  7387     0447  00BB               	movwf	utoa@i+1
  7388     0448                     l4202:
  7389                           
  7390                           ;C:\Program Files\Microchip\xc8\v3.10\pic\sources\c99\common\doprnt.c: 1023:     dbuf[i]
      +                           = '\0';
  7391     0448  0022               	movlb	2	; select bank2
  7392     0449  01BF               	clrf	(_dbuf^(0+256)+31)
  7393                           
  7394                           ;C:\Program Files\Microchip\xc8\v3.10\pic\sources\c99\common\doprnt.c: 1024:     while (
      +                          i && (d != 0
  7395     044A  2C8D               	goto	l4214
  7396     044B                     l4204:
  7397                           
  7398                           ;C:\Program Files\Microchip\xc8\v3.10\pic\sources\c99\common\doprnt.c: 1033:     )) {;C:
      +                          \Program Files\Microchip\xc8\v3.10\pic\sources\c99\common\doprnt.c: 1034:         --i;
  7399     044B  30FF               	movlw	255
  7400     044C  0020               	movlb	0	; select bank0
  7401     044D  07BA               	addwf	utoa@i,f
  7402     044E  30FF               	movlw	255
  7403     044F  3DBB               	addwfc	utoa@i+1,f
  7404     0450                     l4206:
  7405                           
  7406                           ;C:\Program Files\Microchip\xc8\v3.10\pic\sources\c99\common\doprnt.c: 1035:         dbu
      +                          f[i] = '0' + (d % 10);
  7407     0450  083A               	movf	utoa@i,w
  7408     0451  3E20               	addlw	(low (_dbuf| (0+256)))& (0+255)
  7409     0452  0086               	movwf	6
  7410     0453  3001               	movlw	1	; select bank2/3
  7411     0454  0087               	movwf	7
  7412     0455  3000               	movlw	0
  7413     0456  00A8               	movwf	___llmod@divisor+3
  7414     0457  3000               	movlw	0
  7415     0458  00A7               	movwf	___llmod@divisor+2
  7416     0459  3000               	movlw	0
  7417     045A  00A6               	movwf	___llmod@divisor+1
  7418     045B  300A               	movlw	10
  7419     045C  00A5               	movwf	___llmod@divisor
  7420     045D  0835               	movf	utoa@d+3,w
  7421     045E  00AC               	movwf	___llmod@dividend+3
  7422     045F  0834               	movf	utoa@d+2,w
  7423     0460  00AB               	movwf	___llmod@dividend+2
  7424     0461  0833               	movf	utoa@d+1,w
  7425     0462  00AA               	movwf	___llmod@dividend+1
  7426     0463  0832               	movf	utoa@d,w
  7427     0464  00A9               	movwf	___llmod@dividend
  7428     0465  3186  2695  3184   	fcall	___llmod
  7429     0468  0020               	movlb	0	; select bank0
  7430     0469  0825               	movf	?___llmod,w
  7431     046A  3E30               	addlw	48
  7432     046B  0081               	movwf	1
  7433     046C                     l4208:
  7434                           
  7435                           ;C:\Program Files\Microchip\xc8\v3.10\pic\sources\c99\common\doprnt.c: 1039:   p = 0;
  7436     046C  01B7               	clrf	utoa@p
  7437     046D                     l4210:
  7438                           
  7439                           ;C:\Program Files\Microchip\xc8\v3.10\pic\sources\c99\common\doprnt.c: 1041:         --w
      +                          ;
  7440     046D  30FF               	movlw	255
  7441     046E  07B8               	addwf	utoa@w,f
  7442     046F  30FF               	movlw	255
  7443     0470  3DB9               	addwfc	utoa@w+1,f
  7444     0471                     l4212:
  7445                           
  7446                           ;C:\Program Files\Microchip\xc8\v3.10\pic\sources\c99\common\doprnt.c: 1042:         d =
      +                           d / 10;
  7447     0471  3000               	movlw	0
  7448     0472  00F5               	movwf	___lldiv@divisor+3
  7449     0473  3000               	movlw	0
  7450     0474  00F4               	movwf	___lldiv@divisor+2
  7451     0475  3000               	movlw	0
  7452     0476  00F3               	movwf	___lldiv@divisor+1
  7453     0477  300A               	movlw	10
  7454     0478  00F2               	movwf	___lldiv@divisor
  7455     0479  0835               	movf	utoa@d+3,w
  7456     047A  00F9               	movwf	___lldiv@dividend+3
  7457     047B  0834               	movf	utoa@d+2,w
  7458     047C  00F8               	movwf	___lldiv@dividend+2
  7459     047D  0833               	movf	utoa@d+1,w
  7460     047E  00F7               	movwf	___lldiv@dividend+1
  7461     047F  0832               	movf	utoa@d,w
  7462     0480  00F6               	movwf	___lldiv@dividend
  7463     0481  3185  259A  3184   	fcall	___lldiv
  7464     0484  0875               	movf	?___lldiv+3,w
  7465     0485  0020               	movlb	0	; select bank0
  7466     0486  00B5               	movwf	utoa@d+3
  7467     0487  0874               	movf	?___lldiv+2,w
  7468     0488  00B4               	movwf	utoa@d+2
  7469     0489  0873               	movf	?___lldiv+1,w
  7470     048A  00B3               	movwf	utoa@d+1
  7471     048B  0872               	movf	?___lldiv,w
  7472     048C  00B2               	movwf	utoa@d
  7473     048D                     l4214:
  7474                           
  7475                           ;C:\Program Files\Microchip\xc8\v3.10\pic\sources\c99\common\doprnt.c: 1024:     while (
      +                          i && (d != 0
  7476     048D  0020               	movlb	0	; select bank0
  7477     048E  083A               	movf	utoa@i,w
  7478     048F  043B               	iorwf	utoa@i+1,w
  7479     0490  1903               	btfsc	3,2
  7480     0491  2C93               	goto	u3331
  7481     0492  2C94               	goto	u3330
  7482     0493                     u3331:
  7483     0493  2CB2               	goto	l4224
  7484     0494                     u3330:
  7485     0494                     l4216:
  7486     0494  0835               	movf	utoa@d+3,w
  7487     0495  0434               	iorwf	utoa@d+2,w
  7488     0496  0433               	iorwf	utoa@d+1,w
  7489     0497  0432               	iorwf	utoa@d,w
  7490     0498  1D03               	skipz
  7491     0499  2C9B               	goto	u3341
  7492     049A  2C9C               	goto	u3340
  7493     049B                     u3341:
  7494     049B  2C4B               	goto	l4204
  7495     049C                     u3340:
  7496     049C                     l4218:
  7497     049C  0837               	movf	utoa@p,w
  7498     049D  1D03               	btfss	3,2
  7499     049E  2CA0               	goto	u3351
  7500     049F  2CA1               	goto	u3350
  7501     04A0                     u3351:
  7502     04A0  2C4B               	goto	l4204
  7503     04A1                     u3350:
  7504     04A1                     l4220:
  7505     04A1  0839               	movf	utoa@w+1,w
  7506     04A2  3A80               	xorlw	128
  7507     04A3  00B6               	movwf	??_utoa
  7508     04A4  3080               	movlw	128
  7509     04A5  0236               	subwf	??_utoa,w
  7510     04A6  1D03               	skipz
  7511     04A7  2CAA               	goto	u3365
  7512     04A8  3001               	movlw	1
  7513     04A9  0238               	subwf	utoa@w,w
  7514     04AA                     u3365:
  7515     04AA  1C03               	skipc
  7516     04AB  2CAD               	goto	u3361
  7517     04AC  2CAE               	goto	u3360
  7518     04AD                     u3361:
  7519     04AD  2CB2               	goto	l4224
  7520     04AE                     u3360:
  7521     04AE                     l4222:
  7522     04AE  18FB               	btfsc	_flags,1
  7523     04AF  2CB1               	goto	u3371
  7524     04B0  2CB2               	goto	u3370
  7525     04B1                     u3371:
  7526     04B1  2C4B               	goto	l4204
  7527     04B2                     u3370:
  7528     04B2                     l4224:
  7529                           
  7530                           ;C:\Program Files\Microchip\xc8\v3.10\pic\sources\c99\common\doprnt.c: 1046:     return 
      +                          (void) pad(fp, &dbuf[i], w);
  7531     04B2  0020               	movlb	0	; select bank0
  7532     04B3  0831               	movf	utoa@fp+1,w
  7533     04B4  00A9               	movwf	pad@fp+1
  7534     04B5  0830               	movf	utoa@fp,w
  7535     04B6  00A8               	movwf	pad@fp
  7536     04B7  083A               	movf	utoa@i,w
  7537     04B8  3E20               	addlw	(low (_dbuf| (0+256)))& (0+255)
  7538     04B9  00AA               	movwf	pad@buf
  7539     04BA  0839               	movf	utoa@w+1,w
  7540     04BB  00AC               	movwf	pad@p+1
  7541     04BC  0838               	movf	utoa@w,w
  7542     04BD  00AB               	movwf	pad@p
  7543     04BE  3186  26DE  3184   	fcall	_pad
  7544     04C1                     l1656:
  7545     04C1  0008               	return
  7546     04C2                     __end_of_utoa:
  7547                           
  7548                           	psect	text5
  7549     06DE                     __ptext5:	
  7550 ;; *************** function _pad *****************
  7551 ;; Defined at:
  7552 ;;		line 193 in file "C:\Program Files\Microchip\xc8\v3.10\pic\sources\c99\common\doprnt.c"
  7553 ;; Parameters:    Size  Location     Type
  7554 ;;  fp              2    8[BANK0 ] PTR struct _IO_FILE
  7555 ;;		 -> sprintf@f(11), 
  7556 ;;  buf             1   10[BANK0 ] PTR unsigned char 
  7557 ;;		 -> dbuf(32), 
  7558 ;;  p               2   11[BANK0 ] int 
  7559 ;; Auto vars:     Size  Location     Type
  7560 ;;  i               2   14[BANK0 ] int 
  7561 ;; Return value:  Size  Location     Type
  7562 ;;                  1    wreg      void 
  7563 ;; Registers used:
  7564 ;;		wreg, fsr0l, fsr0h, fsr1l, fsr1h, status,2, status,0, pclath, cstack
  7565 ;; Tracked objects:
  7566 ;;		On entry : 0/0
  7567 ;;		On exit  : 0/0
  7568 ;;		Unchanged: 0/0
  7569 ;; Data sizes:     COMMON   BANK0   BANK1   BANK2   BANK3   BANK4   BANK5   BANK6   BANK7   BANK8   BANK9  BANK10  BANK1
      +1  BANK12
  7570 ;;      Params:         0       5       0       0       0       0       0       0       0       0       0       0       
      +0       0
  7571 ;;      Locals:         0       2       0       0       0       0       0       0       0       0       0       0       
      +0       0
  7572 ;;      Temps:          0       1       0       0       0       0       0       0       0       0       0       0       
      +0       0
  7573 ;;      Totals:         0       8       0       0       0       0       0       0       0       0       0       0       
      +0       0
  7574 ;;Total ram usage:        8 bytes
  7575 ;; Hardware stack levels used: 1
  7576 ;; Hardware stack levels required when called: 5
  7577 ;; This function calls:
  7578 ;;		_fputc
  7579 ;;		_fputs
  7580 ;; This function is called by:
  7581 ;;		_utoa
  7582 ;; This function uses a non-reentrant model
  7583 ;;
  7584                           
  7585     06DE                     _pad:	
  7586                           ;psect for function _pad
  7587                           
  7588     06DE                     l4152:	
  7589                           ;incstack = 0
  7590                           ; Regs used in _pad: [wreg-fsr1h+status,2+status,0+pclath+cstack]
  7591                           
  7592                           
  7593                           ;C:\Program Files\Microchip\xc8\v3.10\pic\sources\c99\common\doprnt.c: 193: static void 
      +                          pad(FILE *fp, char *buf, int p);C:\Program Files\Microchip\xc8\v3.10\pic\sources\c99\com
      +                          mon\doprnt.c: 194: {;C:\Program Files\Microchip\xc8\v3.10\pic\sources\c99\common\doprnt.
      +                          c: 195:     int i;;C:\Program Files\Microchip\xc8\v3.10\pic\sources\c99\common\doprnt.c:
      +                           199:     if (flags & (1 << 0)) {
  7594     06DE  1C7B               	btfss	_flags,0
  7595     06DF  2EE1               	goto	u3201
  7596     06E0  2EE2               	goto	u3200
  7597     06E1                     u3201:
  7598     06E1  2EEC               	goto	l4156
  7599     06E2                     u3200:
  7600     06E2                     l4154:
  7601                           
  7602                           ;C:\Program Files\Microchip\xc8\v3.10\pic\sources\c99\common\doprnt.c: 200:         fput
      +                          s((const char *)buf, fp);
  7603     06E2  0020               	movlb	0	; select bank0
  7604     06E3  082A               	movf	pad@buf,w
  7605     06E4  00A0               	movwf	fputs@s
  7606     06E5  0829               	movf	pad@fp+1,w
  7607     06E6  00A2               	movwf	fputs@fp+1
  7608     06E7  0828               	movf	pad@fp,w
  7609     06E8  00A1               	movwf	fputs@fp
  7610     06E9  3187  27AD  3186   	fcall	_fputs
  7611     06EC                     l4156:
  7612                           
  7613                           ;C:\Program Files\Microchip\xc8\v3.10\pic\sources\c99\common\doprnt.c: 205:  if (p < 0) 
      +                          {
  7614     06EC  0020               	movlb	0	; select bank0
  7615     06ED  1FAC               	btfss	pad@p+1,7
  7616     06EE  2EF0               	goto	u3211
  7617     06EF  2EF1               	goto	u3210
  7618     06F0                     u3211:
  7619     06F0  2EF3               	goto	l1641
  7620     06F1                     u3210:
  7621     06F1                     l4158:
  7622                           
  7623                           ;C:\Program Files\Microchip\xc8\v3.10\pic\sources\c99\common\doprnt.c: 206:   p = 0;
  7624     06F1  01AB               	clrf	pad@p
  7625     06F2  01AC               	clrf	pad@p+1
  7626     06F3                     l1641:	
  7627                           ;C:\Program Files\Microchip\xc8\v3.10\pic\sources\c99\common\doprnt.c: 207:  }
  7628                           
  7629                           
  7630                           ;C:\Program Files\Microchip\xc8\v3.10\pic\sources\c99\common\doprnt.c: 208:     i = 0;
  7631     06F3  01AE               	clrf	pad@i
  7632     06F4  01AF               	clrf	pad@i+1
  7633                           
  7634                           ;C:\Program Files\Microchip\xc8\v3.10\pic\sources\c99\common\doprnt.c: 209:     while (i
      +                           < p) {
  7635     06F5  2F07               	goto	l4164
  7636     06F6                     l4160:
  7637                           
  7638                           ;C:\Program Files\Microchip\xc8\v3.10\pic\sources\c99\common\doprnt.c: 210:         fput
      +                          c(' ', fp);
  7639     06F6  3020               	movlw	32
  7640     06F7  00F2               	movwf	fputc@c
  7641     06F8  3000               	movlw	0
  7642     06F9  00F3               	movwf	fputc@c+1
  7643     06FA  0020               	movlb	0	; select bank0
  7644     06FB  0829               	movf	pad@fp+1,w
  7645     06FC  00F5               	movwf	fputc@fp+1
  7646     06FD  0828               	movf	pad@fp,w
  7647     06FE  00F4               	movwf	fputc@fp
  7648     06FF  3185  25F3  3186   	fcall	_fputc
  7649     0702                     l4162:
  7650                           
  7651                           ;C:\Program Files\Microchip\xc8\v3.10\pic\sources\c99\common\doprnt.c: 211:         ++i;
  7652     0702  3001               	movlw	1
  7653     0703  0020               	movlb	0	; select bank0
  7654     0704  07AE               	addwf	pad@i,f
  7655     0705  3000               	movlw	0
  7656     0706  3DAF               	addwfc	pad@i+1,f
  7657     0707                     l4164:
  7658                           
  7659                           ;C:\Program Files\Microchip\xc8\v3.10\pic\sources\c99\common\doprnt.c: 209:     while (i
      +                           < p) {
  7660     0707  082F               	movf	pad@i+1,w
  7661     0708  3A80               	xorlw	128
  7662     0709  00AD               	movwf	??_pad
  7663     070A  082C               	movf	pad@p+1,w
  7664     070B  3A80               	xorlw	128
  7665     070C  022D               	subwf	??_pad,w
  7666     070D  1D03               	skipz
  7667     070E  2F11               	goto	u3225
  7668     070F  082B               	movf	pad@p,w
  7669     0710  022E               	subwf	pad@i,w
  7670     0711                     u3225:
  7671     0711  1C03               	skipc
  7672     0712  2F14               	goto	u3221
  7673     0713  2F15               	goto	u3220
  7674     0714                     u3221:
  7675     0714  2EF6               	goto	l4160
  7676     0715                     u3220:
  7677     0715                     l1644:
  7678                           
  7679                           ;C:\Program Files\Microchip\xc8\v3.10\pic\sources\c99\common\doprnt.c: 216:     if (!(fl
      +                          ags & (1 << 0))) {
  7680     0715  187B               	btfsc	_flags,0
  7681     0716  2F18               	goto	u3231
  7682     0717  2F19               	goto	u3230
  7683     0718                     u3231:
  7684     0718  2F23               	goto	l1646
  7685     0719                     u3230:
  7686     0719                     l4166:
  7687                           
  7688                           ;C:\Program Files\Microchip\xc8\v3.10\pic\sources\c99\common\doprnt.c: 218:         fput
      +                          s((const char *)buf, fp);
  7689     0719  0020               	movlb	0	; select bank0
  7690     071A  082A               	movf	pad@buf,w
  7691     071B  00A0               	movwf	fputs@s
  7692     071C  0829               	movf	pad@fp+1,w
  7693     071D  00A2               	movwf	fputs@fp+1
  7694     071E  0828               	movf	pad@fp,w
  7695     071F  00A1               	movwf	fputs@fp
  7696     0720  3187  27AD  3186   	fcall	_fputs
  7697     0723                     l1646:
  7698     0723  0008               	return
  7699     0724                     __end_of_pad:
  7700                           
  7701                           	psect	text6
  7702     07AD                     __ptext6:	
  7703 ;; *************** function _fputs *****************
  7704 ;; Defined at:
  7705 ;;		line 8 in file "C:\Program Files\Microchip\xc8\v3.10\pic\sources\c99\common\nf_fputs.c"
  7706 ;; Parameters:    Size  Location     Type
  7707 ;;  s               1    0[BANK0 ] PTR const unsigned char 
  7708 ;;		 -> dbuf(32), 
  7709 ;;  fp              2    1[BANK0 ] PTR struct _IO_FILE
  7710 ;;		 -> sprintf@f(11), 
  7711 ;; Auto vars:     Size  Location     Type
  7712 ;;  i               2    6[BANK0 ] int 
  7713 ;;  c               1    5[BANK0 ] unsigned char 
  7714 ;; Return value:  Size  Location     Type
  7715 ;;                  2    0[BANK0 ] int 
  7716 ;; Registers used:
  7717 ;;		wreg, fsr0l, fsr0h, fsr1l, fsr1h, status,2, status,0, pclath, cstack
  7718 ;; Tracked objects:
  7719 ;;		On entry : 0/0
  7720 ;;		On exit  : 0/0
  7721 ;;		Unchanged: 0/0
  7722 ;; Data sizes:     COMMON   BANK0   BANK1   BANK2   BANK3   BANK4   BANK5   BANK6   BANK7   BANK8   BANK9  BANK10  BANK1
      +1  BANK12
  7723 ;;      Params:         0       3       0       0       0       0       0       0       0       0       0       0       
      +0       0
  7724 ;;      Locals:         0       3       0       0       0       0       0       0       0       0       0       0       
      +0       0
  7725 ;;      Temps:          0       2       0       0       0       0       0       0       0       0       0       0       
      +0       0
  7726 ;;      Totals:         0       8       0       0       0       0       0       0       0       0       0       0       
      +0       0
  7727 ;;Total ram usage:        8 bytes
  7728 ;; Hardware stack levels used: 1
  7729 ;; Hardware stack levels required when called: 4
  7730 ;; This function calls:
  7731 ;;		_fputc
  7732 ;; This function is called by:
  7733 ;;		_pad
  7734 ;; This function uses a non-reentrant model
  7735 ;;
  7736                           
  7737     07AD                     _fputs:	
  7738                           ;psect for function _fputs
  7739                           
  7740     07AD                     l2962:	
  7741                           ;incstack = 0
  7742                           ; Regs used in _fputs: [wreg-fsr1h+status,2+status,0+pclath+cstack]
  7743                           
  7744     07AD  0020               	movlb	0	; select bank0
  7745     07AE  01A6               	clrf	fputs@i
  7746     07AF  01A7               	clrf	fputs@i+1
  7747     07B0  2FC4               	goto	l2968
  7748     07B1                     l2964:
  7749     07B1  0825               	movf	fputs@c,w
  7750     07B2  00A3               	movwf	??_fputs
  7751     07B3  01A4               	clrf	??_fputs+1
  7752     07B4  0823               	movf	??_fputs,w
  7753     07B5  00F2               	movwf	fputc@c
  7754     07B6  0824               	movf	??_fputs+1,w
  7755     07B7  00F3               	movwf	fputc@c+1
  7756     07B8  0822               	movf	fputs@fp+1,w
  7757     07B9  00F5               	movwf	fputc@fp+1
  7758     07BA  0821               	movf	fputs@fp,w
  7759     07BB  00F4               	movwf	fputc@fp
  7760     07BC  3185  25F3  3187   	fcall	_fputc
  7761     07BF                     l2966:
  7762     07BF  3001               	movlw	1
  7763     07C0  0020               	movlb	0	; select bank0
  7764     07C1  07A6               	addwf	fputs@i,f
  7765     07C2  3000               	movlw	0
  7766     07C3  3DA7               	addwfc	fputs@i+1,f
  7767     07C4                     l2968:
  7768     07C4  0820               	movf	fputs@s,w
  7769     07C5  0726               	addwf	fputs@i,w
  7770     07C6  0086               	movwf	6
  7771     07C7  3001               	movlw	1	; select bank2/3
  7772     07C8  0087               	movwf	7
  7773     07C9  0801               	movf	1,w
  7774     07CA  00A5               	movwf	fputs@c
  7775     07CB  0825               	movf	fputs@c,w
  7776     07CC  1D03               	btfss	3,2
  7777     07CD  2FCF               	goto	u1651
  7778     07CE  2FD0               	goto	u1650
  7779     07CF                     u1651:
  7780     07CF  2FB1               	goto	l2964
  7781     07D0                     u1650:
  7782     07D0                     l1717:
  7783     07D0  0008               	return
  7784     07D1                     __end_of_fputs:
  7785                           
  7786                           	psect	text7
  7787     05F3                     __ptext7:	
  7788 ;; *************** function _fputc *****************
  7789 ;; Defined at:
  7790 ;;		line 8 in file "C:\Program Files\Microchip\xc8\v3.10\pic\sources\c99\common\nf_fputc.c"
  7791 ;; Parameters:    Size  Location     Type
  7792 ;;  c               2    2[COMMON] int 
  7793 ;;  fp              2    4[COMMON] PTR struct _IO_FILE
  7794 ;;		 -> sprintf@f(11), 
  7795 ;; Auto vars:     Size  Location     Type
  7796 ;;		None
  7797 ;; Return value:  Size  Location     Type
  7798 ;;                  2    2[COMMON] int 
  7799 ;; Registers used:
  7800 ;;		wreg, fsr0l, fsr0h, fsr1l, fsr1h, status,2, status,0, pclath, cstack
  7801 ;; Tracked objects:
  7802 ;;		On entry : 0/0
  7803 ;;		On exit  : 0/0
  7804 ;;		Unchanged: 0/0
  7805 ;; Data sizes:     COMMON   BANK0   BANK1   BANK2   BANK3   BANK4   BANK5   BANK6   BANK7   BANK8   BANK9  BANK10  BANK1
      +1  BANK12
  7806 ;;      Params:         4       0       0       0       0       0       0       0       0       0       0       0       
      +0       0
  7807 ;;      Locals:         0       0       0       0       0       0       0       0       0       0       0       0       
      +0       0
  7808 ;;      Temps:          5       0       0       0       0       0       0       0       0       0       0       0       
      +0       0
  7809 ;;      Totals:         9       0       0       0       0       0       0       0       0       0       0       0       
      +0       0
  7810 ;;Total ram usage:        9 bytes
  7811 ;; Hardware stack levels used: 1
  7812 ;; Hardware stack levels required when called: 3
  7813 ;; This function calls:
  7814 ;;		_putch
  7815 ;; This function is called by:
  7816 ;;		_pad
  7817 ;;		_vfpfcnvrt
  7818 ;;		_fputs
  7819 ;; This function uses a non-reentrant model
  7820 ;;
  7821                           
  7822     05F3                     _fputc:	
  7823                           ;psect for function _fputc
  7824                           
  7825     05F3                     l2946:	
  7826                           ;incstack = 0
  7827                           ; Regs used in _fputc: [wreg-fsr1h+status,2+status,0+pclath+cstack]
  7828                           
  7829     05F3  0874               	movf	fputc@fp,w
  7830     05F4  0475               	iorwf	fputc@fp+1,w
  7831     05F5  1903               	btfsc	3,2
  7832     05F6  2DF8               	goto	u1611
  7833     05F7  2DF9               	goto	u1610
  7834     05F8                     u1611:
  7835     05F8  2DFF               	goto	l2950
  7836     05F9                     u1610:
  7837     05F9                     l2948:
  7838     05F9  0874               	movf	fputc@fp,w
  7839     05FA  0475               	iorwf	fputc@fp+1,w
  7840     05FB  1D03               	btfss	3,2
  7841     05FC  2DFE               	goto	u1621
  7842     05FD  2DFF               	goto	u1620
  7843     05FE                     u1621:
  7844     05FE  2E04               	goto	l2952
  7845     05FF                     u1620:
  7846     05FF                     l2950:
  7847     05FF  0872               	movf	fputc@c,w
  7848     0600  3187  27FF  3185   	fcall	_putch
  7849     0603  2E49               	goto	l1709
  7850     0604                     l2952:
  7851     0604  0874               	movf	fputc@fp,w
  7852     0605  0086               	movwf	6
  7853     0606  0187               	clrf	7
  7854     0607  3149               	addfsr 1,9
  7855     0608  0016               	moviw fsr1++
  7856     0609  0401               	iorwf	1,w
  7857     060A  1903               	btfsc	3,2
  7858     060B  2E0D               	goto	u1631
  7859     060C  2E0E               	goto	u1630
  7860     060D                     u1631:
  7861     060D  2E2C               	goto	l2956
  7862     060E                     u1630:
  7863     060E                     l2954:
  7864     060E  0874               	movf	fputc@fp,w
  7865     060F  0086               	movwf	6
  7866     0610  0187               	clrf	7
  7867     0611  3149               	addfsr 1,9
  7868     0612  3F40               	moviw [0]fsr1
  7869     0613  00F6               	movwf	??_fputc
  7870     0614  3F41               	moviw [1]fsr1
  7871     0615  00F7               	movwf	??_fputc+1
  7872     0616  0874               	movf	fputc@fp,w
  7873     0617  0086               	movwf	6
  7874     0618  0187               	clrf	7
  7875     0619  3142               	addfsr 1,2
  7876     061A  3F40               	moviw [0]fsr1
  7877     061B  00F8               	movwf	??_fputc+2
  7878     061C  3F41               	moviw [1]fsr1
  7879     061D  00F9               	movwf	??_fputc+3
  7880     061E  0879               	movf	??_fputc+3,w
  7881     061F  3A80               	xorlw	128
  7882     0620  00FA               	movwf	??_fputc+4
  7883     0621  0877               	movf	??_fputc+1,w
  7884     0622  3A80               	xorlw	128
  7885     0623  027A               	subwf	??_fputc+4,w
  7886     0624  1D03               	skipz
  7887     0625  2E28               	goto	u1645
  7888     0626  0876               	movf	??_fputc,w
  7889     0627  0278               	subwf	??_fputc+2,w
  7890     0628                     u1645:
  7891     0628  1803               	skipnc
  7892     0629  2E2B               	goto	u1641
  7893     062A  2E2C               	goto	u1640
  7894     062B                     u1641:
  7895     062B  2E49               	goto	l1709
  7896     062C                     u1640:
  7897     062C                     l2956:
  7898     062C  0874               	movf	fputc@fp,w
  7899     062D  0086               	movwf	6
  7900     062E  0187               	clrf	7
  7901     062F  3142               	addfsr 1,2
  7902     0630  0874               	movf	fputc@fp,w
  7903     0631  0084               	movwf	4
  7904     0632  0875               	movf	fputc@fp+1,w
  7905     0633  0085               	movwf	5
  7906     0634  3F00               	moviw [0]fsr0
  7907     0635  00F6               	movwf	??_fputc
  7908     0636  3F01               	moviw [1]fsr0
  7909     0637  00F7               	movwf	??_fputc+1
  7910     0638  3F40               	moviw [0]fsr1
  7911     0639  0776               	addwf	??_fputc,w
  7912     063A  0084               	movwf	4
  7913     063B  3F41               	moviw [1]fsr1
  7914     063C  3D77               	addwfc	??_fputc+1,w
  7915     063D  0085               	movwf	5
  7916     063E  0872               	movf	fputc@c,w
  7917     063F  0080               	movwf	0
  7918     0640                     l2958:
  7919     0640  0874               	movf	fputc@fp,w
  7920     0641  0086               	movwf	6
  7921     0642  0187               	clrf	7
  7922     0643  3142               	addfsr 1,2
  7923     0644  3001               	movlw	1
  7924     0645  0781               	addwf	1,f
  7925     0646  3141               	addfsr 1,1
  7926     0647  1803               	skipnc
  7927     0648  0A81               	incf	1,f
  7928     0649                     l1709:
  7929     0649  0008               	return
  7930     064A                     __end_of_fputc:
  7931                           
  7932                           	psect	text8
  7933     07FF                     __ptext8:	
  7934 ;; *************** function _putch *****************
  7935 ;; Defined at:
  7936 ;;		line 7 in file "C:\Program Files\Microchip\xc8\v3.10\pic\sources\c99\common\putch.c"
  7937 ;; Parameters:    Size  Location     Type
  7938 ;;  c               1    wreg     unsigned char 
  7939 ;; Auto vars:     Size  Location     Type
  7940 ;;  c               1    0[COMMON] unsigned char 
  7941 ;; Return value:  Size  Location     Type
  7942 ;;                  1    wreg      void 
  7943 ;; Registers used:
  7944 ;;		wreg
  7945 ;; Tracked objects:
  7946 ;;		On entry : 0/0
  7947 ;;		On exit  : 0/0
  7948 ;;		Unchanged: 0/0
  7949 ;; Data sizes:     COMMON   BANK0   BANK1   BANK2   BANK3   BANK4   BANK5   BANK6   BANK7   BANK8   BANK9  BANK10  BANK1
      +1  BANK12
  7950 ;;      Params:         0       0       0       0       0       0       0       0       0       0       0       0       
      +0       0
  7951 ;;      Locals:         0       0       0       0       0       0       0       0       0       0       0       0       
      +0       0
  7952 ;;      Temps:          0       0       0       0       0       0       0       0       0       0       0       0       
      +0       0
  7953 ;;      Totals:         0       0       0       0       0       0       0       0       0       0       0       0       
      +0       0
  7954 ;;Total ram usage:        0 bytes
  7955 ;; Hardware stack levels used: 1
  7956 ;; Hardware stack levels required when called: 3
  7957 ;; This function calls:
  7958 ;;		Nothing
  7959 ;; This function is called by:
  7960 ;;		_fputc
  7961 ;; This function uses a non-reentrant model
  7962 ;;
  7963                           
  7964     07FF                     _putch:	
  7965                           ;psect for function _putch
  7966                           
  7967     07FF                     l1720:	
  7968                           ;incstack = 0
  7969                           ; Regs used in _putch: [wreg]
  7970                           
  7971     07FF  0008               	return
  7972     0800                     __end_of_putch:
  7973                           
  7974                           	psect	text9
  7975     0695                     __ptext9:	
  7976 ;; *************** function ___llmod *****************
  7977 ;; Defined at:
  7978 ;;		line 5 in file "C:\Program Files\Microchip\xc8\v3.10\pic\sources\c99\common\llmod.c"
  7979 ;; Parameters:    Size  Location     Type
  7980 ;;  divisor         4    5[BANK0 ] unsigned long 
  7981 ;;  dividend        4    9[BANK0 ] unsigned long 
  7982 ;; Auto vars:     Size  Location     Type
  7983 ;;  counter         1   10[COMMON] unsigned char 
  7984 ;; Return value:  Size  Location     Type
  7985 ;;                  4    5[BANK0 ] unsigned long 
  7986 ;; Registers used:
  7987 ;;		wreg, status,2, status,0
  7988 ;; Tracked objects:
  7989 ;;		On entry : 0/0
  7990 ;;		On exit  : 0/0
  7991 ;;		Unchanged: 0/0
  7992 ;; Data sizes:     COMMON   BANK0   BANK1   BANK2   BANK3   BANK4   BANK5   BANK6   BANK7   BANK8   BANK9  BANK10  BANK1
      +1  BANK12
  7993 ;;      Params:         0       8       0       0       0       0       0       0       0       0       0       0       
      +0       0
  7994 ;;      Locals:         1       0       0       0       0       0       0       0       0       0       0       0       
      +0       0
  7995 ;;      Temps:          0       0       0       0       0       0       0       0       0       0       0       0       
      +0       0
  7996 ;;      Totals:         1       8       0       0       0       0       0       0       0       0       0       0       
      +0       0
  7997 ;;Total ram usage:        9 bytes
  7998 ;; Hardware stack levels used: 1
  7999 ;; Hardware stack levels required when called: 3
  8000 ;; This function calls:
  8001 ;;		Nothing
  8002 ;; This function is called by:
  8003 ;;		_main
  8004 ;;		_utoa
  8005 ;; This function uses a non-reentrant model
  8006 ;;
  8007                           
  8008     0695                     ___llmod:	
  8009                           ;psect for function ___llmod
  8010                           
  8011     0695                     l3008:	
  8012                           ;incstack = 0
  8013                           ; Regs used in ___llmod: [wreg+status,2+status,0]
  8014                           
  8015     0695  0020               	movlb	0	; select bank0
  8016     0696  0828               	movf	___llmod@divisor+3,w
  8017     0697  0427               	iorwf	___llmod@divisor+2,w
  8018     0698  0426               	iorwf	___llmod@divisor+1,w
  8019     0699  0425               	iorwf	___llmod@divisor,w
  8020     069A  1903               	skipnz
  8021     069B  2E9D               	goto	u1771
  8022     069C  2E9E               	goto	u1770
  8023     069D                     u1771:
  8024     069D  2ED5               	goto	l3024
  8025     069E                     u1770:
  8026     069E                     l3010:
  8027     069E  3001               	movlw	1
  8028     069F  00FA               	movwf	___llmod@counter
  8029     06A0  2EAA               	goto	l3014
  8030     06A1                     l3012:
  8031     06A1  3001               	movlw	1
  8032     06A2                     u1785:
  8033     06A2  35A5               	lslf	___llmod@divisor,f
  8034     06A3  0DA6               	rlf	___llmod@divisor+1,f
  8035     06A4  0DA7               	rlf	___llmod@divisor+2,f
  8036     06A5  0DA8               	rlf	___llmod@divisor+3,f
  8037     06A6  0B89               	decfsz	9,f
  8038     06A7  2EA2               	goto	u1785
  8039     06A8  3001               	movlw	1
  8040     06A9  07FA               	addwf	___llmod@counter,f
  8041     06AA                     l3014:
  8042     06AA  1FA8               	btfss	___llmod@divisor+3,7
  8043     06AB  2EAD               	goto	u1791
  8044     06AC  2EAE               	goto	u1790
  8045     06AD                     u1791:
  8046     06AD  2EA1               	goto	l3012
  8047     06AE                     u1790:
  8048     06AE                     l3016:
  8049     06AE  0828               	movf	___llmod@divisor+3,w
  8050     06AF  022C               	subwf	___llmod@dividend+3,w
  8051     06B0  1D03               	skipz
  8052     06B1  2EBC               	goto	u1805
  8053     06B2  0827               	movf	___llmod@divisor+2,w
  8054     06B3  022B               	subwf	___llmod@dividend+2,w
  8055     06B4  1D03               	skipz
  8056     06B5  2EBC               	goto	u1805
  8057     06B6  0826               	movf	___llmod@divisor+1,w
  8058     06B7  022A               	subwf	___llmod@dividend+1,w
  8059     06B8  1D03               	skipz
  8060     06B9  2EBC               	goto	u1805
  8061     06BA  0825               	movf	___llmod@divisor,w
  8062     06BB  0229               	subwf	___llmod@dividend,w
  8063     06BC                     u1805:
  8064     06BC  1C03               	skipc
  8065     06BD  2EBF               	goto	u1801
  8066     06BE  2EC0               	goto	u1800
  8067     06BF                     u1801:
  8068     06BF  2EC8               	goto	l3020
  8069     06C0                     u1800:
  8070     06C0                     l3018:
  8071     06C0  0825               	movf	___llmod@divisor,w
  8072     06C1  02A9               	subwf	___llmod@dividend,f
  8073     06C2  0826               	movf	___llmod@divisor+1,w
  8074     06C3  3BAA               	subwfb	___llmod@dividend+1,f
  8075     06C4  0827               	movf	___llmod@divisor+2,w
  8076     06C5  3BAB               	subwfb	___llmod@dividend+2,f
  8077     06C6  0828               	movf	___llmod@divisor+3,w
  8078     06C7  3BAC               	subwfb	___llmod@dividend+3,f
  8079     06C8                     l3020:
  8080     06C8  3001               	movlw	1
  8081     06C9                     u1815:
  8082     06C9  36A8               	lsrf	___llmod@divisor+3,f
  8083     06CA  0CA7               	rrf	___llmod@divisor+2,f
  8084     06CB  0CA6               	rrf	___llmod@divisor+1,f
  8085     06CC  0CA5               	rrf	___llmod@divisor,f
  8086     06CD  0B89               	decfsz	9,f
  8087     06CE  2EC9               	goto	u1815
  8088     06CF                     l3022:
  8089     06CF  3001               	movlw	1
  8090     06D0  02FA               	subwf	___llmod@counter,f
  8091     06D1  1D03               	btfss	3,2
  8092     06D2  2ED4               	goto	u1821
  8093     06D3  2ED5               	goto	u1820
  8094     06D4                     u1821:
  8095     06D4  2EAE               	goto	l3016
  8096     06D5                     u1820:
  8097     06D5                     l3024:
  8098     06D5  082C               	movf	___llmod@dividend+3,w
  8099     06D6  00A8               	movwf	?___llmod+3
  8100     06D7  082B               	movf	___llmod@dividend+2,w
  8101     06D8  00A7               	movwf	?___llmod+2
  8102     06D9  082A               	movf	___llmod@dividend+1,w
  8103     06DA  00A6               	movwf	?___llmod+1
  8104     06DB  0829               	movf	___llmod@dividend,w
  8105     06DC  00A5               	movwf	?___llmod
  8106     06DD                     l1390:
  8107     06DD  0008               	return
  8108     06DE                     __end_of___llmod:
  8109                           
  8110                           	psect	text10
  8111     059A                     __ptext10:	
  8112 ;; *************** function ___lldiv *****************
  8113 ;; Defined at:
  8114 ;;		line 5 in file "C:\Program Files\Microchip\xc8\v3.10\pic\sources\c99\common\__lldiv.c"
  8115 ;; Parameters:    Size  Location     Type
  8116 ;;  divisor         4    2[COMMON] unsigned long 
  8117 ;;  dividend        4    6[COMMON] unsigned long 
  8118 ;; Auto vars:     Size  Location     Type
  8119 ;;  quotient        4    0[BANK0 ] unsigned long 
  8120 ;;  counter         1    4[BANK0 ] unsigned char 
  8121 ;; Return value:  Size  Location     Type
  8122 ;;                  4    2[COMMON] unsigned long 
  8123 ;; Registers used:
  8124 ;;		wreg, status,2, status,0
  8125 ;; Tracked objects:
  8126 ;;		On entry : 0/0
  8127 ;;		On exit  : 0/0
  8128 ;;		Unchanged: 0/0
  8129 ;; Data sizes:     COMMON   BANK0   BANK1   BANK2   BANK3   BANK4   BANK5   BANK6   BANK7   BANK8   BANK9  BANK10  BANK1
      +1  BANK12
  8130 ;;      Params:         8       0       0       0       0       0       0       0       0       0       0       0       
      +0       0
  8131 ;;      Locals:         0       5       0       0       0       0       0       0       0       0       0       0       
      +0       0
  8132 ;;      Temps:          0       0       0       0       0       0       0       0       0       0       0       0       
      +0       0
  8133 ;;      Totals:         8       5       0       0       0       0       0       0       0       0       0       0       
      +0       0
  8134 ;;Total ram usage:       13 bytes
  8135 ;; Hardware stack levels used: 1
  8136 ;; Hardware stack levels required when called: 3
  8137 ;; This function calls:
  8138 ;;		Nothing
  8139 ;; This function is called by:
  8140 ;;		_main
  8141 ;;		_utoa
  8142 ;; This function uses a non-reentrant model
  8143 ;;
  8144                           
  8145     059A                     ___lldiv:	
  8146                           ;psect for function ___lldiv
  8147                           
  8148     059A                     l2984:	
  8149                           ;incstack = 0
  8150                           ; Regs used in ___lldiv: [wreg+status,2+status,0]
  8151                           
  8152     059A  3000               	movlw	0
  8153     059B  0020               	movlb	0	; select bank0
  8154     059C  00A3               	movwf	___lldiv@quotient+3
  8155     059D  3000               	movlw	0
  8156     059E  00A2               	movwf	___lldiv@quotient+2
  8157     059F  3000               	movlw	0
  8158     05A0  00A1               	movwf	___lldiv@quotient+1
  8159     05A1  3000               	movlw	0
  8160     05A2  00A0               	movwf	___lldiv@quotient
  8161     05A3  0875               	movf	___lldiv@divisor+3,w
  8162     05A4  0474               	iorwf	___lldiv@divisor+2,w
  8163     05A5  0473               	iorwf	___lldiv@divisor+1,w
  8164     05A6  0472               	iorwf	___lldiv@divisor,w
  8165     05A7  1903               	skipnz
  8166     05A8  2DAA               	goto	u1701
  8167     05A9  2DAB               	goto	u1700
  8168     05AA                     u1701:
  8169     05AA  2DEA               	goto	l3004
  8170     05AB                     u1700:
  8171     05AB                     l2986:
  8172     05AB  3001               	movlw	1
  8173     05AC  00A4               	movwf	___lldiv@counter
  8174     05AD  2DB7               	goto	l2990
  8175     05AE                     l2988:
  8176     05AE  3001               	movlw	1
  8177     05AF                     u1715:
  8178     05AF  35F2               	lslf	___lldiv@divisor,f
  8179     05B0  0DF3               	rlf	___lldiv@divisor+1,f
  8180     05B1  0DF4               	rlf	___lldiv@divisor+2,f
  8181     05B2  0DF5               	rlf	___lldiv@divisor+3,f
  8182     05B3  0B89               	decfsz	9,f
  8183     05B4  2DAF               	goto	u1715
  8184     05B5  3001               	movlw	1
  8185     05B6  07A4               	addwf	___lldiv@counter,f
  8186     05B7                     l2990:
  8187     05B7  1FF5               	btfss	___lldiv@divisor+3,7
  8188     05B8  2DBA               	goto	u1721
  8189     05B9  2DBB               	goto	u1720
  8190     05BA                     u1721:
  8191     05BA  2DAE               	goto	l2988
  8192     05BB                     u1720:
  8193     05BB                     l2992:
  8194     05BB  3001               	movlw	1
  8195     05BC                     u1735:
  8196     05BC  35A0               	lslf	___lldiv@quotient,f
  8197     05BD  0DA1               	rlf	___lldiv@quotient+1,f
  8198     05BE  0DA2               	rlf	___lldiv@quotient+2,f
  8199     05BF  0DA3               	rlf	___lldiv@quotient+3,f
  8200     05C0  0B89               	decfsz	9,f
  8201     05C1  2DBC               	goto	u1735
  8202     05C2                     l2994:
  8203     05C2  0875               	movf	___lldiv@divisor+3,w
  8204     05C3  0279               	subwf	___lldiv@dividend+3,w
  8205     05C4  1D03               	skipz
  8206     05C5  2DD0               	goto	u1745
  8207     05C6  0874               	movf	___lldiv@divisor+2,w
  8208     05C7  0278               	subwf	___lldiv@dividend+2,w
  8209     05C8  1D03               	skipz
  8210     05C9  2DD0               	goto	u1745
  8211     05CA  0873               	movf	___lldiv@divisor+1,w
  8212     05CB  0277               	subwf	___lldiv@dividend+1,w
  8213     05CC  1D03               	skipz
  8214     05CD  2DD0               	goto	u1745
  8215     05CE  0872               	movf	___lldiv@divisor,w
  8216     05CF  0276               	subwf	___lldiv@dividend,w
  8217     05D0                     u1745:
  8218     05D0  1C03               	skipc
  8219     05D1  2DD3               	goto	u1741
  8220     05D2  2DD4               	goto	u1740
  8221     05D3                     u1741:
  8222     05D3  2DDD               	goto	l3000
  8223     05D4                     u1740:
  8224     05D4                     l2996:
  8225     05D4  0872               	movf	___lldiv@divisor,w
  8226     05D5  02F6               	subwf	___lldiv@dividend,f
  8227     05D6  0873               	movf	___lldiv@divisor+1,w
  8228     05D7  3BF7               	subwfb	___lldiv@dividend+1,f
  8229     05D8  0874               	movf	___lldiv@divisor+2,w
  8230     05D9  3BF8               	subwfb	___lldiv@dividend+2,f
  8231     05DA  0875               	movf	___lldiv@divisor+3,w
  8232     05DB  3BF9               	subwfb	___lldiv@dividend+3,f
  8233     05DC                     l2998:
  8234     05DC  1420               	bsf	___lldiv@quotient,0
  8235     05DD                     l3000:
  8236     05DD  3001               	movlw	1
  8237     05DE                     u1755:
  8238     05DE  36F5               	lsrf	___lldiv@divisor+3,f
  8239     05DF  0CF4               	rrf	___lldiv@divisor+2,f
  8240     05E0  0CF3               	rrf	___lldiv@divisor+1,f
  8241     05E1  0CF2               	rrf	___lldiv@divisor,f
  8242     05E2  0B89               	decfsz	9,f
  8243     05E3  2DDE               	goto	u1755
  8244     05E4                     l3002:
  8245     05E4  3001               	movlw	1
  8246     05E5  02A4               	subwf	___lldiv@counter,f
  8247     05E6  1D03               	btfss	3,2
  8248     05E7  2DE9               	goto	u1761
  8249     05E8  2DEA               	goto	u1760
  8250     05E9                     u1761:
  8251     05E9  2DBB               	goto	l2992
  8252     05EA                     u1760:
  8253     05EA                     l3004:
  8254     05EA  0823               	movf	___lldiv@quotient+3,w
  8255     05EB  00F5               	movwf	?___lldiv+3
  8256     05EC  0822               	movf	___lldiv@quotient+2,w
  8257     05ED  00F4               	movwf	?___lldiv+2
  8258     05EE  0821               	movf	___lldiv@quotient+1,w
  8259     05EF  00F3               	movwf	?___lldiv+1
  8260     05F0  0820               	movf	___lldiv@quotient,w
  8261     05F1  00F2               	movwf	?___lldiv
  8262     05F2                     l1196:
  8263     05F2  0008               	return
  8264     05F3                     __end_of___lldiv:
  8265                           
  8266                           	psect	text11
  8267     053E                     __ptext11:	
  8268 ;; *************** function _read_prec_or_width *****************
  8269 ;; Defined at:
  8270 ;;		line 1158 in file "C:\Program Files\Microchip\xc8\v3.10\pic\sources\c99\common\doprnt.c"
  8271 ;; Parameters:    Size  Location     Type
  8272 ;;  fmt             1    8[COMMON] PTR PTR const unsigned c
  8273 ;;		 -> vfprintf@cfmt(2), 
  8274 ;;  ap              1    9[COMMON] PTR PTR void [1]
  8275 ;;		 -> sprintf@ap(1), 
  8276 ;; Auto vars:     Size  Location     Type
  8277 ;;  c               1    3[BANK0 ] unsigned char 
  8278 ;;  n               2    4[BANK0 ] int 
  8279 ;; Return value:  Size  Location     Type
  8280 ;;                  2    8[COMMON] int 
  8281 ;; Registers used:
  8282 ;;		wreg, fsr0l, fsr0h, fsr1l, fsr1h, status,2, status,0, pclath, cstack
  8283 ;; Tracked objects:
  8284 ;;		On entry : 0/0
  8285 ;;		On exit  : 0/0
  8286 ;;		Unchanged: 0/0
  8287 ;; Data sizes:     COMMON   BANK0   BANK1   BANK2   BANK3   BANK4   BANK5   BANK6   BANK7   BANK8   BANK9  BANK10  BANK1
      +1  BANK12
  8288 ;;      Params:         2       0       0       0       0       0       0       0       0       0       0       0       
      +0       0
  8289 ;;      Locals:         0       3       0       0       0       0       0       0       0       0       0       0       
      +0       0
  8290 ;;      Temps:          0       3       0       0       0       0       0       0       0       0       0       0       
      +0       0
  8291 ;;      Totals:         2       6       0       0       0       0       0       0       0       0       0       0       
      +0       0
  8292 ;;Total ram usage:        8 bytes
  8293 ;; Hardware stack levels used: 1
  8294 ;; Hardware stack levels required when called: 4
  8295 ;; This function calls:
  8296 ;;		___wmul
  8297 ;; This function is called by:
  8298 ;;		_vfpfcnvrt
  8299 ;; This function uses a non-reentrant model
  8300 ;;
  8301                           
  8302     053E                     _read_prec_or_width:	
  8303                           ;psect for function _read_prec_or_width
  8304                           
  8305     053E                     l3104:	
  8306                           ;incstack = 0
  8307                           ; Regs used in _read_prec_or_width: [wreg-fsr1h+status,2+status,0+pclath+cstack]
  8308                           
  8309                           
  8310                           ;C:\Program Files\Microchip\xc8\v3.10\pic\sources\c99\common\doprnt.c: 1159:     int n =
      +                           0;
  8311     053E  0020               	movlb	0	; select bank0
  8312     053F  01A4               	clrf	read_prec_or_width@n
  8313     0540  01A5               	clrf	read_prec_or_width@n+1
  8314     0541                     l3106:
  8315                           
  8316                           ;C:\Program Files\Microchip\xc8\v3.10\pic\sources\c99\common\doprnt.c: 1160:     if ((*f
      +                          mt)[0] == '*') {
  8317     0541  0878               	movf	read_prec_or_width@fmt,w
  8318     0542  0086               	movwf	6
  8319     0543  0187               	clrf	7
  8320     0544  3F40               	moviw [0]fsr1
  8321     0545  00A0               	movwf	??_read_prec_or_width
  8322     0546  3F41               	moviw [1]fsr1
  8323     0547  00A1               	movwf	??_read_prec_or_width+1
  8324     0548  0820               	movf	??_read_prec_or_width,w
  8325     0549  0084               	movwf	4
  8326     054A  0821               	movf	??_read_prec_or_width+1,w
  8327     054B  0085               	movwf	5
  8328     054C  0012               	moviw fsr0++
  8329     054D  3A2A               	xorlw	42
  8330     054E  1D03               	btfss	3,2
  8331     054F  2D51               	goto	u2011
  8332     0550  2D52               	goto	u2010
  8333     0551                     u2011:
  8334     0551  2D81               	goto	l3116
  8335     0552                     u2010:
  8336     0552                     l3108:
  8337                           
  8338                           ;C:\Program Files\Microchip\xc8\v3.10\pic\sources\c99\common\doprnt.c: 1161:         ++*
      +                          fmt;
  8339     0552  0878               	movf	read_prec_or_width@fmt,w
  8340     0553  0086               	movwf	6
  8341     0554  0187               	clrf	7
  8342     0555  3001               	movlw	1
  8343     0556  0781               	addwf	1,f
  8344     0557  3141               	addfsr 1,1
  8345     0558  1803               	skipnc
  8346     0559  0A81               	incf	1,f
  8347     055A                     l3110:
  8348                           
  8349                           ;C:\Program Files\Microchip\xc8\v3.10\pic\sources\c99\common\doprnt.c: 1162:         n =
      +                           (*(int *)__va_arg(*(int **)*ap, (int)0));
  8350     055A  0879               	movf	read_prec_or_width@ap,w
  8351     055B  0086               	movwf	6
  8352     055C  0187               	clrf	7
  8353     055D  0801               	movf	1,w
  8354     055E  0084               	movwf	4
  8355     055F  0185               	clrf	5
  8356     0560  3002               	movlw	2
  8357     0561  0781               	addwf	1,f
  8358     0562  3F00               	moviw [0]fsr0
  8359     0563  00A4               	movwf	read_prec_or_width@n
  8360     0564  3F01               	moviw [1]fsr0
  8361     0565  00A5               	movwf	read_prec_or_width@n+1
  8362                           
  8363                           ;C:\Program Files\Microchip\xc8\v3.10\pic\sources\c99\common\doprnt.c: 1163:     } else 
      +                          {
  8364     0566  2D95               	goto	l3118
  8365     0567                     l3112:
  8366                           
  8367                           ;C:\Program Files\Microchip\xc8\v3.10\pic\sources\c99\common\doprnt.c: 1166:            
      +                           n = n * 10 + c;
  8368     0567  0825               	movf	read_prec_or_width@n+1,w
  8369     0568  00F3               	movwf	___wmul@multiplier+1
  8370     0569  0824               	movf	read_prec_or_width@n,w
  8371     056A  00F2               	movwf	___wmul@multiplier
  8372     056B  300A               	movlw	10
  8373     056C  00F4               	movwf	___wmul@multiplicand
  8374     056D  3000               	movlw	0
  8375     056E  00F5               	movwf	___wmul@multiplicand+1
  8376     056F  318F  27E1  3185   	fcall	___wmul
  8377     0572  0020               	movlb	0	; select bank0
  8378     0573  0823               	movf	read_prec_or_width@c,w
  8379     0574  0772               	addwf	?___wmul,w
  8380     0575  00A4               	movwf	read_prec_or_width@n
  8381     0576  3000               	movlw	0
  8382     0577  3D73               	addwfc	?___wmul+1,w
  8383     0578  00A5               	movwf	read_prec_or_width@n+1
  8384     0579                     l3114:
  8385                           
  8386                           ;C:\Program Files\Microchip\xc8\v3.10\pic\sources\c99\common\doprnt.c: 1167:            
      +                           ++*fmt;
  8387     0579  0878               	movf	read_prec_or_width@fmt,w
  8388     057A  0086               	movwf	6
  8389     057B  0187               	clrf	7
  8390     057C  3001               	movlw	1
  8391     057D  0781               	addwf	1,f
  8392     057E  3141               	addfsr 1,1
  8393     057F  1803               	skipnc
  8394     0580  0A81               	incf	1,f
  8395     0581                     l3116:
  8396                           
  8397                           ;C:\Program Files\Microchip\xc8\v3.10\pic\sources\c99\common\doprnt.c: 1165:         whi
      +                          le ((c = ((unsigned)(*fmt)[0]) - '0') < 10) {
  8398     0581  0878               	movf	read_prec_or_width@fmt,w
  8399     0582  0086               	movwf	6
  8400     0583  0187               	clrf	7
  8401     0584  3F40               	moviw [0]fsr1
  8402     0585  00A0               	movwf	??_read_prec_or_width
  8403     0586  3F41               	moviw [1]fsr1
  8404     0587  00A1               	movwf	??_read_prec_or_width+1
  8405     0588  0820               	movf	??_read_prec_or_width,w
  8406     0589  0084               	movwf	4
  8407     058A  0821               	movf	??_read_prec_or_width+1,w
  8408     058B  0085               	movwf	5
  8409     058C  0800               	movf	0,w	;code access
  8410     058D  3ED0               	addlw	208
  8411     058E  00A3               	movwf	read_prec_or_width@c
  8412     058F  300A               	movlw	10
  8413     0590  0223               	subwf	read_prec_or_width@c,w
  8414     0591  1C03               	skipc
  8415     0592  2D94               	goto	u2021
  8416     0593  2D95               	goto	u2020
  8417     0594                     u2021:
  8418     0594  2D67               	goto	l3112
  8419     0595                     u2020:
  8420     0595                     l3118:
  8421                           
  8422                           ;C:\Program Files\Microchip\xc8\v3.10\pic\sources\c99\common\doprnt.c: 1170:     return 
      +                          n;
  8423     0595  0825               	movf	read_prec_or_width@n+1,w
  8424     0596  00F9               	movwf	?_read_prec_or_width+1
  8425     0597  0824               	movf	read_prec_or_width@n,w
  8426     0598  00F8               	movwf	?_read_prec_or_width
  8427     0599                     l1664:
  8428     0599  0008               	return
  8429     059A                     __end_of_read_prec_or_width:
  8430                           
  8431                           	psect	text12
  8432     0FE1                     __ptext12:	
  8433 ;; *************** function ___wmul *****************
  8434 ;; Defined at:
  8435 ;;		line 15 in file "C:\Program Files\Microchip\xc8\v3.10\pic\sources\c99\common\Umul16.c"
  8436 ;; Parameters:    Size  Location     Type
  8437 ;;  multiplier      2    2[COMMON] unsigned int 
  8438 ;;  multiplicand    2    4[COMMON] unsigned int 
  8439 ;; Auto vars:     Size  Location     Type
  8440 ;;  product         2    6[COMMON] unsigned int 
  8441 ;; Return value:  Size  Location     Type
  8442 ;;                  2    2[COMMON] unsigned int 
  8443 ;; Registers used:
  8444 ;;		wreg, status,2, status,0
  8445 ;; Tracked objects:
  8446 ;;		On entry : 0/0
  8447 ;;		On exit  : 0/0
  8448 ;;		Unchanged: 0/0
  8449 ;; Data sizes:     COMMON   BANK0   BANK1   BANK2   BANK3   BANK4   BANK5   BANK6   BANK7   BANK8   BANK9  BANK10  BANK1
      +1  BANK12
  8450 ;;      Params:         4       0       0       0       0       0       0       0       0       0       0       0       
      +0       0
  8451 ;;      Locals:         2       0       0       0       0       0       0       0       0       0       0       0       
      +0       0
  8452 ;;      Temps:          0       0       0       0       0       0       0       0       0       0       0       0       
      +0       0
  8453 ;;      Totals:         6       0       0       0       0       0       0       0       0       0       0       0       
      +0       0
  8454 ;;Total ram usage:        6 bytes
  8455 ;; Hardware stack levels used: 1
  8456 ;; Hardware stack levels required when called: 3
  8457 ;; This function calls:
  8458 ;;		Nothing
  8459 ;; This function is called by:
  8460 ;;		_read_prec_or_width
  8461 ;; This function uses a non-reentrant model
  8462 ;;
  8463                           
  8464     0FE1                     ___wmul:	
  8465                           ;psect for function ___wmul
  8466                           
  8467     0FE1                     l2970:	
  8468                           ;incstack = 0
  8469                           ; Regs used in ___wmul: [wreg+status,2+status,0]
  8470                           
  8471     0FE1  01F6               	clrf	___wmul@product
  8472     0FE2  01F7               	clrf	___wmul@product+1
  8473     0FE3                     l2972:
  8474     0FE3  1C72               	btfss	___wmul@multiplier,0
  8475     0FE4  2FE6               	goto	u1661
  8476     0FE5  2FE7               	goto	u1660
  8477     0FE6                     u1661:
  8478     0FE6  2FEB               	goto	l1160
  8479     0FE7                     u1660:
  8480     0FE7                     l2974:
  8481     0FE7  0874               	movf	___wmul@multiplicand,w
  8482     0FE8  07F6               	addwf	___wmul@product,f
  8483     0FE9  0875               	movf	___wmul@multiplicand+1,w
  8484     0FEA  3DF7               	addwfc	___wmul@product+1,f
  8485     0FEB                     l1160:
  8486     0FEB  3001               	movlw	1
  8487     0FEC                     u1675:
  8488     0FEC  35F4               	lslf	___wmul@multiplicand,f
  8489     0FED  0DF5               	rlf	___wmul@multiplicand+1,f
  8490     0FEE  0B89               	decfsz	9,f
  8491     0FEF  2FEC               	goto	u1675
  8492     0FF0                     l2976:
  8493     0FF0  3001               	movlw	1
  8494     0FF1                     u1685:
  8495     0FF1  36F3               	lsrf	___wmul@multiplier+1,f
  8496     0FF2  0CF2               	rrf	___wmul@multiplier,f
  8497     0FF3  0B89               	decfsz	9,f
  8498     0FF4  2FF1               	goto	u1685
  8499     0FF5                     l2978:
  8500     0FF5  0872               	movf	___wmul@multiplier,w
  8501     0FF6  0473               	iorwf	___wmul@multiplier+1,w
  8502     0FF7  1D03               	btfss	3,2
  8503     0FF8  2FFA               	goto	u1691
  8504     0FF9  2FFB               	goto	u1690
  8505     0FFA                     u1691:
  8506     0FFA  2FE3               	goto	l2972
  8507     0FFB                     u1690:
  8508     0FFB                     l2980:
  8509     0FFB  0877               	movf	___wmul@product+1,w
  8510     0FFC  00F3               	movwf	?___wmul+1
  8511     0FFD  0876               	movf	___wmul@product,w
  8512     0FFE  00F2               	movwf	?___wmul
  8513     0FFF                     l1162:
  8514     0FFF  0008               	return
  8515     1000                     __end_of___wmul:
  8516                           
  8517                           	psect	text13
  8518     0F42                     __ptext13:	
  8519 ;; *************** function _SYSTEM_Initialize *****************
  8520 ;; Defined at:
  8521 ;;		line 50 in file "mcc_generated_files/mcc.c"
  8522 ;; Parameters:    Size  Location     Type
  8523 ;;		None
  8524 ;; Auto vars:     Size  Location     Type
  8525 ;;		None
  8526 ;; Return value:  Size  Location     Type
  8527 ;;                  1    wreg      void 
  8528 ;; Registers used:
  8529 ;;		wreg, status,2, status,0, pclath, cstack
  8530 ;; Tracked objects:
  8531 ;;		On entry : 0/0
  8532 ;;		On exit  : 0/0
  8533 ;;		Unchanged: 0/0
  8534 ;; Data sizes:     COMMON   BANK0   BANK1   BANK2   BANK3   BANK4   BANK5   BANK6   BANK7   BANK8   BANK9  BANK10  BANK1
      +1  BANK12
  8535 ;;      Params:         0       0       0       0       0       0       0       0       0       0       0       0       
      +0       0
  8536 ;;      Locals:         0       0       0       0       0       0       0       0       0       0       0       0       
      +0       0
  8537 ;;      Temps:          0       0       0       0       0       0       0       0       0       0       0       0       
      +0       0
  8538 ;;      Totals:         0       0       0       0       0       0       0       0       0       0       0       0       
      +0       0
  8539 ;;Total ram usage:        0 bytes
  8540 ;; Hardware stack levels used: 1
  8541 ;; Hardware stack levels required when called: 5
  8542 ;; This function calls:
  8543 ;;		_CLKREF_Initialize
  8544 ;;		_I2C1_Initialize
  8545 ;;		_OSCILLATOR_Initialize
  8546 ;;		_PIN_MANAGER_Initialize
  8547 ;;		_PMD_Initialize
  8548 ;;		_TMR1_Initialize
  8549 ;; This function is called by:
  8550 ;;		_main
  8551 ;; This function uses a non-reentrant model
  8552 ;;
  8553                           
  8554     0F42                     _SYSTEM_Initialize:	
  8555                           ;psect for function _SYSTEM_Initialize
  8556                           
  8557     0F42                     l3498:	
  8558                           ;incstack = 0
  8559                           ; Regs used in _SYSTEM_Initialize: [wreg+status,2+status,0+pclath+cstack]
  8560                           
  8561                           
  8562                           ;mcc_generated_files/mcc.c: 52:     PMD_Initialize();
  8563     0F42  318E  26F3  318F   	fcall	_PMD_Initialize
  8564                           
  8565                           ;mcc_generated_files/mcc.c: 53:     I2C1_Initialize();
  8566     0F45  318F  2704  318F   	fcall	_I2C1_Initialize
  8567                           
  8568                           ;mcc_generated_files/mcc.c: 54:     PIN_MANAGER_Initialize();
  8569     0F48  3187  2724  318F   	fcall	_PIN_MANAGER_Initialize
  8570                           
  8571                           ;mcc_generated_files/mcc.c: 55:     OSCILLATOR_Initialize();
  8572     0F4B  318E  26FB  318F   	fcall	_OSCILLATOR_Initialize
  8573     0F4E                     l3500:
  8574                           
  8575                           ;mcc_generated_files/mcc.c: 56:     TMR1_Initialize();
  8576     0F4E  318F  27C2  318F   	fcall	_TMR1_Initialize
  8577     0F51                     l3502:
  8578                           
  8579                           ;mcc_generated_files/mcc.c: 57:     CLKREF_Initialize();
  8580     0F51  318E  26D3  318F   	fcall	_CLKREF_Initialize
  8581     0F54                     l398:
  8582     0F54  0008               	return
  8583     0F55                     __end_of_SYSTEM_Initialize:
  8584                           
  8585                           	psect	text14
  8586     0FC2                     __ptext14:	
  8587 ;; *************** function _TMR1_Initialize *****************
  8588 ;; Defined at:
  8589 ;;		line 64 in file "mcc_generated_files/tmr1.c"
  8590 ;; Parameters:    Size  Location     Type
  8591 ;;		None
  8592 ;; Auto vars:     Size  Location     Type
  8593 ;;		None
  8594 ;; Return value:  Size  Location     Type
  8595 ;;                  1    wreg      void 
  8596 ;; Registers used:
  8597 ;;		wreg, status,2, status,0, pclath, cstack
  8598 ;; Tracked objects:
  8599 ;;		On entry : 0/0
  8600 ;;		On exit  : 0/0
  8601 ;;		Unchanged: 0/0
  8602 ;; Data sizes:     COMMON   BANK0   BANK1   BANK2   BANK3   BANK4   BANK5   BANK6   BANK7   BANK8   BANK9  BANK10  BANK1
      +1  BANK12
  8603 ;;      Params:         0       0       0       0       0       0       0       0       0       0       0       0       
      +0       0
  8604 ;;      Locals:         0       0       0       0       0       0       0       0       0       0       0       0       
      +0       0
  8605 ;;      Temps:          0       0       0       0       0       0       0       0       0       0       0       0       
      +0       0
  8606 ;;      Totals:         0       0       0       0       0       0       0       0       0       0       0       0       
      +0       0
  8607 ;;Total ram usage:        0 bytes
  8608 ;; Hardware stack levels used: 1
  8609 ;; Hardware stack levels required when called: 4
  8610 ;; This function calls:
  8611 ;;		_TMR1_SetInterruptHandler
  8612 ;; This function is called by:
  8613 ;;		_SYSTEM_Initialize
  8614 ;; This function uses a non-reentrant model
  8615 ;;
  8616                           
  8617     0FC2                     _TMR1_Initialize:	
  8618                           ;psect for function _TMR1_Initialize
  8619                           
  8620     0FC2                     l3388:	
  8621                           ;incstack = 0
  8622                           ; Regs used in _TMR1_Initialize: [wreg+status,2+status,0+pclath+cstack]
  8623                           
  8624                           
  8625                           ;mcc_generated_files/tmr1.c: 69:     T1GCON = 0x00;
  8626     0FC2  0024               	movlb	4	; select bank4
  8627     0FC3  018F               	clrf	15	;volatile
  8628                           
  8629                           ;mcc_generated_files/tmr1.c: 72:     T1GATE = 0x00;
  8630     0FC4  0190               	clrf	16	;volatile
  8631     0FC5                     l3390:
  8632                           
  8633                           ;mcc_generated_files/tmr1.c: 75:     T1CLK = 0x06;
  8634     0FC5  3006               	movlw	6
  8635     0FC6  0091               	movwf	17	;volatile
  8636     0FC7                     l3392:
  8637                           
  8638                           ;mcc_generated_files/tmr1.c: 78:     TMR1H = 0xF0;
  8639     0FC7  30F0               	movlw	240
  8640     0FC8  008D               	movwf	13	;volatile
  8641                           
  8642                           ;mcc_generated_files/tmr1.c: 81:     TMR1L = 0x00;
  8643     0FC9  018C               	clrf	12	;volatile
  8644     0FCA                     l3394:
  8645                           
  8646                           ;mcc_generated_files/tmr1.c: 84:     PIR4bits.TMR1IF = 0;
  8647     0FCA  002E               	movlb	14	; select bank14
  8648     0FCB  1010               	bcf	16,0	;volatile
  8649     0FCC                     l3396:
  8650                           
  8651                           ;mcc_generated_files/tmr1.c: 87:     timer1ReloadVal=(uint16_t)((TMR1H << 8) | TMR1L);
  8652     0FCC  0024               	movlb	4	; select bank4
  8653     0FCD  080D               	movf	13,w	;volatile
  8654     0FCE  0021               	movlb	1	; select bank1
  8655     0FCF  00C2               	movwf	(_timer1ReloadVal+1)^(0+128)	;volatile
  8656     0FD0  0024               	movlb	4	; select bank4
  8657     0FD1  080C               	movf	12,w	;volatile
  8658     0FD2  0021               	movlb	1	; select bank1
  8659     0FD3  00C1               	movwf	_timer1ReloadVal^(0+128)	;volatile
  8660     0FD4                     l3398:
  8661                           
  8662                           ;mcc_generated_files/tmr1.c: 90:     PIE4bits.TMR1IE = 1;
  8663     0FD4  002E               	movlb	14	; select bank14
  8664     0FD5  141A               	bsf	26,0	;volatile
  8665     0FD6                     l3400:
  8666                           
  8667                           ;mcc_generated_files/tmr1.c: 93:     TMR1_SetInterruptHandler(TMR1_DefaultInterruptHandl
      +                          er);
  8668     0FD6  30CF               	movlw	low _TMR1_DefaultInterruptHandler
  8669     0FD7  00F2               	movwf	TMR1_SetInterruptHandler@InterruptHandler
  8670     0FD8  300E               	movlw	high _TMR1_DefaultInterruptHandler
  8671     0FD9  00F3               	movwf	TMR1_SetInterruptHandler@InterruptHandler+1
  8672     0FDA  318E  26D8  318F   	fcall	_TMR1_SetInterruptHandler
  8673     0FDD                     l3402:
  8674                           
  8675                           ;mcc_generated_files/tmr1.c: 96:     T1CON = 0x31;
  8676     0FDD  3031               	movlw	49
  8677     0FDE  0024               	movlb	4	; select bank4
  8678     0FDF  008E               	movwf	14	;volatile
  8679     0FE0                     l879:
  8680     0FE0  0008               	return
  8681     0FE1                     __end_of_TMR1_Initialize:
  8682                           
  8683                           	psect	text15
  8684     0ED8                     __ptext15:	
  8685 ;; *************** function _TMR1_SetInterruptHandler *****************
  8686 ;; Defined at:
  8687 ;;		line 178 in file "mcc_generated_files/tmr1.c"
  8688 ;; Parameters:    Size  Location     Type
  8689 ;;  InterruptHan    2    2[COMMON] PTR FTN()void 
  8690 ;;		 -> TMR1_DefaultInterruptHandler(1), 
  8691 ;; Auto vars:     Size  Location     Type
  8692 ;;		None
  8693 ;; Return value:  Size  Location     Type
  8694 ;;                  1    wreg      void 
  8695 ;; Registers used:
  8696 ;;		wreg
  8697 ;; Tracked objects:
  8698 ;;		On entry : 0/0
  8699 ;;		On exit  : 0/0
  8700 ;;		Unchanged: 0/0
  8701 ;; Data sizes:     COMMON   BANK0   BANK1   BANK2   BANK3   BANK4   BANK5   BANK6   BANK7   BANK8   BANK9  BANK10  BANK1
      +1  BANK12
  8702 ;;      Params:         2       0       0       0       0       0       0       0       0       0       0       0       
      +0       0
  8703 ;;      Locals:         0       0       0       0       0       0       0       0       0       0       0       0       
      +0       0
  8704 ;;      Temps:          0       0       0       0       0       0       0       0       0       0       0       0       
      +0       0
  8705 ;;      Totals:         2       0       0       0       0       0       0       0       0       0       0       0       
      +0       0
  8706 ;;Total ram usage:        2 bytes
  8707 ;; Hardware stack levels used: 1
  8708 ;; Hardware stack levels required when called: 3
  8709 ;; This function calls:
  8710 ;;		Nothing
  8711 ;; This function is called by:
  8712 ;;		_TMR1_Initialize
  8713 ;; This function uses a non-reentrant model
  8714 ;;
  8715                           
  8716     0ED8                     _TMR1_SetInterruptHandler:	
  8717                           ;psect for function _TMR1_SetInterruptHandler
  8718                           
  8719     0ED8                     l3168:	
  8720                           ;incstack = 0
  8721                           ; Regs used in _TMR1_SetInterruptHandler: [wreg]
  8722                           
  8723                           
  8724                           ;mcc_generated_files/tmr1.c: 179:     TMR1_InterruptHandler = InterruptHandler;
  8725     0ED8  0873               	movf	TMR1_SetInterruptHandler@InterruptHandler+1,w
  8726     0ED9  0021               	movlb	1	; select bank1
  8727     0EDA  00E9               	movwf	(_TMR1_InterruptHandler+1)^(0+128)
  8728     0EDB  0872               	movf	TMR1_SetInterruptHandler@InterruptHandler,w
  8729     0EDC  00E8               	movwf	_TMR1_InterruptHandler^(0+128)
  8730     0EDD                     l909:
  8731     0EDD  0008               	return
  8732     0EDE                     __end_of_TMR1_SetInterruptHandler:
  8733                           
  8734                           	psect	text16
  8735     0EF3                     __ptext16:	
  8736 ;; *************** function _PMD_Initialize *****************
  8737 ;; Defined at:
  8738 ;;		line 74 in file "mcc_generated_files/mcc.c"
  8739 ;; Parameters:    Size  Location     Type
  8740 ;;		None
  8741 ;; Auto vars:     Size  Location     Type
  8742 ;;		None
  8743 ;; Return value:  Size  Location     Type
  8744 ;;                  1    wreg      void 
  8745 ;; Registers used:
  8746 ;;		status,2
  8747 ;; Tracked objects:
  8748 ;;		On entry : 0/0
  8749 ;;		On exit  : 0/0
  8750 ;;		Unchanged: 0/0
  8751 ;; Data sizes:     COMMON   BANK0   BANK1   BANK2   BANK3   BANK4   BANK5   BANK6   BANK7   BANK8   BANK9  BANK10  BANK1
      +1  BANK12
  8752 ;;      Params:         0       0       0       0       0       0       0       0       0       0       0       0       
      +0       0
  8753 ;;      Locals:         0       0       0       0       0       0       0       0       0       0       0       0       
      +0       0
  8754 ;;      Temps:          0       0       0       0       0       0       0       0       0       0       0       0       
      +0       0
  8755 ;;      Totals:         0       0       0       0       0       0       0       0       0       0       0       0       
      +0       0
  8756 ;;Total ram usage:        0 bytes
  8757 ;; Hardware stack levels used: 1
  8758 ;; Hardware stack levels required when called: 3
  8759 ;; This function calls:
  8760 ;;		Nothing
  8761 ;; This function is called by:
  8762 ;;		_SYSTEM_Initialize
  8763 ;; This function uses a non-reentrant model
  8764 ;;
  8765                           
  8766     0EF3                     _PMD_Initialize:	
  8767                           ;psect for function _PMD_Initialize
  8768                           
  8769     0EF3                     l3320:	
  8770                           ;incstack = 0
  8771                           ; Regs used in _PMD_Initialize: [status,2]
  8772                           
  8773                           
  8774                           ;mcc_generated_files/mcc.c: 77:     PMD0 = 0x00;
  8775     0EF3  002F               	movlb	15	; select bank15
  8776     0EF4  0196               	clrf	22	;volatile
  8777                           
  8778                           ;mcc_generated_files/mcc.c: 79:     PMD1 = 0x00;
  8779     0EF5  0197               	clrf	23	;volatile
  8780                           
  8781                           ;mcc_generated_files/mcc.c: 81:     PMD2 = 0x00;
  8782     0EF6  0198               	clrf	24	;volatile
  8783                           
  8784                           ;mcc_generated_files/mcc.c: 83:     PMD3 = 0x00;
  8785     0EF7  0199               	clrf	25	;volatile
  8786                           
  8787                           ;mcc_generated_files/mcc.c: 85:     PMD4 = 0x00;
  8788     0EF8  019A               	clrf	26	;volatile
  8789                           
  8790                           ;mcc_generated_files/mcc.c: 87:     PMD5 = 0x00;
  8791     0EF9  019B               	clrf	27	;volatile
  8792     0EFA                     l404:
  8793     0EFA  0008               	return
  8794     0EFB                     __end_of_PMD_Initialize:
  8795                           
  8796                           	psect	text17
  8797     0724                     __ptext17:	
  8798 ;; *************** function _PIN_MANAGER_Initialize *****************
  8799 ;; Defined at:
  8800 ;;		line 55 in file "mcc_generated_files/pin_manager.c"
  8801 ;; Parameters:    Size  Location     Type
  8802 ;;		None
  8803 ;; Auto vars:     Size  Location     Type
  8804 ;;		None
  8805 ;; Return value:  Size  Location     Type
  8806 ;;                  1    wreg      void 
  8807 ;; Registers used:
  8808 ;;		status,2
  8809 ;; Tracked objects:
  8810 ;;		On entry : 0/0
  8811 ;;		On exit  : 0/0
  8812 ;;		Unchanged: 0/0
  8813 ;; Data sizes:     COMMON   BANK0   BANK1   BANK2   BANK3   BANK4   BANK5   BANK6   BANK7   BANK8   BANK9  BANK10  BANK1
      +1  BANK12
  8814 ;;      Params:         0       0       0       0       0       0       0       0       0       0       0       0       
      +0       0
  8815 ;;      Locals:         0       0       0       0       0       0       0       0       0       0       0       0       
      +0       0
  8816 ;;      Temps:          0       0       0       0       0       0       0       0       0       0       0       0       
      +0       0
  8817 ;;      Totals:         0       0       0       0       0       0       0       0       0       0       0       0       
      +0       0
  8818 ;;Total ram usage:        0 bytes
  8819 ;; Hardware stack levels used: 1
  8820 ;; Hardware stack levels required when called: 3
  8821 ;; This function calls:
  8822 ;;		Nothing
  8823 ;; This function is called by:
  8824 ;;		_SYSTEM_Initialize
  8825 ;; This function uses a non-reentrant model
  8826 ;;
  8827                           
  8828     0724                     _PIN_MANAGER_Initialize:	
  8829                           ;psect for function _PIN_MANAGER_Initialize
  8830                           
  8831     0724                     l3330:	
  8832                           ;incstack = 0
  8833                           ; Regs used in _PIN_MANAGER_Initialize: [status,2]
  8834                           
  8835                           
  8836                           ;mcc_generated_files/pin_manager.c: 60:     LATE = 0x00;
  8837     0724  0020               	movlb	0	; select bank0
  8838     0725  019A               	clrf	26	;volatile
  8839                           
  8840                           ;mcc_generated_files/pin_manager.c: 61:     LATD = 0x00;
  8841     0726  0199               	clrf	25	;volatile
  8842                           
  8843                           ;mcc_generated_files/pin_manager.c: 62:     LATA = 0x00;
  8844     0727  0196               	clrf	22	;volatile
  8845                           
  8846                           ;mcc_generated_files/pin_manager.c: 63:     LATB = 0x00;
  8847     0728  0197               	clrf	23	;volatile
  8848                           
  8849                           ;mcc_generated_files/pin_manager.c: 64:     LATC = 0x00;
  8850     0729  0198               	clrf	24	;volatile
  8851     072A                     l3332:
  8852                           
  8853                           ;mcc_generated_files/pin_manager.c: 69:     TRISE = 0x07;
  8854     072A  3007               	movlw	7
  8855     072B  0095               	movwf	21	;volatile
  8856     072C                     l3334:
  8857                           
  8858                           ;mcc_generated_files/pin_manager.c: 70:     TRISA = 0x7F;
  8859     072C  307F               	movlw	127
  8860     072D  0091               	movwf	17	;volatile
  8861     072E                     l3336:
  8862                           
  8863                           ;mcc_generated_files/pin_manager.c: 71:     TRISB = 0xFF;
  8864     072E  30FF               	movlw	255
  8865     072F  0092               	movwf	18	;volatile
  8866     0730                     l3338:
  8867                           
  8868                           ;mcc_generated_files/pin_manager.c: 72:     TRISC = 0xFF;
  8869     0730  30FF               	movlw	255
  8870     0731  0093               	movwf	19	;volatile
  8871     0732                     l3340:
  8872                           
  8873                           ;mcc_generated_files/pin_manager.c: 73:     TRISD = 0xFF;
  8874     0732  30FF               	movlw	255
  8875     0733  0094               	movwf	20	;volatile
  8876     0734                     l3342:
  8877                           
  8878                           ;mcc_generated_files/pin_manager.c: 78:     ANSELD = 0xFF;
  8879     0734  30FF               	movlw	255
  8880     0735  003E               	movlb	30	; select bank30
  8881     0736  00D9               	movwf	89	;volatile
  8882     0737                     l3344:
  8883                           
  8884                           ;mcc_generated_files/pin_manager.c: 79:     ANSELC = 0xE7;
  8885     0737  30E7               	movlw	231
  8886     0738  00CE               	movwf	78	;volatile
  8887     0739                     l3346:
  8888                           
  8889                           ;mcc_generated_files/pin_manager.c: 80:     ANSELB = 0xFF;
  8890     0739  30FF               	movlw	255
  8891     073A  00C3               	movwf	67	;volatile
  8892     073B                     l3348:
  8893                           
  8894                           ;mcc_generated_files/pin_manager.c: 81:     ANSELE = 0x07;
  8895     073B  3007               	movlw	7
  8896     073C  00E4               	movwf	100	;volatile
  8897     073D                     l3350:
  8898                           
  8899                           ;mcc_generated_files/pin_manager.c: 82:     ANSELA = 0xFF;
  8900     073D  30FF               	movlw	255
  8901     073E  00B8               	movwf	56	;volatile
  8902                           
  8903                           ;mcc_generated_files/pin_manager.c: 87:     WPUD = 0x00;
  8904     073F  01DA               	clrf	90	;volatile
  8905                           
  8906                           ;mcc_generated_files/pin_manager.c: 88:     WPUE = 0x00;
  8907     0740  01E5               	clrf	101	;volatile
  8908                           
  8909                           ;mcc_generated_files/pin_manager.c: 89:     WPUB = 0x00;
  8910     0741  01C4               	clrf	68	;volatile
  8911                           
  8912                           ;mcc_generated_files/pin_manager.c: 90:     WPUA = 0x00;
  8913     0742  01B9               	clrf	57	;volatile
  8914     0743                     l3352:
  8915                           
  8916                           ;mcc_generated_files/pin_manager.c: 91:     WPUC = 0x18;
  8917     0743  3018               	movlw	24
  8918     0744  00CF               	movwf	79	;volatile
  8919                           
  8920                           ;mcc_generated_files/pin_manager.c: 96:     ODCONE = 0x00;
  8921     0745  01E6               	clrf	102	;volatile
  8922                           
  8923                           ;mcc_generated_files/pin_manager.c: 97:     ODCONA = 0x00;
  8924     0746  01BA               	clrf	58	;volatile
  8925                           
  8926                           ;mcc_generated_files/pin_manager.c: 98:     ODCONB = 0x00;
  8927     0747  01C5               	clrf	69	;volatile
  8928                           
  8929                           ;mcc_generated_files/pin_manager.c: 99:     ODCONC = 0x00;
  8930     0748  01D0               	clrf	80	;volatile
  8931                           
  8932                           ;mcc_generated_files/pin_manager.c: 100:     ODCOND = 0x00;
  8933     0749  01DB               	clrf	91	;volatile
  8934     074A                     l3354:
  8935                           
  8936                           ;mcc_generated_files/pin_manager.c: 105:     SLRCONA = 0xFF;
  8937     074A  30FF               	movlw	255
  8938     074B  00BB               	movwf	59	;volatile
  8939     074C                     l3356:
  8940                           
  8941                           ;mcc_generated_files/pin_manager.c: 106:     SLRCONB = 0xFF;
  8942     074C  30FF               	movlw	255
  8943     074D  00C6               	movwf	70	;volatile
  8944     074E                     l3358:
  8945                           
  8946                           ;mcc_generated_files/pin_manager.c: 107:     SLRCONC = 0xFF;
  8947     074E  30FF               	movlw	255
  8948     074F  00D1               	movwf	81	;volatile
  8949     0750                     l3360:
  8950                           
  8951                           ;mcc_generated_files/pin_manager.c: 108:     SLRCOND = 0xFF;
  8952     0750  30FF               	movlw	255
  8953     0751  00DC               	movwf	92	;volatile
  8954     0752                     l3362:
  8955                           
  8956                           ;mcc_generated_files/pin_manager.c: 109:     SLRCONE = 0x07;
  8957     0752  3007               	movlw	7
  8958     0753  00E7               	movwf	103	;volatile
  8959     0754                     l3364:
  8960                           
  8961                           ;mcc_generated_files/pin_manager.c: 114:     INLVLA = 0xFF;
  8962     0754  30FF               	movlw	255
  8963     0755  00BC               	movwf	60	;volatile
  8964     0756                     l3366:
  8965                           
  8966                           ;mcc_generated_files/pin_manager.c: 115:     INLVLB = 0xFF;
  8967     0756  30FF               	movlw	255
  8968     0757  00C7               	movwf	71	;volatile
  8969     0758                     l3368:
  8970                           
  8971                           ;mcc_generated_files/pin_manager.c: 116:     INLVLC = 0xFF;
  8972     0758  30FF               	movlw	255
  8973     0759  00D2               	movwf	82	;volatile
  8974     075A                     l3370:
  8975                           
  8976                           ;mcc_generated_files/pin_manager.c: 117:     INLVLD = 0xFF;
  8977     075A  30FF               	movlw	255
  8978     075B  00DD               	movwf	93	;volatile
  8979     075C                     l3372:
  8980                           
  8981                           ;mcc_generated_files/pin_manager.c: 118:     INLVLE = 0x07;
  8982     075C  3007               	movlw	7
  8983     075D  00E8               	movwf	104	;volatile
  8984     075E                     l3374:
  8985                           
  8986                           ;mcc_generated_files/pin_manager.c: 127:     SSP1CLKPPS = 0x13;
  8987     075E  3013               	movlw	19
  8988     075F  003D               	movlb	29	; select bank29
  8989     0760  00C5               	movwf	69	;volatile
  8990     0761                     l3376:
  8991                           
  8992                           ;mcc_generated_files/pin_manager.c: 128:     RC3PPS = 0x14;
  8993     0761  3014               	movlw	20
  8994     0762  003E               	movlb	30	; select bank30
  8995     0763  00A3               	movwf	35	;volatile
  8996     0764                     l3378:
  8997                           
  8998                           ;mcc_generated_files/pin_manager.c: 129:     RC4PPS = 0x15;
  8999     0764  3015               	movlw	21
  9000     0765  00A4               	movwf	36	;volatile
  9001     0766                     l3380:
  9002                           
  9003                           ;mcc_generated_files/pin_manager.c: 130:     SSP1DATPPS = 0x14;
  9004     0766  3014               	movlw	20
  9005     0767  003D               	movlb	29	; select bank29
  9006     0768  00C6               	movwf	70	;volatile
  9007     0769                     l485:
  9008     0769  0008               	return
  9009     076A                     __end_of_PIN_MANAGER_Initialize:
  9010                           
  9011                           	psect	text18
  9012     0EFB                     __ptext18:	
  9013 ;; *************** function _OSCILLATOR_Initialize *****************
  9014 ;; Defined at:
  9015 ;;		line 60 in file "mcc_generated_files/mcc.c"
  9016 ;; Parameters:    Size  Location     Type
  9017 ;;		None
  9018 ;; Auto vars:     Size  Location     Type
  9019 ;;		None
  9020 ;; Return value:  Size  Location     Type
  9021 ;;                  1    wreg      void 
  9022 ;; Registers used:
  9023 ;;		status,2
  9024 ;; Tracked objects:
  9025 ;;		On entry : 0/0
  9026 ;;		On exit  : 0/0
  9027 ;;		Unchanged: 0/0
  9028 ;; Data sizes:     COMMON   BANK0   BANK1   BANK2   BANK3   BANK4   BANK5   BANK6   BANK7   BANK8   BANK9  BANK10  BANK1
      +1  BANK12
  9029 ;;      Params:         0       0       0       0       0       0       0       0       0       0       0       0       
      +0       0
  9030 ;;      Locals:         0       0       0       0       0       0       0       0       0       0       0       0       
      +0       0
  9031 ;;      Temps:          0       0       0       0       0       0       0       0       0       0       0       0       
      +0       0
  9032 ;;      Totals:         0       0       0       0       0       0       0       0       0       0       0       0       
      +0       0
  9033 ;;Total ram usage:        0 bytes
  9034 ;; Hardware stack levels used: 1
  9035 ;; Hardware stack levels required when called: 3
  9036 ;; This function calls:
  9037 ;;		Nothing
  9038 ;; This function is called by:
  9039 ;;		_SYSTEM_Initialize
  9040 ;; This function uses a non-reentrant model
  9041 ;;
  9042                           
  9043     0EFB                     _OSCILLATOR_Initialize:	
  9044                           ;psect for function _OSCILLATOR_Initialize
  9045                           
  9046     0EFB                     l3382:	
  9047                           ;incstack = 0
  9048                           ; Regs used in _OSCILLATOR_Initialize: [status,2]
  9049                           
  9050                           
  9051                           ;mcc_generated_files/mcc.c: 63:     OSCCON1 = 0x62;
  9052     0EFB  3062               	movlw	98
  9053     0EFC  0031               	movlb	17	; select bank17
  9054     0EFD  008D               	movwf	13	;volatile
  9055     0EFE                     l3384:
  9056                           
  9057                           ;mcc_generated_files/mcc.c: 65:     OSCCON3 = 0x00;
  9058     0EFE  018F               	clrf	15	;volatile
  9059                           
  9060                           ;mcc_generated_files/mcc.c: 67:     OSCEN = 0x00;
  9061     0EFF  0191               	clrf	17	;volatile
  9062     0F00                     l3386:
  9063                           
  9064                           ;mcc_generated_files/mcc.c: 69:     OSCFRQ = 0x02;
  9065     0F00  3002               	movlw	2
  9066     0F01  0093               	movwf	19	;volatile
  9067                           
  9068                           ;mcc_generated_files/mcc.c: 71:     OSCTUNE = 0x00;
  9069     0F02  0192               	clrf	18	;volatile
  9070     0F03                     l401:
  9071     0F03  0008               	return
  9072     0F04                     __end_of_OSCILLATOR_Initialize:
  9073                           
  9074                           	psect	text19
  9075     0F04                     __ptext19:	
  9076 ;; *************** function _I2C1_Initialize *****************
  9077 ;; Defined at:
  9078 ;;		line 167 in file "mcc_generated_files/i2c1_master.c"
  9079 ;; Parameters:    Size  Location     Type
  9080 ;;		None
  9081 ;; Auto vars:     Size  Location     Type
  9082 ;;		None
  9083 ;; Return value:  Size  Location     Type
  9084 ;;                  1    wreg      void 
  9085 ;; Registers used:
  9086 ;;		status,2
  9087 ;; Tracked objects:
  9088 ;;		On entry : 0/0
  9089 ;;		On exit  : 0/0
  9090 ;;		Unchanged: 0/0
  9091 ;; Data sizes:     COMMON   BANK0   BANK1   BANK2   BANK3   BANK4   BANK5   BANK6   BANK7   BANK8   BANK9  BANK10  BANK1
      +1  BANK12
  9092 ;;      Params:         0       0       0       0       0       0       0       0       0       0       0       0       
      +0       0
  9093 ;;      Locals:         0       0       0       0       0       0       0       0       0       0       0       0       
      +0       0
  9094 ;;      Temps:          0       0       0       0       0       0       0       0       0       0       0       0       
      +0       0
  9095 ;;      Totals:         0       0       0       0       0       0       0       0       0       0       0       0       
      +0       0
  9096 ;;Total ram usage:        0 bytes
  9097 ;; Hardware stack levels used: 1
  9098 ;; Hardware stack levels required when called: 3
  9099 ;; This function calls:
  9100 ;;		Nothing
  9101 ;; This function is called by:
  9102 ;;		_SYSTEM_Initialize
  9103 ;; This function uses a non-reentrant model
  9104 ;;
  9105                           
  9106     0F04                     _I2C1_Initialize:	
  9107                           ;psect for function _I2C1_Initialize
  9108                           
  9109     0F04                     l3322:	
  9110                           ;incstack = 0
  9111                           ; Regs used in _I2C1_Initialize: [status,2]
  9112                           
  9113                           
  9114                           ;mcc_generated_files/i2c1_master.c: 169:     SSP1STAT = 0x80;
  9115     0F04  3080               	movlw	128
  9116     0F05  0023               	movlb	3	; select bank3
  9117     0F06  008F               	movwf	15	;volatile
  9118                           
  9119                           ;mcc_generated_files/i2c1_master.c: 170:     SSP1CON1 = 0x08;
  9120     0F07  3008               	movlw	8
  9121     0F08  0090               	movwf	16	;volatile
  9122     0F09                     l3324:
  9123                           
  9124                           ;mcc_generated_files/i2c1_master.c: 171:     SSP1CON2 = 0x00;
  9125     0F09  0191               	clrf	17	;volatile
  9126     0F0A                     l3326:
  9127                           
  9128                           ;mcc_generated_files/i2c1_master.c: 172:     SSP1ADD = 0x03;
  9129     0F0A  3003               	movlw	3
  9130     0F0B  008D               	movwf	13	;volatile
  9131     0F0C                     l3328:
  9132                           
  9133                           ;mcc_generated_files/i2c1_master.c: 173:     SSP1CON1bits.SSPEN = 0;
  9134     0F0C  1290               	bcf	16,5	;volatile
  9135     0F0D                     l595:
  9136     0F0D  0008               	return
  9137     0F0E                     __end_of_I2C1_Initialize:
  9138                           
  9139                           	psect	text20
  9140     0ED3                     __ptext20:	
  9141 ;; *************** function _CLKREF_Initialize *****************
  9142 ;; Defined at:
  9143 ;;		line 58 in file "mcc_generated_files/clkref.c"
  9144 ;; Parameters:    Size  Location     Type
  9145 ;;		None
  9146 ;; Auto vars:     Size  Location     Type
  9147 ;;		None
  9148 ;; Return value:  Size  Location     Type
  9149 ;;                  1    wreg      void 
  9150 ;; Registers used:
  9151 ;;		status,2
  9152 ;; Tracked objects:
  9153 ;;		On entry : 0/0
  9154 ;;		On exit  : 0/0
  9155 ;;		Unchanged: 0/0
  9156 ;; Data sizes:     COMMON   BANK0   BANK1   BANK2   BANK3   BANK4   BANK5   BANK6   BANK7   BANK8   BANK9  BANK10  BANK1
      +1  BANK12
  9157 ;;      Params:         0       0       0       0       0       0       0       0       0       0       0       0       
      +0       0
  9158 ;;      Locals:         0       0       0       0       0       0       0       0       0       0       0       0       
      +0       0
  9159 ;;      Temps:          0       0       0       0       0       0       0       0       0       0       0       0       
      +0       0
  9160 ;;      Totals:         0       0       0       0       0       0       0       0       0       0       0       0       
      +0       0
  9161 ;;Total ram usage:        0 bytes
  9162 ;; Hardware stack levels used: 1
  9163 ;; Hardware stack levels required when called: 3
  9164 ;; This function calls:
  9165 ;;		Nothing
  9166 ;; This function is called by:
  9167 ;;		_SYSTEM_Initialize
  9168 ;; This function uses a non-reentrant model
  9169 ;;
  9170                           
  9171     0ED3                     _CLKREF_Initialize:	
  9172                           ;psect for function _CLKREF_Initialize
  9173                           
  9174     0ED3                     l3404:	
  9175                           ;incstack = 0
  9176                           ; Regs used in _CLKREF_Initialize: [status,2]
  9177                           
  9178                           
  9179                           ;mcc_generated_files/clkref.c: 61:     CLKRCLK = 0x00;
  9180     0ED3  0031               	movlb	17	; select bank17
  9181     0ED4  0196               	clrf	22	;volatile
  9182     0ED5                     l3406:
  9183                           
  9184                           ;mcc_generated_files/clkref.c: 63:     CLKRCON = 0x90;
  9185     0ED5  3090               	movlw	144
  9186     0ED6  0095               	movwf	21	;volatile
  9187     0ED7                     l1060:
  9188     0ED7  0008               	return
  9189     0ED8                     __end_of_CLKREF_Initialize:
  9190                           
  9191                           	psect	text21
  9192     07F1                     __ptext21:	
  9193 ;; *************** function _OpenI2C *****************
  9194 ;; Defined at:
  9195 ;;		line 26 in file "I2C/i2c.c"
  9196 ;; Parameters:    Size  Location     Type
  9197 ;;		None
  9198 ;; Auto vars:     Size  Location     Type
  9199 ;;		None
  9200 ;; Return value:  Size  Location     Type
  9201 ;;                  1    wreg      void 
  9202 ;; Registers used:
  9203 ;;		status,2
  9204 ;; Tracked objects:
  9205 ;;		On entry : 0/0
  9206 ;;		On exit  : 0/0
  9207 ;;		Unchanged: 0/0
  9208 ;; Data sizes:     COMMON   BANK0   BANK1   BANK2   BANK3   BANK4   BANK5   BANK6   BANK7   BANK8   BANK9  BANK10  BANK1
      +1  BANK12
  9209 ;;      Params:         0       0       0       0       0       0       0       0       0       0       0       0       
      +0       0
  9210 ;;      Locals:         0       0       0       0       0       0       0       0       0       0       0       0       
      +0       0
  9211 ;;      Temps:          0       0       0       0       0       0       0       0       0       0       0       0       
      +0       0
  9212 ;;      Totals:         0       0       0       0       0       0       0       0       0       0       0       0       
      +0       0
  9213 ;;Total ram usage:        0 bytes
  9214 ;; Hardware stack levels used: 1
  9215 ;; Hardware stack levels required when called: 3
  9216 ;; This function calls:
  9217 ;;		Nothing
  9218 ;; This function is called by:
  9219 ;;		_main
  9220 ;; This function uses a non-reentrant model
  9221 ;;
  9222                           
  9223     07F1                     _OpenI2C:	
  9224                           ;psect for function _OpenI2C
  9225                           
  9226     07F1                     l3434:	
  9227                           ;incstack = 0
  9228                           ; Regs used in _OpenI2C: [status,2]
  9229                           
  9230                           
  9231                           ;I2C/i2c.c: 28:   SSP1STAT = 0x80;
  9232     07F1  3080               	movlw	128
  9233     07F2  0023               	movlb	3	; select bank3
  9234     07F3  008F               	movwf	15	;volatile
  9235                           
  9236                           ;I2C/i2c.c: 29:   SSP1CON1 = 0x08;
  9237     07F4  3008               	movlw	8
  9238     07F5  0090               	movwf	16	;volatile
  9239     07F6                     l3436:
  9240                           
  9241                           ;I2C/i2c.c: 30:   SSP1CON2 = 0x00;
  9242     07F6  0191               	clrf	17	;volatile
  9243     07F7                     l3438:
  9244                           
  9245                           ;I2C/i2c.c: 31:   SSP1ADD = 0x03;
  9246     07F7  3003               	movlw	3
  9247     07F8  008D               	movwf	13	;volatile
  9248     07F9                     l3440:
  9249                           
  9250                           ;I2C/i2c.c: 32:   SSP1CON1bits.SSPEN = 1;
  9251     07F9  1690               	bsf	16,5	;volatile
  9252     07FA                     l3442:
  9253                           
  9254                           ;I2C/i2c.c: 34:   TRISCbits.TRISC3 = 1;
  9255     07FA  0020               	movlb	0	; select bank0
  9256     07FB  1593               	bsf	19,3	;volatile
  9257     07FC                     l3444:
  9258                           
  9259                           ;I2C/i2c.c: 35:   TRISCbits.TRISC4 = 1;
  9260     07FC  1613               	bsf	19,4	;volatile
  9261     07FD                     l23:
  9262     07FD  0008               	return
  9263     07FE                     __end_of_OpenI2C:
  9264                           
  9265                           	psect	text22
  9266     0F30                     __ptext22:	
  9267 ;; *************** function _LCDstr *****************
  9268 ;; Defined at:
  9269 ;;		line 112 in file "LCD/lcd.c"
  9270 ;; Parameters:    Size  Location     Type
  9271 ;;  p               1   10[COMMON] PTR unsigned char 
  9272 ;;		 -> main@buf(17), 
  9273 ;; Auto vars:     Size  Location     Type
  9274 ;;  c               1    0[BANK0 ] unsigned char 
  9275 ;; Return value:  Size  Location     Type
  9276 ;;                  1    wreg      void 
  9277 ;; Registers used:
  9278 ;;		wreg, fsr1l, fsr1h, status,2, status,0, pclath, cstack
  9279 ;; Tracked objects:
  9280 ;;		On entry : 0/0
  9281 ;;		On exit  : 0/0
  9282 ;;		Unchanged: 0/0
  9283 ;; Data sizes:     COMMON   BANK0   BANK1   BANK2   BANK3   BANK4   BANK5   BANK6   BANK7   BANK8   BANK9  BANK10  BANK1
      +1  BANK12
  9284 ;;      Params:         1       0       0       0       0       0       0       0       0       0       0       0       
      +0       0
  9285 ;;      Locals:         0       1       0       0       0       0       0       0       0       0       0       0       
      +0       0
  9286 ;;      Temps:          0       0       0       0       0       0       0       0       0       0       0       0       
      +0       0
  9287 ;;      Totals:         1       1       0       0       0       0       0       0       0       0       0       0       
      +0       0
  9288 ;;Total ram usage:        2 bytes
  9289 ;; Hardware stack levels used: 1
  9290 ;; Hardware stack levels required when called: 5
  9291 ;; This function calls:
  9292 ;;		_LCDchar
  9293 ;; This function is called by:
  9294 ;;		_main
  9295 ;; This function uses a non-reentrant model
  9296 ;;
  9297                           
  9298     0F30                     _LCDstr:	
  9299                           ;psect for function _LCDstr
  9300                           
  9301     0F30                     l4462:	
  9302                           ;incstack = 0
  9303                           ; Regs used in _LCDstr: [wreg+fsr1l+fsr1h+status,2+status,0+pclath+cstack]
  9304                           
  9305                           
  9306                           ;LCD/lcd.c: 112: void LCDstr(char *p);LCD/lcd.c: 113: {;LCD/lcd.c: 114:   unsigned char 
      +                          c;;LCD/lcd.c: 116:   while((c = *p++)) LCDchar(c);
  9307     0F30  2F35               	goto	l4466
  9308     0F31                     l4464:
  9309     0F31  0820               	movf	LCDstr@c,w
  9310     0F32  318E  26EB  318F   	fcall	_LCDchar
  9311     0F35                     l4466:
  9312     0F35  087A               	movf	LCDstr@p,w
  9313     0F36  0086               	movwf	6
  9314     0F37  0187               	clrf	7
  9315     0F38  0AFA               	incf	LCDstr@p,f
  9316     0F39  0801               	movf	1,w
  9317     0F3A  0020               	movlb	0	; select bank0
  9318     0F3B  00A0               	movwf	LCDstr@c
  9319     0F3C  0820               	movf	LCDstr@c,w
  9320     0F3D  1D03               	btfss	3,2
  9321     0F3E  2F40               	goto	u3881
  9322     0F3F  2F41               	goto	u3880
  9323     0F40                     u3881:
  9324     0F40  2F31               	goto	l4464
  9325     0F41                     u3880:
  9326     0F41                     l244:
  9327     0F41  0008               	return
  9328     0F42                     __end_of_LCDstr:
  9329                           
  9330                           	psect	text23
  9331     0EEB                     __ptext23:	
  9332 ;; *************** function _LCDchar *****************
  9333 ;; Defined at:
  9334 ;;		line 107 in file "LCD/lcd.c"
  9335 ;; Parameters:    Size  Location     Type
  9336 ;;  c               1    wreg     unsigned char 
  9337 ;; Auto vars:     Size  Location     Type
  9338 ;;  c               1    9[COMMON] unsigned char 
  9339 ;; Return value:  Size  Location     Type
  9340 ;;                  1    wreg      void 
  9341 ;; Registers used:
  9342 ;;		wreg, status,2, status,0, pclath, cstack
  9343 ;; Tracked objects:
  9344 ;;		On entry : 0/0
  9345 ;;		On exit  : 0/0
  9346 ;;		Unchanged: 0/0
  9347 ;; Data sizes:     COMMON   BANK0   BANK1   BANK2   BANK3   BANK4   BANK5   BANK6   BANK7   BANK8   BANK9  BANK10  BANK1
      +1  BANK12
  9348 ;;      Params:         0       0       0       0       0       0       0       0       0       0       0       0       
      +0       0
  9349 ;;      Locals:         1       0       0       0       0       0       0       0       0       0       0       0       
      +0       0
  9350 ;;      Temps:          0       0       0       0       0       0       0       0       0       0       0       0       
      +0       0
  9351 ;;      Totals:         1       0       0       0       0       0       0       0       0       0       0       0       
      +0       0
  9352 ;;Total ram usage:        1 bytes
  9353 ;; Hardware stack levels used: 1
  9354 ;; Hardware stack levels required when called: 4
  9355 ;; This function calls:
  9356 ;;		_LCDsend2x4
  9357 ;; This function is called by:
  9358 ;;		_LCDstr
  9359 ;; This function uses a non-reentrant model
  9360 ;;
  9361                           
  9362     0EEB                     _LCDchar:	
  9363                           ;psect for function _LCDchar
  9364                           
  9365                           
  9366                           ;incstack = 0
  9367                           ; Regs used in _LCDchar: [wreg+status,2+status,0+pclath+cstack]
  9368                           ;LCDchar@c stored from wreg
  9369     0EEB  00F9               	movwf	LCDchar@c
  9370     0EEC                     l4414:
  9371                           
  9372                           ;LCD/lcd.c: 107: void LCDchar(unsigned char c);LCD/lcd.c: 108: {;LCD/lcd.c: 109:   LCDse
      +                          nd2x4(c, 0x01);
  9373     0EEC  01F4               	clrf	LCDsend2x4@mode
  9374     0EED  0AF4               	incf	LCDsend2x4@mode,f
  9375     0EEE  0879               	movf	LCDchar@c,w
  9376     0EEF  3183  2388  318E   	fcall	_LCDsend2x4
  9377     0EF2                     l238:
  9378     0EF2  0008               	return
  9379     0EF3                     __end_of_LCDchar:
  9380                           
  9381                           	psect	text24
  9382     04C2                     __ptext24:	
  9383 ;; *************** function _LCDinit *****************
  9384 ;; Defined at:
  9385 ;;		line 79 in file "LCD/lcd.c"
  9386 ;; Parameters:    Size  Location     Type
  9387 ;;		None
  9388 ;; Auto vars:     Size  Location     Type
  9389 ;;		None
  9390 ;; Return value:  Size  Location     Type
  9391 ;;                  1    wreg      void 
  9392 ;; Registers used:
  9393 ;;		wreg, status,2, status,0, pclath, cstack
  9394 ;; Tracked objects:
  9395 ;;		On entry : 0/0
  9396 ;;		On exit  : 0/0
  9397 ;;		Unchanged: 0/0
  9398 ;; Data sizes:     COMMON   BANK0   BANK1   BANK2   BANK3   BANK4   BANK5   BANK6   BANK7   BANK8   BANK9  BANK10  BANK1
      +1  BANK12
  9399 ;;      Params:         0       0       0       0       0       0       0       0       0       0       0       0       
      +0       0
  9400 ;;      Locals:         0       0       0       0       0       0       0       0       0       0       0       0       
      +0       0
  9401 ;;      Temps:          1       0       0       0       0       0       0       0       0       0       0       0       
      +0       0
  9402 ;;      Totals:         1       0       0       0       0       0       0       0       0       0       0       0       
      +0       0
  9403 ;;Total ram usage:        1 bytes
  9404 ;; Hardware stack levels used: 1
  9405 ;; Hardware stack levels required when called: 5
  9406 ;; This function calls:
  9407 ;;		_LCDsend
  9408 ;;		_LCDsend2x4
  9409 ;; This function is called by:
  9410 ;;		_main
  9411 ;; This function uses a non-reentrant model
  9412 ;;
  9413                           
  9414     04C2                     _LCDinit:	
  9415                           ;psect for function _LCDinit
  9416                           
  9417     04C2                     l4426:	
  9418                           ;incstack = 0
  9419                           ; Regs used in _LCDinit: [wreg+status,2+status,0+pclath+cstack]
  9420                           
  9421                           
  9422                           ;LCD/lcd.c: 81:   _delay((unsigned long)((50)*(4000000/4000.0)));
  9423     04C2  3041               	movlw	65
  9424     04C3  00F9               	movwf	??_LCDinit
  9425     04C4  30EE               	movlw	238
  9426     04C5                     u4217:
  9427     04C5  0B89               	decfsz	9,f
  9428     04C6  2CC5               	goto	u4217
  9429     04C7  0BF9               	decfsz	??_LCDinit,f
  9430     04C8  2CC5               	goto	u4217
  9431     04C9  3200               	nop2
  9432     04CA                     l4428:
  9433                           
  9434                           ;LCD/lcd.c: 82:   LCDsend(0x30);
  9435     04CA  3030               	movlw	48
  9436     04CB  3187  276A  3184   	fcall	_LCDsend
  9437     04CE                     l4430:
  9438                           
  9439                           ;LCD/lcd.c: 83:   LCDsend(0x34); _delay((unsigned long)((500)*(4000000/4000000.0))); LCD
      +                          send(0x30);
  9440     04CE  3034               	movlw	52
  9441     04CF  3187  276A  3184   	fcall	_LCDsend
  9442     04D2  30A6               	movlw	166
  9443     04D3                     u4227:
  9444     04D3  0B89               	decfsz	9,f
  9445     04D4  2CD3               	goto	u4227
  9446     04D5  3200               	nop2
  9447     04D6                     l4432:
  9448     04D6  3030               	movlw	48
  9449     04D7  3187  276A  3184   	fcall	_LCDsend
  9450     04DA                     l4434:
  9451                           
  9452                           ;LCD/lcd.c: 84:   _delay((unsigned long)((5)*(4000000/4000.0)));
  9453     04DA  3007               	movlw	7
  9454     04DB  00F9               	movwf	??_LCDinit
  9455     04DC  307D               	movlw	125
  9456     04DD                     u4237:
  9457     04DD  0B89               	decfsz	9,f
  9458     04DE  2CDD               	goto	u4237
  9459     04DF  0BF9               	decfsz	??_LCDinit,f
  9460     04E0  2CDD               	goto	u4237
  9461     04E1  0000               	nop
  9462                           
  9463                           ;LCD/lcd.c: 85:   LCDsend(0x30);
  9464     04E2  3030               	movlw	48
  9465     04E3  3187  276A  3184   	fcall	_LCDsend
  9466                           
  9467                           ;LCD/lcd.c: 86:   LCDsend(0x34); _delay((unsigned long)((500)*(4000000/4000000.0))); LCD
      +                          send(0x30);
  9468     04E6  3034               	movlw	52
  9469     04E7  3187  276A  3184   	fcall	_LCDsend
  9470     04EA                     l4436:
  9471     04EA  30A6               	movlw	166
  9472     04EB                     u4247:
  9473     04EB  0B89               	decfsz	9,f
  9474     04EC  2CEB               	goto	u4247
  9475     04ED  3200               	nop2
  9476     04EE                     l4438:
  9477     04EE  3030               	movlw	48
  9478     04EF  3187  276A  3184   	fcall	_LCDsend
  9479                           
  9480                           ;LCD/lcd.c: 87:   _delay((unsigned long)((100)*(4000000/4000000.0)));
  9481     04F2  3021               	movlw	33
  9482     04F3                     u4257:
  9483     04F3  0B89               	decfsz	9,f
  9484     04F4  2CF3               	goto	u4257
  9485     04F5  0000               	nop
  9486     04F6                     l4440:
  9487                           
  9488                           ;LCD/lcd.c: 88:   LCDsend(0x30);
  9489     04F6  3030               	movlw	48
  9490     04F7  3187  276A  3184   	fcall	_LCDsend
  9491     04FA                     l4442:
  9492                           
  9493                           ;LCD/lcd.c: 89:   LCDsend(0x34); _delay((unsigned long)((500)*(4000000/4000000.0))); LCD
      +                          send(0x30);
  9494     04FA  3034               	movlw	52
  9495     04FB  3187  276A  3184   	fcall	_LCDsend
  9496     04FE  30A6               	movlw	166
  9497     04FF                     u4267:
  9498     04FF  0B89               	decfsz	9,f
  9499     0500  2CFF               	goto	u4267
  9500     0501  3200               	nop2
  9501     0502                     l4444:
  9502     0502  3030               	movlw	48
  9503     0503  3187  276A  3184   	fcall	_LCDsend
  9504     0506                     l4446:
  9505                           
  9506                           ;LCD/lcd.c: 90:   _delay((unsigned long)((100)*(4000000/4000000.0)));
  9507     0506  3021               	movlw	33
  9508     0507                     u4277:
  9509     0507  0B89               	decfsz	9,f
  9510     0508  2D07               	goto	u4277
  9511     0509  0000               	nop
  9512                           
  9513                           ;LCD/lcd.c: 91:   LCDsend(0x20);
  9514     050A  3020               	movlw	32
  9515     050B  3187  276A  3184   	fcall	_LCDsend
  9516                           
  9517                           ;LCD/lcd.c: 92:   LCDsend(0x24); _delay((unsigned long)((500)*(4000000/4000000.0))); LCD
      +                          send(0x20);
  9518     050E  3024               	movlw	36
  9519     050F  3187  276A  3184   	fcall	_LCDsend
  9520     0512                     l4448:
  9521     0512  30A6               	movlw	166
  9522     0513                     u4287:
  9523     0513  0B89               	decfsz	9,f
  9524     0514  2D13               	goto	u4287
  9525     0515  3200               	nop2
  9526     0516                     l4450:
  9527     0516  3020               	movlw	32
  9528     0517  3187  276A  3184   	fcall	_LCDsend
  9529                           
  9530                           ;LCD/lcd.c: 93:   _delay((unsigned long)((5)*(4000000/4000.0)));
  9531     051A  3007               	movlw	7
  9532     051B  00F9               	movwf	??_LCDinit
  9533     051C  307D               	movlw	125
  9534     051D                     u4297:
  9535     051D  0B89               	decfsz	9,f
  9536     051E  2D1D               	goto	u4297
  9537     051F  0BF9               	decfsz	??_LCDinit,f
  9538     0520  2D1D               	goto	u4297
  9539     0521  0000               	nop
  9540     0522                     l4452:
  9541                           
  9542                           ;LCD/lcd.c: 95:   LCDsend2x4(0x28, 0);
  9543     0522  01F4               	clrf	LCDsend2x4@mode
  9544     0523  3028               	movlw	40
  9545     0524  3183  2388  3184   	fcall	_LCDsend2x4
  9546     0527                     l4454:
  9547                           
  9548                           ;LCD/lcd.c: 96:   LCDsend2x4(0x06, 0);
  9549     0527  01F4               	clrf	LCDsend2x4@mode
  9550     0528  3006               	movlw	6
  9551     0529  3183  2388  3184   	fcall	_LCDsend2x4
  9552     052C                     l4456:
  9553                           
  9554                           ;LCD/lcd.c: 97:   LCDsend2x4(0x0f, 0);
  9555     052C  01F4               	clrf	LCDsend2x4@mode
  9556     052D  300F               	movlw	15
  9557     052E  3183  2388  3184   	fcall	_LCDsend2x4
  9558     0531                     l4458:
  9559                           
  9560                           ;LCD/lcd.c: 98:   LCDsend2x4(0x01, 0);
  9561     0531  01F4               	clrf	LCDsend2x4@mode
  9562     0532  3001               	movlw	1
  9563     0533  3183  2388  3184   	fcall	_LCDsend2x4
  9564                           
  9565                           ;LCD/lcd.c: 99:   _delay((unsigned long)((2)*(4000000/4000.0)));
  9566     0536  3003               	movlw	3
  9567     0537  00F9               	movwf	??_LCDinit
  9568     0538  3098               	movlw	152
  9569     0539                     u4307:
  9570     0539  0B89               	decfsz	9,f
  9571     053A  2D39               	goto	u4307
  9572     053B  0BF9               	decfsz	??_LCDinit,f
  9573     053C  2D39               	goto	u4307
  9574     053D                     l232:
  9575     053D  0008               	return
  9576     053E                     __end_of_LCDinit:
  9577                           
  9578                           	psect	text25
  9579     076A                     __ptext25:	
  9580 ;; *************** function _LCDsend *****************
  9581 ;; Defined at:
  9582 ;;		line 17 in file "LCD/lcd.c"
  9583 ;; Parameters:    Size  Location     Type
  9584 ;;  c               1    wreg     unsigned char 
  9585 ;; Auto vars:     Size  Location     Type
  9586 ;;  c               1    5[COMMON] unsigned char 
  9587 ;; Return value:  Size  Location     Type
  9588 ;;                  1    wreg      void 
  9589 ;; Registers used:
  9590 ;;		wreg, status,2, status,0, pclath, cstack
  9591 ;; Tracked objects:
  9592 ;;		On entry : 0/0
  9593 ;;		On exit  : 0/0
  9594 ;;		Unchanged: 0/0
  9595 ;; Data sizes:     COMMON   BANK0   BANK1   BANK2   BANK3   BANK4   BANK5   BANK6   BANK7   BANK8   BANK9  BANK10  BANK1
      +1  BANK12
  9596 ;;      Params:         0       0       0       0       0       0       0       0       0       0       0       0       
      +0       0
  9597 ;;      Locals:         1       0       0       0       0       0       0       0       0       0       0       0       
      +0       0
  9598 ;;      Temps:          1       0       0       0       0       0       0       0       0       0       0       0       
      +0       0
  9599 ;;      Totals:         2       0       0       0       0       0       0       0       0       0       0       0       
      +0       0
  9600 ;;Total ram usage:        2 bytes
  9601 ;; Hardware stack levels used: 1
  9602 ;; Hardware stack levels required when called: 4
  9603 ;; This function calls:
  9604 ;;		_WriteI2C
  9605 ;; This function is called by:
  9606 ;;		_LCDinit
  9607 ;; This function uses a non-reentrant model
  9608 ;;
  9609                           
  9610     076A                     _LCDsend:	
  9611                           ;psect for function _LCDsend
  9612                           
  9613                           
  9614                           ;incstack = 0
  9615                           ; Regs used in _LCDsend: [wreg+status,2+status,0+pclath+cstack]
  9616                           ;LCDsend@c stored from wreg
  9617     076A  00F5               	movwf	LCDsend@c
  9618     076B                     l4334:
  9619     076B                     l4336:	
  9620                           ;LCD/lcd.c: 17: void LCDsend(unsigned char c);LCD/lcd.c: 18: {;LCD/lcd.c: 19:   while ((
      +                          SSP1CON2 & 0x1F) | (SSP1STATbits.R_W));
  9621                           
  9622     076B  0023               	movlb	3	; select bank3
  9623     076C  0C0F               	rrf	15,w	;volatile
  9624     076D  0C89               	rrf	9,f
  9625     076E  3901               	andlw	1
  9626     076F  00F4               	movwf	??_LCDsend
  9627     0770  0811               	movf	17,w	;volatile
  9628     0771  391F               	andlw	31
  9629     0772  0474               	iorwf	??_LCDsend,w
  9630     0773  1D03               	btfss	3,2
  9631     0774  2F76               	goto	u3541
  9632     0775  2F77               	goto	u3540
  9633     0776                     u3541:
  9634     0776  2F6B               	goto	l4336
  9635     0777                     u3540:
  9636     0777                     l73:	
  9637                           ;LCD/lcd.c: 20:   do { SSP1CON2bits.SEN=1;while(SSP1CON2bits.SEN); } while (0); while ((
      +                          SSP1CON2 & 0x1F) | (SSP1STATbits.R_W));
  9638                           
  9639     0777  1411               	bsf	17,0	;volatile
  9640     0778                     l74:
  9641     0778  1811               	btfsc	17,0	;volatile
  9642     0779  2F7B               	goto	u3551
  9643     077A  2F7C               	goto	u3550
  9644     077B                     u3551:
  9645     077B  2F78               	goto	l74
  9646     077C                     u3550:
  9647     077C                     l4338:
  9648     077C  0C0F               	rrf	15,w	;volatile
  9649     077D  0C89               	rrf	9,f
  9650     077E  3901               	andlw	1
  9651     077F  00F4               	movwf	??_LCDsend
  9652     0780  0811               	movf	17,w	;volatile
  9653     0781  391F               	andlw	31
  9654     0782  0474               	iorwf	??_LCDsend,w
  9655     0783  1D03               	btfss	3,2
  9656     0784  2F86               	goto	u3561
  9657     0785  2F87               	goto	u3560
  9658     0786                     u3561:
  9659     0786  2F7C               	goto	l4338
  9660     0787                     u3560:
  9661     0787                     l4340:
  9662                           
  9663                           ;LCD/lcd.c: 21:   WriteI2C(0x4e | 0x00); while ((SSP1CON2 & 0x1F) | (SSP1STATbits.R_W));
  9664     0787  304E               	movlw	78
  9665     0788  3186  264A  3187   	fcall	_WriteI2C
  9666     078B                     l4342:
  9667     078B  0023               	movlb	3	; select bank3
  9668     078C  0C0F               	rrf	15,w	;volatile
  9669     078D  0C89               	rrf	9,f
  9670     078E  3901               	andlw	1
  9671     078F  00F4               	movwf	??_LCDsend
  9672     0790  0811               	movf	17,w	;volatile
  9673     0791  391F               	andlw	31
  9674     0792  0474               	iorwf	??_LCDsend,w
  9675     0793  1D03               	btfss	3,2
  9676     0794  2F96               	goto	u3571
  9677     0795  2F97               	goto	u3570
  9678     0796                     u3571:
  9679     0796  2F8B               	goto	l4342
  9680     0797                     u3570:
  9681     0797                     l4344:
  9682                           
  9683                           ;LCD/lcd.c: 22:   WriteI2C(c); while ((SSP1CON2 & 0x1F) | (SSP1STATbits.R_W));
  9684     0797  0875               	movf	LCDsend@c,w
  9685     0798  3186  264A  3187   	fcall	_WriteI2C
  9686     079B                     l4346:
  9687     079B  0023               	movlb	3	; select bank3
  9688     079C  0C0F               	rrf	15,w	;volatile
  9689     079D  0C89               	rrf	9,f
  9690     079E  3901               	andlw	1
  9691     079F  00F4               	movwf	??_LCDsend
  9692     07A0  0811               	movf	17,w	;volatile
  9693     07A1  391F               	andlw	31
  9694     07A2  0474               	iorwf	??_LCDsend,w
  9695     07A3  1D03               	btfss	3,2
  9696     07A4  2FA6               	goto	u3581
  9697     07A5  2FA7               	goto	u3580
  9698     07A6                     u3581:
  9699     07A6  2F9B               	goto	l4346
  9700     07A7                     u3580:
  9701     07A7                     l87:	
  9702                           ;LCD/lcd.c: 23:   do { SSP1CON2bits.PEN = 1;while(SSP1CON2bits.PEN); } while (0);
  9703                           
  9704     07A7  1511               	bsf	17,2	;volatile
  9705     07A8                     l88:
  9706     07A8  1911               	btfsc	17,2	;volatile
  9707     07A9  2FAB               	goto	u3591
  9708     07AA  2FAC               	goto	u3590
  9709     07AB                     u3591:
  9710     07AB  2FA8               	goto	l88
  9711     07AC                     u3590:
  9712     07AC                     l92:
  9713     07AC  0008               	return
  9714     07AD                     __end_of_LCDsend:
  9715                           
  9716                           	psect	text26
  9717     0EE4                     __ptext26:	
  9718 ;; *************** function _LCDcmd *****************
  9719 ;; Defined at:
  9720 ;;		line 102 in file "LCD/lcd.c"
  9721 ;; Parameters:    Size  Location     Type
  9722 ;;  c               1    wreg     unsigned char 
  9723 ;; Auto vars:     Size  Location     Type
  9724 ;;  c               1    9[COMMON] unsigned char 
  9725 ;; Return value:  Size  Location     Type
  9726 ;;                  1    wreg      void 
  9727 ;; Registers used:
  9728 ;;		wreg, status,2, status,0, pclath, cstack
  9729 ;; Tracked objects:
  9730 ;;		On entry : 0/0
  9731 ;;		On exit  : 0/0
  9732 ;;		Unchanged: 0/0
  9733 ;; Data sizes:     COMMON   BANK0   BANK1   BANK2   BANK3   BANK4   BANK5   BANK6   BANK7   BANK8   BANK9  BANK10  BANK1
      +1  BANK12
  9734 ;;      Params:         0       0       0       0       0       0       0       0       0       0       0       0       
      +0       0
  9735 ;;      Locals:         1       0       0       0       0       0       0       0       0       0       0       0       
      +0       0
  9736 ;;      Temps:          0       0       0       0       0       0       0       0       0       0       0       0       
      +0       0
  9737 ;;      Totals:         1       0       0       0       0       0       0       0       0       0       0       0       
      +0       0
  9738 ;;Total ram usage:        1 bytes
  9739 ;; Hardware stack levels used: 1
  9740 ;; Hardware stack levels required when called: 5
  9741 ;; This function calls:
  9742 ;;		_LCDsend2x4
  9743 ;; This function is called by:
  9744 ;;		_main
  9745 ;;		_LCDpos
  9746 ;; This function uses a non-reentrant model
  9747 ;;
  9748                           
  9749     0EE4                     _LCDcmd:	
  9750                           ;psect for function _LCDcmd
  9751                           
  9752                           
  9753                           ;incstack = 0
  9754                           ; Regs used in _LCDcmd: [wreg+status,2+status,0+pclath+cstack]
  9755                           ;LCDcmd@c stored from wreg
  9756     0EE4  00F9               	movwf	LCDcmd@c
  9757     0EE5                     l4460:
  9758                           
  9759                           ;LCD/lcd.c: 102: void LCDcmd(unsigned char c);LCD/lcd.c: 103: {;LCD/lcd.c: 104:   LCDsen
      +                          d2x4(c, 0);
  9760     0EE5  01F4               	clrf	LCDsend2x4@mode
  9761     0EE6  0879               	movf	LCDcmd@c,w
  9762     0EE7  3183  2388  318E   	fcall	_LCDsend2x4
  9763     0EEA                     l235:
  9764     0EEA  0008               	return
  9765     0EEB                     __end_of_LCDcmd:
  9766                           
  9767                           	psect	text27
  9768     0388                     __ptext27:	
  9769 ;; *************** function _LCDsend2x4 *****************
  9770 ;; Defined at:
  9771 ;;		line 56 in file "LCD/lcd.c"
  9772 ;; Parameters:    Size  Location     Type
  9773 ;;  c               1    wreg     unsigned char 
  9774 ;;  mode            1    4[COMMON] unsigned char 
  9775 ;; Auto vars:     Size  Location     Type
  9776 ;;  c               1    6[COMMON] unsigned char 
  9777 ;;  lc              1    8[COMMON] unsigned char 
  9778 ;;  hc              1    7[COMMON] unsigned char 
  9779 ;; Return value:  Size  Location     Type
  9780 ;;                  1    wreg      void 
  9781 ;; Registers used:
  9782 ;;		wreg, status,2, status,0, pclath, cstack
  9783 ;; Tracked objects:
  9784 ;;		On entry : 0/0
  9785 ;;		On exit  : 0/0
  9786 ;;		Unchanged: 0/0
  9787 ;; Data sizes:     COMMON   BANK0   BANK1   BANK2   BANK3   BANK4   BANK5   BANK6   BANK7   BANK8   BANK9  BANK10  BANK1
      +1  BANK12
  9788 ;;      Params:         1       0       0       0       0       0       0       0       0       0       0       0       
      +0       0
  9789 ;;      Locals:         3       0       0       0       0       0       0       0       0       0       0       0       
      +0       0
  9790 ;;      Temps:          1       0       0       0       0       0       0       0       0       0       0       0       
      +0       0
  9791 ;;      Totals:         5       0       0       0       0       0       0       0       0       0       0       0       
      +0       0
  9792 ;;Total ram usage:        5 bytes
  9793 ;; Hardware stack levels used: 1
  9794 ;; Hardware stack levels required when called: 3
  9795 ;; This function calls:
  9796 ;;		_WriteI2C
  9797 ;; This function is called by:
  9798 ;;		_LCDinit
  9799 ;;		_LCDcmd
  9800 ;;		_LCDchar
  9801 ;; This function uses a non-reentrant model
  9802 ;;
  9803                           
  9804     0388                     _LCDsend2x4:	
  9805                           ;psect for function _LCDsend2x4
  9806                           
  9807                           
  9808                           ;incstack = 0
  9809                           ; Regs used in _LCDsend2x4: [wreg+status,2+status,0+pclath+cstack]
  9810                           ;LCDsend2x4@c stored from wreg
  9811     0388  00F6               	movwf	LCDsend2x4@c
  9812     0389                     l4228:
  9813                           
  9814                           ;LCD/lcd.c: 56: void LCDsend2x4(unsigned char c, unsigned char mode);LCD/lcd.c: 57: {;LC
      +                          D/lcd.c: 58:   unsigned char hc;;LCD/lcd.c: 59:   unsigned char lc;;LCD/lcd.c: 61:   hc 
      +                          = c & 0xf0;
  9815     0389  0876               	movf	LCDsend2x4@c,w
  9816     038A  39F0               	andlw	240
  9817     038B  00F7               	movwf	LCDsend2x4@hc
  9818     038C                     l4230:
  9819                           
  9820                           ;LCD/lcd.c: 62:   lc = (c << 4) & 0xf0;
  9821     038C  0876               	movf	LCDsend2x4@c,w
  9822     038D  00F5               	movwf	??_LCDsend2x4
  9823     038E  3004               	movlw	4
  9824     038F                     u3385:
  9825     038F  35F5               	lslf	??_LCDsend2x4,f
  9826     0390  0B89               	decfsz	9,f
  9827     0391  2B8F               	goto	u3385
  9828     0392  0875               	movf	??_LCDsend2x4,w
  9829     0393  39F0               	andlw	240
  9830     0394  00F8               	movwf	LCDsend2x4@lc
  9831     0395                     l4232:	
  9832                           ;LCD/lcd.c: 64:   while ((SSP1CON2 & 0x1F) | (SSP1STATbits.R_W));
  9833                           
  9834     0395  0023               	movlb	3	; select bank3
  9835     0396  0C0F               	rrf	15,w	;volatile
  9836     0397  0C89               	rrf	9,f
  9837     0398  3901               	andlw	1
  9838     0399  00F5               	movwf	??_LCDsend2x4
  9839     039A  0811               	movf	17,w	;volatile
  9840     039B  391F               	andlw	31
  9841     039C  0475               	iorwf	??_LCDsend2x4,w
  9842     039D  1D03               	btfss	3,2
  9843     039E  2BA0               	goto	u3391
  9844     039F  2BA1               	goto	u3390
  9845     03A0                     u3391:
  9846     03A0  2B95               	goto	l4232
  9847     03A1                     u3390:
  9848     03A1                     l195:	
  9849                           ;LCD/lcd.c: 65:   do { SSP1CON2bits.SEN=1;while(SSP1CON2bits.SEN); } while (0); while ((
      +                          SSP1CON2 & 0x1F) | (SSP1STATbits.R_W));
  9850                           
  9851     03A1  1411               	bsf	17,0	;volatile
  9852     03A2                     l196:
  9853     03A2  1811               	btfsc	17,0	;volatile
  9854     03A3  2BA5               	goto	u3401
  9855     03A4  2BA6               	goto	u3400
  9856     03A5                     u3401:
  9857     03A5  2BA2               	goto	l196
  9858     03A6                     u3400:
  9859     03A6                     l4234:
  9860     03A6  0C0F               	rrf	15,w	;volatile
  9861     03A7  0C89               	rrf	9,f
  9862     03A8  3901               	andlw	1
  9863     03A9  00F5               	movwf	??_LCDsend2x4
  9864     03AA  0811               	movf	17,w	;volatile
  9865     03AB  391F               	andlw	31
  9866     03AC  0475               	iorwf	??_LCDsend2x4,w
  9867     03AD  1D03               	btfss	3,2
  9868     03AE  2BB0               	goto	u3411
  9869     03AF  2BB1               	goto	u3410
  9870     03B0                     u3411:
  9871     03B0  2BA6               	goto	l4234
  9872     03B1                     u3410:
  9873     03B1                     l4236:
  9874                           
  9875                           ;LCD/lcd.c: 66:   WriteI2C(0x4e | 0x00); while ((SSP1CON2 & 0x1F) | (SSP1STATbits.R_W));
  9876     03B1  304E               	movlw	78
  9877     03B2  3186  264A  3183   	fcall	_WriteI2C
  9878     03B5                     l4238:
  9879     03B5  0023               	movlb	3	; select bank3
  9880     03B6  0C0F               	rrf	15,w	;volatile
  9881     03B7  0C89               	rrf	9,f
  9882     03B8  3901               	andlw	1
  9883     03B9  00F5               	movwf	??_LCDsend2x4
  9884     03BA  0811               	movf	17,w	;volatile
  9885     03BB  391F               	andlw	31
  9886     03BC  0475               	iorwf	??_LCDsend2x4,w
  9887     03BD  1D03               	btfss	3,2
  9888     03BE  2BC0               	goto	u3421
  9889     03BF  2BC1               	goto	u3420
  9890     03C0                     u3421:
  9891     03C0  2BB5               	goto	l4238
  9892     03C1                     u3420:
  9893     03C1                     l4240:
  9894                           
  9895                           ;LCD/lcd.c: 67:   WriteI2C(hc | 0x08 | mode); while ((SSP1CON2 & 0x1F) | (SSP1STATbits.R
      +                          _W));
  9896     03C1  0877               	movf	LCDsend2x4@hc,w
  9897     03C2  0474               	iorwf	LCDsend2x4@mode,w
  9898     03C3  3808               	iorlw	8
  9899     03C4  3186  264A  3183   	fcall	_WriteI2C
  9900     03C7                     l4242:
  9901     03C7  0023               	movlb	3	; select bank3
  9902     03C8  0C0F               	rrf	15,w	;volatile
  9903     03C9  0C89               	rrf	9,f
  9904     03CA  3901               	andlw	1
  9905     03CB  00F5               	movwf	??_LCDsend2x4
  9906     03CC  0811               	movf	17,w	;volatile
  9907     03CD  391F               	andlw	31
  9908     03CE  0475               	iorwf	??_LCDsend2x4,w
  9909     03CF  1D03               	btfss	3,2
  9910     03D0  2BD2               	goto	u3431
  9911     03D1  2BD3               	goto	u3430
  9912     03D2                     u3431:
  9913     03D2  2BC7               	goto	l4242
  9914     03D3                     u3430:
  9915     03D3                     l4244:
  9916                           
  9917                           ;LCD/lcd.c: 68:   WriteI2C(hc | 0x08 | 0x04 | mode); while ((SSP1CON2 & 0x1F) | (SSP1STA
      +                          Tbits.R_W));
  9918     03D3  0877               	movf	LCDsend2x4@hc,w
  9919     03D4  0474               	iorwf	LCDsend2x4@mode,w
  9920     03D5  380C               	iorlw	12
  9921     03D6  3186  264A  3183   	fcall	_WriteI2C
  9922     03D9                     l4246:
  9923     03D9  0023               	movlb	3	; select bank3
  9924     03DA  0C0F               	rrf	15,w	;volatile
  9925     03DB  0C89               	rrf	9,f
  9926     03DC  3901               	andlw	1
  9927     03DD  00F5               	movwf	??_LCDsend2x4
  9928     03DE  0811               	movf	17,w	;volatile
  9929     03DF  391F               	andlw	31
  9930     03E0  0475               	iorwf	??_LCDsend2x4,w
  9931     03E1  1D03               	btfss	3,2
  9932     03E2  2BE4               	goto	u3441
  9933     03E3  2BE5               	goto	u3440
  9934     03E4                     u3441:
  9935     03E4  2BD9               	goto	l4246
  9936     03E5                     u3440:
  9937     03E5                     l211:
  9938                           
  9939                           ;LCD/lcd.c: 69:   _delay((unsigned long)((1)*(4000000/4000000.0)));
  9940     03E5  0000               	nop
  9941     03E6                     l4248:
  9942                           
  9943                           ;LCD/lcd.c: 70:   WriteI2C(hc | 0x08 | mode); while ((SSP1CON2 & 0x1F) | (SSP1STATbits.R
      +                          _W));
  9944     03E6  0877               	movf	LCDsend2x4@hc,w
  9945     03E7  0474               	iorwf	LCDsend2x4@mode,w
  9946     03E8  3808               	iorlw	8
  9947     03E9  3186  264A  3183   	fcall	_WriteI2C
  9948     03EC                     l4250:
  9949     03EC  0023               	movlb	3	; select bank3
  9950     03ED  0C0F               	rrf	15,w	;volatile
  9951     03EE  0C89               	rrf	9,f
  9952     03EF  3901               	andlw	1
  9953     03F0  00F5               	movwf	??_LCDsend2x4
  9954     03F1  0811               	movf	17,w	;volatile
  9955     03F2  391F               	andlw	31
  9956     03F3  0475               	iorwf	??_LCDsend2x4,w
  9957     03F4  1D03               	btfss	3,2
  9958     03F5  2BF7               	goto	u3451
  9959     03F6  2BF8               	goto	u3450
  9960     03F7                     u3451:
  9961     03F7  2BEC               	goto	l4250
  9962     03F8                     u3450:
  9963     03F8                     l4252:
  9964                           
  9965                           ;LCD/lcd.c: 71:   WriteI2C(lc | 0x08 | mode); while ((SSP1CON2 & 0x1F) | (SSP1STATbits.R
      +                          _W));
  9966     03F8  0878               	movf	LCDsend2x4@lc,w
  9967     03F9  0474               	iorwf	LCDsend2x4@mode,w
  9968     03FA  3808               	iorlw	8
  9969     03FB  3186  264A  3183   	fcall	_WriteI2C
  9970     03FE                     l4254:
  9971     03FE  0023               	movlb	3	; select bank3
  9972     03FF  0C0F               	rrf	15,w	;volatile
  9973     0400  0C89               	rrf	9,f
  9974     0401  3901               	andlw	1
  9975     0402  00F5               	movwf	??_LCDsend2x4
  9976     0403  0811               	movf	17,w	;volatile
  9977     0404  391F               	andlw	31
  9978     0405  0475               	iorwf	??_LCDsend2x4,w
  9979     0406  1D03               	btfss	3,2
  9980     0407  2C09               	goto	u3461
  9981     0408  2C0A               	goto	u3460
  9982     0409                     u3461:
  9983     0409  2BFE               	goto	l4254
  9984     040A                     u3460:
  9985     040A                     l4256:
  9986                           
  9987                           ;LCD/lcd.c: 72:   WriteI2C(lc | 0x08 | 0x04 | mode); while ((SSP1CON2 & 0x1F) | (SSP1STA
      +                          Tbits.R_W));
  9988     040A  0878               	movf	LCDsend2x4@lc,w
  9989     040B  0474               	iorwf	LCDsend2x4@mode,w
  9990     040C  380C               	iorlw	12
  9991     040D  3186  264A  3183   	fcall	_WriteI2C
  9992     0410                     l4258:
  9993     0410  0023               	movlb	3	; select bank3
  9994     0411  0C0F               	rrf	15,w	;volatile
  9995     0412  0C89               	rrf	9,f
  9996     0413  3901               	andlw	1
  9997     0414  00F5               	movwf	??_LCDsend2x4
  9998     0415  0811               	movf	17,w	;volatile
  9999     0416  391F               	andlw	31
 10000     0417  0475               	iorwf	??_LCDsend2x4,w
 10001     0418  1D03               	btfss	3,2
 10002     0419  2C1B               	goto	u3471
 10003     041A  2C1C               	goto	u3470
 10004     041B                     u3471:
 10005     041B  2C10               	goto	l4258
 10006     041C                     u3470:
 10007     041C                     l220:
 10008                           
 10009                           ;LCD/lcd.c: 73:   _delay((unsigned long)((1)*(4000000/4000000.0)));
 10010     041C  0000               	nop
 10011     041D                     l4260:
 10012                           
 10013                           ;LCD/lcd.c: 74:   WriteI2C(lc | 0x08 | mode); while ((SSP1CON2 & 0x1F) | (SSP1STATbits.R
      +                          _W));
 10014     041D  0878               	movf	LCDsend2x4@lc,w
 10015     041E  0474               	iorwf	LCDsend2x4@mode,w
 10016     041F  3808               	iorlw	8
 10017     0420  3186  264A  3183   	fcall	_WriteI2C
 10018     0423                     l4262:
 10019     0423  0023               	movlb	3	; select bank3
 10020     0424  0C0F               	rrf	15,w	;volatile
 10021     0425  0C89               	rrf	9,f
 10022     0426  3901               	andlw	1
 10023     0427  00F5               	movwf	??_LCDsend2x4
 10024     0428  0811               	movf	17,w	;volatile
 10025     0429  391F               	andlw	31
 10026     042A  0475               	iorwf	??_LCDsend2x4,w
 10027     042B  1D03               	btfss	3,2
 10028     042C  2C2E               	goto	u3481
 10029     042D  2C2F               	goto	u3480
 10030     042E                     u3481:
 10031     042E  2C23               	goto	l4262
 10032     042F                     u3480:
 10033     042F                     l224:	
 10034                           ;LCD/lcd.c: 75:   do { SSP1CON2bits.PEN = 1;while(SSP1CON2bits.PEN); } while (0);
 10035                           
 10036     042F  1511               	bsf	17,2	;volatile
 10037     0430                     l225:
 10038     0430  1911               	btfsc	17,2	;volatile
 10039     0431  2C33               	goto	u3491
 10040     0432  2C34               	goto	u3490
 10041     0433                     u3491:
 10042     0433  2C30               	goto	l225
 10043     0434                     u3490:
 10044     0434                     l4264:
 10045                           
 10046                           ;LCD/lcd.c: 76:   _delay((unsigned long)((50)*(4000000/4000000.0)));
 10047     0434  3010               	movlw	16
 10048     0435                     u4317:
 10049     0435  0B89               	decfsz	9,f
 10050     0436  2C35               	goto	u4317
 10051     0437  3200               	nop2
 10052     0438                     l229:
 10053     0438  0008               	return
 10054     0439                     __end_of_LCDsend2x4:
 10055                           
 10056                           	psect	text28
 10057     0F1F                     __ptext28:	
 10058 ;; *************** function _LCDbusy *****************
 10059 ;; Defined at:
 10060 ;;		line 119 in file "LCD/lcd.c"
 10061 ;; Parameters:    Size  Location     Type
 10062 ;;		None
 10063 ;; Auto vars:     Size  Location     Type
 10064 ;;		None
 10065 ;; Return value:  Size  Location     Type
 10066 ;;                  2    9[COMMON] int 
 10067 ;; Registers used:
 10068 ;;		wreg, status,2, status,0, pclath, cstack
 10069 ;; Tracked objects:
 10070 ;;		On entry : 0/0
 10071 ;;		On exit  : 0/0
 10072 ;;		Unchanged: 0/0
 10073 ;; Data sizes:     COMMON   BANK0   BANK1   BANK2   BANK3   BANK4   BANK5   BANK6   BANK7   BANK8   BANK9  BANK10  BANK1
      +1  BANK12
 10074 ;;      Params:         2       0       0       0       0       0       0       0       0       0       0       0       
      +0       0
 10075 ;;      Locals:         0       0       0       0       0       0       0       0       0       0       0       0       
      +0       0
 10076 ;;      Temps:          0       0       0       0       0       0       0       0       0       0       0       0       
      +0       0
 10077 ;;      Totals:         2       0       0       0       0       0       0       0       0       0       0       0       
      +0       0
 10078 ;;Total ram usage:        2 bytes
 10079 ;; Hardware stack levels used: 1
 10080 ;; Hardware stack levels required when called: 5
 10081 ;; This function calls:
 10082 ;;		_LCDrecv
 10083 ;; This function is called by:
 10084 ;;		_main
 10085 ;; This function uses a non-reentrant model
 10086 ;;
 10087                           
 10088     0F1F                     _LCDbusy:	
 10089                           ;psect for function _LCDbusy
 10090                           
 10091     0F1F                     l4468:	
 10092                           ;incstack = 0
 10093                           ; Regs used in _LCDbusy: [wreg+status,2+status,0+pclath+cstack]
 10094                           
 10095                           
 10096                           ;LCD/lcd.c: 121:   if(LCDrecv(0) & 0x80) return 1;
 10097     0F1F  3000               	movlw	0
 10098     0F20  3180  2038  318F   	fcall	_LCDrecv
 10099     0F23  3980               	andlw	128
 10100     0F24  1903               	btfsc	3,2
 10101     0F25  2F27               	goto	u3891
 10102     0F26  2F28               	goto	u3890
 10103     0F27                     u3891:
 10104     0F27  2F2D               	goto	l4474
 10105     0F28                     u3890:
 10106     0F28                     l4470:
 10107     0F28  3001               	movlw	1
 10108     0F29  00F9               	movwf	?_LCDbusy
 10109     0F2A  3000               	movlw	0
 10110     0F2B  00FA               	movwf	?_LCDbusy+1
 10111     0F2C  2F2F               	goto	l248
 10112     0F2D                     l4474:
 10113                           
 10114                           ;LCD/lcd.c: 122:   return 0;
 10115     0F2D  01F9               	clrf	?_LCDbusy
 10116     0F2E  01FA               	clrf	?_LCDbusy+1
 10117     0F2F                     l248:
 10118     0F2F  0008               	return
 10119     0F30                     __end_of_LCDbusy:
 10120                           
 10121                           	psect	text29
 10122     0038                     __ptext29:	
 10123 ;; *************** function _LCDrecv *****************
 10124 ;; Defined at:
 10125 ;;		line 25 in file "LCD/lcd.c"
 10126 ;; Parameters:    Size  Location     Type
 10127 ;;  mode            1    wreg     unsigned char 
 10128 ;; Auto vars:     Size  Location     Type
 10129 ;;  mode            1    8[COMMON] unsigned char 
 10130 ;;  lc              1    7[COMMON] unsigned char 
 10131 ;;  hc              1    6[COMMON] unsigned char 
 10132 ;; Return value:  Size  Location     Type
 10133 ;;                  1    wreg      unsigned char 
 10134 ;; Registers used:
 10135 ;;		wreg, status,2, status,0, pclath, cstack
 10136 ;; Tracked objects:
 10137 ;;		On entry : 0/0
 10138 ;;		On exit  : 0/0
 10139 ;;		Unchanged: 0/0
 10140 ;; Data sizes:     COMMON   BANK0   BANK1   BANK2   BANK3   BANK4   BANK5   BANK6   BANK7   BANK8   BANK9  BANK10  BANK1
      +1  BANK12
 10141 ;;      Params:         0       0       0       0       0       0       0       0       0       0       0       0       
      +0       0
 10142 ;;      Locals:         3       0       0       0       0       0       0       0       0       0       0       0       
      +0       0
 10143 ;;      Temps:          2       0       0       0       0       0       0       0       0       0       0       0       
      +0       0
 10144 ;;      Totals:         5       0       0       0       0       0       0       0       0       0       0       0       
      +0       0
 10145 ;;Total ram usage:        5 bytes
 10146 ;; Hardware stack levels used: 1
 10147 ;; Hardware stack levels required when called: 4
 10148 ;; This function calls:
 10149 ;;		_ReadI2C
 10150 ;;		_WriteI2C
 10151 ;; This function is called by:
 10152 ;;		_LCDbusy
 10153 ;; This function uses a non-reentrant model
 10154 ;;
 10155                           
 10156     0038                     _LCDrecv:	
 10157                           ;psect for function _LCDrecv
 10158                           
 10159                           
 10160                           ;incstack = 0
 10161                           ; Regs used in _LCDrecv: [wreg+status,2+status,0+pclath+cstack]
 10162                           ;LCDrecv@mode stored from wreg
 10163     0038  00F8               	movwf	LCDrecv@mode
 10164     0039                     l4348:
 10165     0039                     l4350:	
 10166                           ;LCD/lcd.c: 25: unsigned char LCDrecv(unsigned char mode);LCD/lcd.c: 26: {;LCD/lcd.c: 27
      +                          :   unsigned char hc;;LCD/lcd.c: 28:   unsigned char lc;;LCD/lcd.c: 30:   while ((SSP1CO
      +                          N2 & 0x1F) | (SSP1STATbits.R_W));
 10167                           
 10168     0039  0023               	movlb	3	; select bank3
 10169     003A  0C0F               	rrf	15,w	;volatile
 10170     003B  0C89               	rrf	9,f
 10171     003C  3901               	andlw	1
 10172     003D  00F4               	movwf	??_LCDrecv
 10173     003E  0811               	movf	17,w	;volatile
 10174     003F  391F               	andlw	31
 10175     0040  0474               	iorwf	??_LCDrecv,w
 10176     0041  1D03               	btfss	3,2
 10177     0042  2844               	goto	u3601
 10178     0043  2845               	goto	u3600
 10179     0044                     u3601:
 10180     0044  2839               	goto	l4350
 10181     0045                     u3600:
 10182     0045                     l98:	
 10183                           ;LCD/lcd.c: 31:   do { SSP1CON2bits.SEN=1;while(SSP1CON2bits.SEN); } while (0); while ((
      +                          SSP1CON2 & 0x1F) | (SSP1STATbits.R_W));
 10184                           
 10185     0045  1411               	bsf	17,0	;volatile
 10186     0046                     l99:
 10187     0046  1811               	btfsc	17,0	;volatile
 10188     0047  2849               	goto	u3611
 10189     0048  284A               	goto	u3610
 10190     0049                     u3611:
 10191     0049  2846               	goto	l99
 10192     004A                     u3610:
 10193     004A                     l4352:
 10194     004A  0C0F               	rrf	15,w	;volatile
 10195     004B  0C89               	rrf	9,f
 10196     004C  3901               	andlw	1
 10197     004D  00F4               	movwf	??_LCDrecv
 10198     004E  0811               	movf	17,w	;volatile
 10199     004F  391F               	andlw	31
 10200     0050  0474               	iorwf	??_LCDrecv,w
 10201     0051  1D03               	btfss	3,2
 10202     0052  2854               	goto	u3621
 10203     0053  2855               	goto	u3620
 10204     0054                     u3621:
 10205     0054  284A               	goto	l4352
 10206     0055                     u3620:
 10207     0055                     l4354:
 10208                           
 10209                           ;LCD/lcd.c: 32:   WriteI2C(0x4e | 0x00); while ((SSP1CON2 & 0x1F) | (SSP1STATbits.R_W));
 10210     0055  304E               	movlw	78
 10211     0056  3186  264A  3180   	fcall	_WriteI2C
 10212     0059                     l4356:
 10213     0059  0023               	movlb	3	; select bank3
 10214     005A  0C0F               	rrf	15,w	;volatile
 10215     005B  0C89               	rrf	9,f
 10216     005C  3901               	andlw	1
 10217     005D  00F4               	movwf	??_LCDrecv
 10218     005E  0811               	movf	17,w	;volatile
 10219     005F  391F               	andlw	31
 10220     0060  0474               	iorwf	??_LCDrecv,w
 10221     0061  1D03               	btfss	3,2
 10222     0062  2864               	goto	u3631
 10223     0063  2865               	goto	u3630
 10224     0064                     u3631:
 10225     0064  2859               	goto	l4356
 10226     0065                     u3630:
 10227     0065                     l4358:
 10228                           
 10229                           ;LCD/lcd.c: 33:   WriteI2C(0xf0 | 0x08 | 0x02 | mode); while ((SSP1CON2 & 0x1F) | (SSP1S
      +                          TATbits.R_W));
 10230     0065  0878               	movf	LCDrecv@mode,w
 10231     0066  38FA               	iorlw	250
 10232     0067  3186  264A  3180   	fcall	_WriteI2C
 10233     006A                     l4360:
 10234     006A  0023               	movlb	3	; select bank3
 10235     006B  0C0F               	rrf	15,w	;volatile
 10236     006C  0C89               	rrf	9,f
 10237     006D  3901               	andlw	1
 10238     006E  00F4               	movwf	??_LCDrecv
 10239     006F  0811               	movf	17,w	;volatile
 10240     0070  391F               	andlw	31
 10241     0071  0474               	iorwf	??_LCDrecv,w
 10242     0072  1D03               	btfss	3,2
 10243     0073  2875               	goto	u3641
 10244     0074  2876               	goto	u3640
 10245     0075                     u3641:
 10246     0075  286A               	goto	l4360
 10247     0076                     u3640:
 10248     0076                     l4362:
 10249                           
 10250                           ;LCD/lcd.c: 34:   WriteI2C(0xf0 | 0x08 | 0x04 | 0x02 | mode); while ((SSP1CON2 & 0x1F) |
      +                           (SSP1STATbits.R_W));
 10251     0076  0878               	movf	LCDrecv@mode,w
 10252     0077  38FE               	iorlw	254
 10253     0078  3186  264A  3180   	fcall	_WriteI2C
 10254     007B                     l4364:
 10255     007B  0023               	movlb	3	; select bank3
 10256     007C  0C0F               	rrf	15,w	;volatile
 10257     007D  0C89               	rrf	9,f
 10258     007E  3901               	andlw	1
 10259     007F  00F4               	movwf	??_LCDrecv
 10260     0080  0811               	movf	17,w	;volatile
 10261     0081  391F               	andlw	31
 10262     0082  0474               	iorwf	??_LCDrecv,w
 10263     0083  1D03               	btfss	3,2
 10264     0084  2886               	goto	u3651
 10265     0085  2887               	goto	u3650
 10266     0086                     u3651:
 10267     0086  287B               	goto	l4364
 10268     0087                     u3650:
 10269     0087                     l114:
 10270                           
 10271                           ;LCD/lcd.c: 35:   _delay((unsigned long)((1)*(4000000/4000000.0)));
 10272     0087  0000               	nop
 10273     0088                     l115:	
 10274                           ;LCD/lcd.c: 36:   do { SSP1CON2bits.RSEN=1;while(SSP1CON2bits.RSEN); } while (0); while 
      +                          ((SSP1CON2 & 0x1F) | (SSP1STATbits.R_W));
 10275                           
 10276     0088  0023               	movlb	3	; select bank3
 10277     0089  1491               	bsf	17,1	;volatile
 10278     008A                     l116:
 10279     008A  1891               	btfsc	17,1	;volatile
 10280     008B  288D               	goto	u3661
 10281     008C  288E               	goto	u3660
 10282     008D                     u3661:
 10283     008D  288A               	goto	l116
 10284     008E                     u3660:
 10285     008E                     l4366:
 10286     008E  0C0F               	rrf	15,w	;volatile
 10287     008F  0C89               	rrf	9,f
 10288     0090  3901               	andlw	1
 10289     0091  00F4               	movwf	??_LCDrecv
 10290     0092  0811               	movf	17,w	;volatile
 10291     0093  391F               	andlw	31
 10292     0094  0474               	iorwf	??_LCDrecv,w
 10293     0095  1D03               	btfss	3,2
 10294     0096  2898               	goto	u3671
 10295     0097  2899               	goto	u3670
 10296     0098                     u3671:
 10297     0098  288E               	goto	l4366
 10298     0099                     u3670:
 10299     0099                     l4368:
 10300                           
 10301                           ;LCD/lcd.c: 37:   WriteI2C(0x4e | 0x01); while ((SSP1CON2 & 0x1F) | (SSP1STATbits.R_W));
 10302     0099  304F               	movlw	79
 10303     009A  3186  264A  3180   	fcall	_WriteI2C
 10304     009D                     l4370:
 10305     009D  0023               	movlb	3	; select bank3
 10306     009E  0C0F               	rrf	15,w	;volatile
 10307     009F  0C89               	rrf	9,f
 10308     00A0  3901               	andlw	1
 10309     00A1  00F4               	movwf	??_LCDrecv
 10310     00A2  0811               	movf	17,w	;volatile
 10311     00A3  391F               	andlw	31
 10312     00A4  0474               	iorwf	??_LCDrecv,w
 10313     00A5  1D03               	btfss	3,2
 10314     00A6  28A8               	goto	u3681
 10315     00A7  28A9               	goto	u3680
 10316     00A8                     u3681:
 10317     00A8  289D               	goto	l4370
 10318     00A9                     u3680:
 10319     00A9                     l4372:
 10320                           
 10321                           ;LCD/lcd.c: 38:   hc = ReadI2C(); while ((SSP1CON2 & 0x1F) | (SSP1STATbits.R_W));
 10322     00A9  318F  276C  3180   	fcall	_ReadI2C
 10323     00AC  00F6               	movwf	LCDrecv@hc
 10324     00AD                     l4374:
 10325     00AD  0023               	movlb	3	; select bank3
 10326     00AE  0C0F               	rrf	15,w	;volatile
 10327     00AF  0C89               	rrf	9,f
 10328     00B0  3901               	andlw	1
 10329     00B1  00F4               	movwf	??_LCDrecv
 10330     00B2  0811               	movf	17,w	;volatile
 10331     00B3  391F               	andlw	31
 10332     00B4  0474               	iorwf	??_LCDrecv,w
 10333     00B5  1D03               	btfss	3,2
 10334     00B6  28B8               	goto	u3691
 10335     00B7  28B9               	goto	u3690
 10336     00B8                     u3691:
 10337     00B8  28AD               	goto	l4374
 10338     00B9                     u3690:
 10339     00B9                     l129:	
 10340                           ;LCD/lcd.c: 39:   do { SSP1CON2bits.ACKDT=1;SSP1CON2bits.ACKEN=1;while(SSP1CON2bits.ACKE
      +                          N); } while (0);
 10341                           
 10342     00B9  1691               	bsf	17,5	;volatile
 10343     00BA  1611               	bsf	17,4	;volatile
 10344     00BB                     l130:
 10345     00BB  1A11               	btfsc	17,4	;volatile
 10346     00BC  28BE               	goto	u3701
 10347     00BD  28BF               	goto	u3700
 10348     00BE                     u3701:
 10349     00BE  28BB               	goto	l130
 10350     00BF                     u3700:
 10351     00BF                     l134:	
 10352                           ;LCD/lcd.c: 40:   do { SSP1CON2bits.RSEN=1;while(SSP1CON2bits.RSEN); } while (0); while 
      +                          ((SSP1CON2 & 0x1F) | (SSP1STATbits.R_W));
 10353                           
 10354     00BF  1491               	bsf	17,1	;volatile
 10355     00C0                     l135:
 10356     00C0  1891               	btfsc	17,1	;volatile
 10357     00C1  28C3               	goto	u3711
 10358     00C2  28C4               	goto	u3710
 10359     00C3                     u3711:
 10360     00C3  28C0               	goto	l135
 10361     00C4                     u3710:
 10362     00C4                     l4376:
 10363     00C4  0C0F               	rrf	15,w	;volatile
 10364     00C5  0C89               	rrf	9,f
 10365     00C6  3901               	andlw	1
 10366     00C7  00F4               	movwf	??_LCDrecv
 10367     00C8  0811               	movf	17,w	;volatile
 10368     00C9  391F               	andlw	31
 10369     00CA  0474               	iorwf	??_LCDrecv,w
 10370     00CB  1D03               	btfss	3,2
 10371     00CC  28CE               	goto	u3721
 10372     00CD  28CF               	goto	u3720
 10373     00CE                     u3721:
 10374     00CE  28C4               	goto	l4376
 10375     00CF                     u3720:
 10376     00CF                     l4378:
 10377                           
 10378                           ;LCD/lcd.c: 41:   WriteI2C(0x4e | 0x00); while ((SSP1CON2 & 0x1F) | (SSP1STATbits.R_W));
 10379     00CF  304E               	movlw	78
 10380     00D0  3186  264A  3180   	fcall	_WriteI2C
 10381     00D3                     l4380:
 10382     00D3  0023               	movlb	3	; select bank3
 10383     00D4  0C0F               	rrf	15,w	;volatile
 10384     00D5  0C89               	rrf	9,f
 10385     00D6  3901               	andlw	1
 10386     00D7  00F4               	movwf	??_LCDrecv
 10387     00D8  0811               	movf	17,w	;volatile
 10388     00D9  391F               	andlw	31
 10389     00DA  0474               	iorwf	??_LCDrecv,w
 10390     00DB  1D03               	btfss	3,2
 10391     00DC  28DE               	goto	u3731
 10392     00DD  28DF               	goto	u3730
 10393     00DE                     u3731:
 10394     00DE  28D3               	goto	l4380
 10395     00DF                     u3730:
 10396     00DF                     l4382:
 10397                           
 10398                           ;LCD/lcd.c: 42:   WriteI2C(0xf0 | 0x08 | 0x02 | mode); while ((SSP1CON2 & 0x1F) | (SSP1S
      +                          TATbits.R_W));
 10399     00DF  0878               	movf	LCDrecv@mode,w
 10400     00E0  38FA               	iorlw	250
 10401     00E1  3186  264A  3180   	fcall	_WriteI2C
 10402     00E4                     l4384:
 10403     00E4  0023               	movlb	3	; select bank3
 10404     00E5  0C0F               	rrf	15,w	;volatile
 10405     00E6  0C89               	rrf	9,f
 10406     00E7  3901               	andlw	1
 10407     00E8  00F4               	movwf	??_LCDrecv
 10408     00E9  0811               	movf	17,w	;volatile
 10409     00EA  391F               	andlw	31
 10410     00EB  0474               	iorwf	??_LCDrecv,w
 10411     00EC  1D03               	btfss	3,2
 10412     00ED  28EF               	goto	u3741
 10413     00EE  28F0               	goto	u3740
 10414     00EF                     u3741:
 10415     00EF  28E4               	goto	l4384
 10416     00F0                     u3740:
 10417     00F0                     l4386:
 10418                           
 10419                           ;LCD/lcd.c: 43:   WriteI2C(0xf0 | 0x08 | 0x04 | 0x02 | mode); while ((SSP1CON2 & 0x1F) |
      +                           (SSP1STATbits.R_W));
 10420     00F0  0878               	movf	LCDrecv@mode,w
 10421     00F1  38FE               	iorlw	254
 10422     00F2  3186  264A  3180   	fcall	_WriteI2C
 10423     00F5                     l4388:
 10424     00F5  0023               	movlb	3	; select bank3
 10425     00F6  0C0F               	rrf	15,w	;volatile
 10426     00F7  0C89               	rrf	9,f
 10427     00F8  3901               	andlw	1
 10428     00F9  00F4               	movwf	??_LCDrecv
 10429     00FA  0811               	movf	17,w	;volatile
 10430     00FB  391F               	andlw	31
 10431     00FC  0474               	iorwf	??_LCDrecv,w
 10432     00FD  1D03               	btfss	3,2
 10433     00FE  2900               	goto	u3751
 10434     00FF  2901               	goto	u3750
 10435     0100                     u3751:
 10436     0100  28F5               	goto	l4388
 10437     0101                     u3750:
 10438     0101                     l150:
 10439                           
 10440                           ;LCD/lcd.c: 44:   _delay((unsigned long)((1)*(4000000/4000000.0)));
 10441     0101  0000               	nop
 10442     0102                     l151:	
 10443                           ;LCD/lcd.c: 45:   do { SSP1CON2bits.RSEN=1;while(SSP1CON2bits.RSEN); } while (0); while 
      +                          ((SSP1CON2 & 0x1F) | (SSP1STATbits.R_W));
 10444                           
 10445     0102  0023               	movlb	3	; select bank3
 10446     0103  1491               	bsf	17,1	;volatile
 10447     0104                     l152:
 10448     0104  1891               	btfsc	17,1	;volatile
 10449     0105  2907               	goto	u3761
 10450     0106  2908               	goto	u3760
 10451     0107                     u3761:
 10452     0107  2904               	goto	l152
 10453     0108                     u3760:
 10454     0108                     l4390:
 10455     0108  0C0F               	rrf	15,w	;volatile
 10456     0109  0C89               	rrf	9,f
 10457     010A  3901               	andlw	1
 10458     010B  00F4               	movwf	??_LCDrecv
 10459     010C  0811               	movf	17,w	;volatile
 10460     010D  391F               	andlw	31
 10461     010E  0474               	iorwf	??_LCDrecv,w
 10462     010F  1D03               	btfss	3,2
 10463     0110  2912               	goto	u3771
 10464     0111  2913               	goto	u3770
 10465     0112                     u3771:
 10466     0112  2908               	goto	l4390
 10467     0113                     u3770:
 10468     0113                     l4392:
 10469                           
 10470                           ;LCD/lcd.c: 46:   WriteI2C(0x4e | 0x01); while ((SSP1CON2 & 0x1F) | (SSP1STATbits.R_W));
 10471     0113  304F               	movlw	79
 10472     0114  3186  264A  3180   	fcall	_WriteI2C
 10473     0117                     l4394:
 10474     0117  0023               	movlb	3	; select bank3
 10475     0118  0C0F               	rrf	15,w	;volatile
 10476     0119  0C89               	rrf	9,f
 10477     011A  3901               	andlw	1
 10478     011B  00F4               	movwf	??_LCDrecv
 10479     011C  0811               	movf	17,w	;volatile
 10480     011D  391F               	andlw	31
 10481     011E  0474               	iorwf	??_LCDrecv,w
 10482     011F  1D03               	btfss	3,2
 10483     0120  2922               	goto	u3781
 10484     0121  2923               	goto	u3780
 10485     0122                     u3781:
 10486     0122  2917               	goto	l4394
 10487     0123                     u3780:
 10488     0123                     l4396:
 10489                           
 10490                           ;LCD/lcd.c: 47:   lc = ReadI2C(); while ((SSP1CON2 & 0x1F) | (SSP1STATbits.R_W));
 10491     0123  318F  276C  3180   	fcall	_ReadI2C
 10492     0126  00F7               	movwf	LCDrecv@lc
 10493     0127                     l4398:
 10494     0127  0023               	movlb	3	; select bank3
 10495     0128  0C0F               	rrf	15,w	;volatile
 10496     0129  0C89               	rrf	9,f
 10497     012A  3901               	andlw	1
 10498     012B  00F4               	movwf	??_LCDrecv
 10499     012C  0811               	movf	17,w	;volatile
 10500     012D  391F               	andlw	31
 10501     012E  0474               	iorwf	??_LCDrecv,w
 10502     012F  1D03               	btfss	3,2
 10503     0130  2932               	goto	u3791
 10504     0131  2933               	goto	u3790
 10505     0132                     u3791:
 10506     0132  2927               	goto	l4398
 10507     0133                     u3790:
 10508     0133                     l165:	
 10509                           ;LCD/lcd.c: 48:   do { SSP1CON2bits.ACKDT=1;SSP1CON2bits.ACKEN=1;while(SSP1CON2bits.ACKE
      +                          N); } while (0);
 10510                           
 10511     0133  1691               	bsf	17,5	;volatile
 10512     0134  1611               	bsf	17,4	;volatile
 10513     0135                     l166:
 10514     0135  1A11               	btfsc	17,4	;volatile
 10515     0136  2938               	goto	u3801
 10516     0137  2939               	goto	u3800
 10517     0138                     u3801:
 10518     0138  2935               	goto	l166
 10519     0139                     u3800:
 10520     0139                     l170:	
 10521                           ;LCD/lcd.c: 49:   do { SSP1CON2bits.RSEN=1;while(SSP1CON2bits.RSEN); } while (0); while 
      +                          ((SSP1CON2 & 0x1F) | (SSP1STATbits.R_W));
 10522                           
 10523     0139  1491               	bsf	17,1	;volatile
 10524     013A                     l171:
 10525     013A  1891               	btfsc	17,1	;volatile
 10526     013B  293D               	goto	u3811
 10527     013C  293E               	goto	u3810
 10528     013D                     u3811:
 10529     013D  293A               	goto	l171
 10530     013E                     u3810:
 10531     013E                     l4400:
 10532     013E  0C0F               	rrf	15,w	;volatile
 10533     013F  0C89               	rrf	9,f
 10534     0140  3901               	andlw	1
 10535     0141  00F4               	movwf	??_LCDrecv
 10536     0142  0811               	movf	17,w	;volatile
 10537     0143  391F               	andlw	31
 10538     0144  0474               	iorwf	??_LCDrecv,w
 10539     0145  1D03               	btfss	3,2
 10540     0146  2948               	goto	u3821
 10541     0147  2949               	goto	u3820
 10542     0148                     u3821:
 10543     0148  293E               	goto	l4400
 10544     0149                     u3820:
 10545     0149                     l4402:
 10546                           
 10547                           ;LCD/lcd.c: 50:   WriteI2C(0x4e | 0x00); while ((SSP1CON2 & 0x1F) | (SSP1STATbits.R_W));
 10548     0149  304E               	movlw	78
 10549     014A  3186  264A  3180   	fcall	_WriteI2C
 10550     014D                     l4404:
 10551     014D  0023               	movlb	3	; select bank3
 10552     014E  0C0F               	rrf	15,w	;volatile
 10553     014F  0C89               	rrf	9,f
 10554     0150  3901               	andlw	1
 10555     0151  00F4               	movwf	??_LCDrecv
 10556     0152  0811               	movf	17,w	;volatile
 10557     0153  391F               	andlw	31
 10558     0154  0474               	iorwf	??_LCDrecv,w
 10559     0155  1D03               	btfss	3,2
 10560     0156  2958               	goto	u3831
 10561     0157  2959               	goto	u3830
 10562     0158                     u3831:
 10563     0158  294D               	goto	l4404
 10564     0159                     u3830:
 10565     0159                     l4406:
 10566                           
 10567                           ;LCD/lcd.c: 51:   WriteI2C(0xf0 | 0x08 | 0x02 | mode); while ((SSP1CON2 & 0x1F) | (SSP1S
      +                          TATbits.R_W));
 10568     0159  0878               	movf	LCDrecv@mode,w
 10569     015A  38FA               	iorlw	250
 10570     015B  3186  264A  3180   	fcall	_WriteI2C
 10571     015E                     l4408:
 10572     015E  0023               	movlb	3	; select bank3
 10573     015F  0C0F               	rrf	15,w	;volatile
 10574     0160  0C89               	rrf	9,f
 10575     0161  3901               	andlw	1
 10576     0162  00F4               	movwf	??_LCDrecv
 10577     0163  0811               	movf	17,w	;volatile
 10578     0164  391F               	andlw	31
 10579     0165  0474               	iorwf	??_LCDrecv,w
 10580     0166  1D03               	btfss	3,2
 10581     0167  2969               	goto	u3841
 10582     0168  296A               	goto	u3840
 10583     0169                     u3841:
 10584     0169  295E               	goto	l4408
 10585     016A                     u3840:
 10586     016A                     l184:	
 10587                           ;LCD/lcd.c: 52:   do { SSP1CON2bits.PEN = 1;while(SSP1CON2bits.PEN); } while (0);
 10588                           
 10589     016A  1511               	bsf	17,2	;volatile
 10590     016B                     l185:
 10591     016B  1911               	btfsc	17,2	;volatile
 10592     016C  296E               	goto	u3851
 10593     016D  296F               	goto	u3850
 10594     016E                     u3851:
 10595     016E  296B               	goto	l185
 10596     016F                     u3850:
 10597     016F                     l4410:
 10598                           
 10599                           ;LCD/lcd.c: 53:   return ((hc&0xf0) | ((lc>>4)&0x0f));
 10600     016F  0877               	movf	LCDrecv@lc,w
 10601     0170  00F4               	movwf	??_LCDrecv
 10602     0171  3004               	movlw	4
 10603     0172                     u3865:
 10604     0172  36F4               	lsrf	??_LCDrecv,f
 10605     0173  0B89               	decfsz	9,f
 10606     0174  2972               	goto	u3865
 10607     0175  300F               	movlw	15
 10608     0176  0574               	andwf	??_LCDrecv,w
 10609     0177  00F5               	movwf	??_LCDrecv+1
 10610     0178  0876               	movf	LCDrecv@hc,w
 10611     0179  39F0               	andlw	240
 10612     017A  0475               	iorwf	??_LCDrecv+1,w
 10613     017B                     l189:
 10614     017B  0008               	return
 10615     017C                     __end_of_LCDrecv:
 10616                           
 10617                           	psect	text30
 10618     064A                     __ptext30:	
 10619 ;; *************** function _WriteI2C *****************
 10620 ;; Defined at:
 10621 ;;		line 59 in file "I2C/i2c.c"
 10622 ;; Parameters:    Size  Location     Type
 10623 ;;  data_out        1    wreg     unsigned char 
 10624 ;; Auto vars:     Size  Location     Type
 10625 ;;  data_out        1    3[COMMON] unsigned char 
 10626 ;; Return value:  Size  Location     Type
 10627 ;;                  1    wreg      char 
 10628 ;; Registers used:
 10629 ;;		wreg, status,2, status,0
 10630 ;; Tracked objects:
 10631 ;;		On entry : 0/0
 10632 ;;		On exit  : 0/0
 10633 ;;		Unchanged: 0/0
 10634 ;; Data sizes:     COMMON   BANK0   BANK1   BANK2   BANK3   BANK4   BANK5   BANK6   BANK7   BANK8   BANK9  BANK10  BANK1
      +1  BANK12
 10635 ;;      Params:         0       0       0       0       0       0       0       0       0       0       0       0       
      +0       0
 10636 ;;      Locals:         1       0       0       0       0       0       0       0       0       0       0       0       
      +0       0
 10637 ;;      Temps:          1       0       0       0       0       0       0       0       0       0       0       0       
      +0       0
 10638 ;;      Totals:         2       0       0       0       0       0       0       0       0       0       0       0       
      +0       0
 10639 ;;Total ram usage:        2 bytes
 10640 ;; Hardware stack levels used: 1
 10641 ;; Hardware stack levels required when called: 3
 10642 ;; This function calls:
 10643 ;;		Nothing
 10644 ;; This function is called by:
 10645 ;;		_LCDsend
 10646 ;;		_LCDrecv
 10647 ;;		_LCDsend2x4
 10648 ;;		_readTC74
 10649 ;; This function uses a non-reentrant model
 10650 ;;
 10651                           
 10652     064A                     _WriteI2C:	
 10653                           ;psect for function _WriteI2C
 10654                           
 10655                           
 10656                           ;incstack = 0
 10657                           ; Regs used in _WriteI2C: [wreg+status,2+status,0]
 10658                           ;WriteI2C@data_out stored from wreg
 10659     064A  00F3               	movwf	WriteI2C@data_out
 10660     064B                     l4168:
 10661                           
 10662                           ;I2C/i2c.c: 59: signed char WriteI2C( unsigned char data_out );I2C/i2c.c: 60: {;I2C/i2c.
      +                          c: 61:   SSP1BUF = data_out;
 10663     064B  0873               	movf	WriteI2C@data_out,w
 10664     064C  0023               	movlb	3	; select bank3
 10665     064D  008C               	movwf	12	;volatile
 10666     064E                     l4170:
 10667                           
 10668                           ;I2C/i2c.c: 62:   if ( SSP1CON1bits.WCOL )
 10669     064E  1F90               	btfss	16,7	;volatile
 10670     064F  2E51               	goto	u3241
 10671     0650  2E52               	goto	u3240
 10672     0651                     u3241:
 10673     0651  2E53               	goto	l4176
 10674     0652                     u3240:
 10675     0652  2E94               	goto	l36
 10676     0653                     l4176:
 10677                           
 10678                           ;I2C/i2c.c: 65:   {;I2C/i2c.c: 66:  if( ((SSP1CON1&0x0F)!=0x08) && ((SSP1CON1&0x0F)!=0x0
      +                          B) )
 10679     0653  300F               	movlw	15
 10680     0654  0510               	andwf	16,w	;volatile
 10681     0655  00F2               	movwf	??_WriteI2C
 10682     0656  3008               	movlw	8
 10683     0657  0672               	xorwf	??_WriteI2C,w
 10684     0658  1903               	btfsc	3,2
 10685     0659  2E5B               	goto	u3251
 10686     065A  2E5C               	goto	u3250
 10687     065B                     u3251:
 10688     065B  2E72               	goto	l4188
 10689     065C                     u3250:
 10690     065C                     l4178:
 10691     065C  300F               	movlw	15
 10692     065D  0510               	andwf	16,w	;volatile
 10693     065E  00F2               	movwf	??_WriteI2C
 10694     065F  300B               	movlw	11
 10695     0660  0672               	xorwf	??_WriteI2C,w
 10696     0661  1903               	btfsc	3,2
 10697     0662  2E64               	goto	u3261
 10698     0663  2E65               	goto	u3260
 10699     0664                     u3261:
 10700     0664  2E72               	goto	l4188
 10701     0665                     u3260:
 10702     0665                     l4180:
 10703                           
 10704                           ;I2C/i2c.c: 67:  {;I2C/i2c.c: 68:        SSP1CON1bits.CKP = 1;
 10705     0665  1610               	bsf	16,4	;volatile
 10706     0666                     l39:	
 10707                           ;I2C/i2c.c: 69:        while ( !PIR3bits.SSP1IF );
 10708                           
 10709     0666  002E               	movlb	14	; select bank14
 10710     0667  1C0F               	btfss	15,0	;volatile
 10711     0668  2E6A               	goto	u3271
 10712     0669  2E6B               	goto	u3270
 10713     066A                     u3271:
 10714     066A  2E66               	goto	l39
 10715     066B                     u3270:
 10716     066B                     l41:
 10717                           
 10718                           ;I2C/i2c.c: 71:        if ( ( !SSP1STATbits.R_W ) && ( !SSP1STATbits.BF ) )
 10719     066B  0023               	movlb	3	; select bank3
 10720     066C  190F               	btfsc	15,2	;volatile
 10721     066D  2E6F               	goto	u3281
 10722     066E  2E70               	goto	u3280
 10723     066F                     u3281:
 10724     066F  2E94               	goto	l36
 10725     0670                     u3280:
 10726     0670                     l4182:
 10727     0670  080F               	movf	15,w	;volatile
 10728     0671  2E94               	goto	l36
 10729     0672                     l4188:
 10730     0672  300F               	movlw	15
 10731     0673  0510               	andwf	16,w	;volatile
 10732     0674  00F2               	movwf	??_WriteI2C
 10733     0675  3008               	movlw	8
 10734     0676  0672               	xorwf	??_WriteI2C,w
 10735     0677  1903               	btfsc	3,2
 10736     0678  2E7A               	goto	u3291
 10737     0679  2E7B               	goto	u3290
 10738     067A                     u3291:
 10739     067A  2E84               	goto	l48
 10740     067B                     u3290:
 10741     067B                     l4190:
 10742     067B  300F               	movlw	15
 10743     067C  0510               	andwf	16,w	;volatile
 10744     067D  00F2               	movwf	??_WriteI2C
 10745     067E  300B               	movlw	11
 10746     067F  0672               	xorwf	??_WriteI2C,w
 10747     0680  1D03               	btfss	3,2
 10748     0681  2E83               	goto	u3301
 10749     0682  2E84               	goto	u3300
 10750     0683                     u3301:
 10751     0683  2E94               	goto	l36
 10752     0684                     u3300:
 10753     0684                     l48:
 10754     0684  180F               	btfsc	15,0	;volatile
 10755     0685  2E87               	goto	u3311
 10756     0686  2E88               	goto	u3310
 10757     0687                     u3311:
 10758     0687  2E84               	goto	l48
 10759     0688                     u3310:
 10760     0688                     l4192:
 10761     0688  0C0F               	rrf	15,w	;volatile
 10762     0689  0C89               	rrf	9,f
 10763     068A  3901               	andlw	1
 10764     068B  00F2               	movwf	??_WriteI2C
 10765     068C  0811               	movf	17,w	;volatile
 10766     068D  391F               	andlw	31
 10767     068E  0472               	iorwf	??_WriteI2C,w
 10768     068F  1D03               	btfss	3,2
 10769     0690  2E92               	goto	u3321
 10770     0691  2E93               	goto	u3320
 10771     0692                     u3321:
 10772     0692  2E88               	goto	l4192
 10773     0693                     u3320:
 10774     0693                     l53:
 10775                           
 10776                           ;I2C/i2c.c: 84:      if ( SSP1CON2bits.ACKSTAT )
 10777     0693  0811               	movf	17,w	;volatile
 10778     0694                     l36:
 10779     0694  0008               	return
 10780     0695                     __end_of_WriteI2C:
 10781                           
 10782                           	psect	text31
 10783     0F6C                     __ptext31:	
 10784 ;; *************** function _ReadI2C *****************
 10785 ;; Defined at:
 10786 ;;		line 44 in file "I2C/i2c.c"
 10787 ;; Parameters:    Size  Location     Type
 10788 ;;		None
 10789 ;; Auto vars:     Size  Location     Type
 10790 ;;		None
 10791 ;; Return value:  Size  Location     Type
 10792 ;;                  1    wreg      unsigned char 
 10793 ;; Registers used:
 10794 ;;		wreg, status,2, status,0
 10795 ;; Tracked objects:
 10796 ;;		On entry : 0/0
 10797 ;;		On exit  : 0/0
 10798 ;;		Unchanged: 0/0
 10799 ;; Data sizes:     COMMON   BANK0   BANK1   BANK2   BANK3   BANK4   BANK5   BANK6   BANK7   BANK8   BANK9  BANK10  BANK1
      +1  BANK12
 10800 ;;      Params:         0       0       0       0       0       0       0       0       0       0       0       0       
      +0       0
 10801 ;;      Locals:         0       0       0       0       0       0       0       0       0       0       0       0       
      +0       0
 10802 ;;      Temps:          1       0       0       0       0       0       0       0       0       0       0       0       
      +0       0
 10803 ;;      Totals:         1       0       0       0       0       0       0       0       0       0       0       0       
      +0       0
 10804 ;;Total ram usage:        1 bytes
 10805 ;; Hardware stack levels used: 1
 10806 ;; Hardware stack levels required when called: 3
 10807 ;; This function calls:
 10808 ;;		Nothing
 10809 ;; This function is called by:
 10810 ;;		_LCDrecv
 10811 ;;		_readTC74
 10812 ;; This function uses a non-reentrant model
 10813 ;;
 10814                           
 10815     0F6C                     _ReadI2C:	
 10816                           ;psect for function _ReadI2C
 10817                           
 10818     0F6C                     l3122:	
 10819                           ;incstack = 0
 10820                           ; Regs used in _ReadI2C: [wreg+status,2+status,0]
 10821                           
 10822                           
 10823                           ;I2C/i2c.c: 46: if( ((SSP1CON1&0x0F)==0x08) || ((SSP1CON1&0x0F)==0x0B) )
 10824     0F6C  300F               	movlw	15
 10825     0F6D  0023               	movlb	3	; select bank3
 10826     0F6E  0510               	andwf	16,w	;volatile
 10827     0F6F  00F2               	movwf	??_ReadI2C
 10828     0F70  3008               	movlw	8
 10829     0F71  0672               	xorwf	??_ReadI2C,w
 10830     0F72  1903               	btfsc	3,2
 10831     0F73  2F75               	goto	u2031
 10832     0F74  2F76               	goto	u2030
 10833     0F75                     u2031:
 10834     0F75  2F7F               	goto	l28
 10835     0F76                     u2030:
 10836     0F76                     l3124:
 10837     0F76  300F               	movlw	15
 10838     0F77  0510               	andwf	16,w	;volatile
 10839     0F78  00F2               	movwf	??_ReadI2C
 10840     0F79  300B               	movlw	11
 10841     0F7A  0672               	xorwf	??_ReadI2C,w
 10842     0F7B  1D03               	btfss	3,2
 10843     0F7C  2F7E               	goto	u2041
 10844     0F7D  2F7F               	goto	u2040
 10845     0F7E                     u2041:
 10846     0F7E  2F80               	goto	l29
 10847     0F7F                     u2040:
 10848     0F7F                     l28:
 10849                           
 10850                           ;I2C/i2c.c: 47:   SSP1CON2bits.RCEN = 1;
 10851     0F7F  1591               	bsf	17,3	;volatile
 10852     0F80                     l29:
 10853     0F80  1C0F               	btfss	15,0	;volatile
 10854     0F81  2F83               	goto	u2051
 10855     0F82  2F84               	goto	u2050
 10856     0F83                     u2051:
 10857     0F83  2F80               	goto	l29
 10858     0F84                     u2050:
 10859     0F84                     l3126:
 10860                           
 10861                           ;I2C/i2c.c: 49:   return ( SSP1BUF );
 10862     0F84  080C               	movf	12,w	;volatile
 10863     0F85                     l32:
 10864     0F85  0008               	return
 10865     0F86                     __end_of_ReadI2C:
 10866                           
 10867                           	psect	intentry
 10868     0004                     __pintentry:	
 10869 ;; *************** function _INTERRUPT_InterruptManager *****************
 10870 ;; Defined at:
 10871 ;;		line 52 in file "mcc_generated_files/interrupt_manager.c"
 10872 ;; Parameters:    Size  Location     Type
 10873 ;;		None
 10874 ;; Auto vars:     Size  Location     Type
 10875 ;;		None
 10876 ;; Return value:  Size  Location     Type
 10877 ;;                  1    wreg      void 
 10878 ;; Registers used:
 10879 ;;		wreg, status,2, status,0, pclath, cstack
 10880 ;; Tracked objects:
 10881 ;;		On entry : 0/0
 10882 ;;		On exit  : 0/0
 10883 ;;		Unchanged: 0/0
 10884 ;; Data sizes:     COMMON   BANK0   BANK1   BANK2   BANK3   BANK4   BANK5   BANK6   BANK7   BANK8   BANK9  BANK10  BANK1
      +1  BANK12
 10885 ;;      Params:         0       0       0       0       0       0       0       0       0       0       0       0       
      +0       0
 10886 ;;      Locals:         0       0       0       0       0       0       0       0       0       0       0       0       
      +0       0
 10887 ;;      Temps:          0       0       0       0       0       0       0       0       0       0       0       0       
      +0       0
 10888 ;;      Totals:         0       0       0       0       0       0       0       0       0       0       0       0       
      +0       0
 10889 ;;Total ram usage:        0 bytes
 10890 ;; Hardware stack levels used: 1
 10891 ;; Hardware stack levels required when called: 2
 10892 ;; This function calls:
 10893 ;;		_TMR1_ISR
 10894 ;; This function is called by:
 10895 ;;		Interrupt level 1
 10896 ;; This function uses a non-reentrant model
 10897 ;;
 10898                           
 10899     0004                     _INTERRUPT_InterruptManager:
 10900                           
 10901                           ;incstack = 0
 10902     0004  147E               	bsf	int$flags,0	;set compiler interrupt flag (level 1)
 10903                           
 10904                           ; Regs used in _INTERRUPT_InterruptManager: [wreg+status,2+status,0+pclath+cstack]
 10905     0005  3180               	pagesel	$
 10906     0006  3000               	movlw	low ___int_sp
 10907     0007  0086               	movwf	6
 10908     0008  3000               	movlw	high ___int_sp
 10909     0009  0087               	movwf	7
 10910     000A                     i1l4060:
 10911                           
 10912                           ;mcc_generated_files/interrupt_manager.c: 55:     if(INTCONbits.PEIE == 1)
 10913     000A  1F0B               	btfss	11,6	;volatile
 10914     000B  280D               	goto	u288_21
 10915     000C  280E               	goto	u288_20
 10916     000D                     u288_21:
 10917     000D  281A               	goto	i1l846
 10918     000E                     u288_20:
 10919     000E                     i1l4062:
 10920                           
 10921                           ;mcc_generated_files/interrupt_manager.c: 56:     {;mcc_generated_files/interrupt_manage
      +                          r.c: 57:         if(PIE4bits.TMR1IE == 1 && PIR4bits.TMR1IF == 1)
 10922     000E  002E               	movlb	14	; select bank14
 10923     000F  1C1A               	btfss	26,0	;volatile
 10924     0010  2812               	goto	u289_21
 10925     0011  2813               	goto	u289_20
 10926     0012                     u289_21:
 10927     0012  281A               	goto	i1l846
 10928     0013                     u289_20:
 10929     0013                     i1l4064:
 10930     0013  1C10               	btfss	16,0	;volatile
 10931     0014  2816               	goto	u290_21
 10932     0015  2817               	goto	u290_20
 10933     0016                     u290_21:
 10934     0016  281A               	goto	i1l846
 10935     0017                     u290_20:
 10936     0017                     i1l4066:
 10937                           
 10938                           ;mcc_generated_files/interrupt_manager.c: 58:         {;mcc_generated_files/interrupt_ma
      +                          nager.c: 59:             TMR1_ISR();
 10939     0017  318F  2755  3180   	fcall	_TMR1_ISR
 10940     001A                     i1l846:	
 10941                           ;mcc_generated_files/interrupt_manager.c: 60:         }
 10942                           
 10943     001A  107E               	bcf	int$flags,0	;clear compiler interrupt flag (level 1)
 10944     001B  0009               	retfie
 10945     001C                     __end_of_INTERRUPT_InterruptManager:
 10946                           
 10947                           	psect	text33
 10948     0F55                     __ptext33:	
 10949 ;; *************** function _TMR1_ISR *****************
 10950 ;; Defined at:
 10951 ;;		line 164 in file "mcc_generated_files/tmr1.c"
 10952 ;; Parameters:    Size  Location     Type
 10953 ;;		None
 10954 ;; Auto vars:     Size  Location     Type
 10955 ;;		None
 10956 ;; Return value:  Size  Location     Type
 10957 ;;                  1    wreg      void 
 10958 ;; Registers used:
 10959 ;;		wreg, status,2, status,0, pclath, cstack
 10960 ;; Tracked objects:
 10961 ;;		On entry : 0/0
 10962 ;;		On exit  : 0/0
 10963 ;;		Unchanged: 0/0
 10964 ;; Data sizes:     COMMON   BANK0   BANK1   BANK2   BANK3   BANK4   BANK5   BANK6   BANK7   BANK8   BANK9  BANK10  BANK1
      +1  BANK12
 10965 ;;      Params:         0       0       0       0       0       0       0       0       0       0       0       0       
      +0       0
 10966 ;;      Locals:         0       0       0       0       0       0       0       0       0       0       0       0       
      +0       0
 10967 ;;      Temps:          0       0       0       0       0       0       0       0       0       0       0       0       
      +0       0
 10968 ;;      Totals:         0       0       0       0       0       0       0       0       0       0       0       0       
      +0       0
 10969 ;;Total ram usage:        0 bytes
 10970 ;; Hardware stack levels used: 1
 10971 ;; Hardware stack levels required when called: 1
 10972 ;; This function calls:
 10973 ;;		NULL
 10974 ;;		_TMR1_DefaultInterruptHandler
 10975 ;;		_TMR1_WriteTimer
 10976 ;; This function is called by:
 10977 ;;		_INTERRUPT_InterruptManager
 10978 ;; This function uses a non-reentrant model
 10979 ;;
 10980                           
 10981     0F55                     _TMR1_ISR:	
 10982                           ;psect for function _TMR1_ISR
 10983                           
 10984     0F55                     i1l3504:	
 10985                           ;incstack = 0
 10986                           ; Regs used in _TMR1_ISR: [wreg+status,2+status,0+pclath+cstack]
 10987                           
 10988                           
 10989                           ;mcc_generated_files/tmr1.c: 168:     PIR4bits.TMR1IF = 0;
 10990     0F55  002E               	movlb	14	; select bank14
 10991     0F56  1010               	bcf	16,0	;volatile
 10992     0F57                     i1l3506:
 10993                           
 10994                           ;mcc_generated_files/tmr1.c: 169:     TMR1_WriteTimer(timer1ReloadVal);
 10995     0F57  0021               	movlb	1	; select bank1
 10996     0F58  0842               	movf	(_timer1ReloadVal+1)^(0+128),w	;volatile
 10997     0F59  00F1               	movwf	TMR1_WriteTimer@timerVal+1
 10998     0F5A  0841               	movf	_timer1ReloadVal^(0+128),w	;volatile
 10999     0F5B  00F0               	movwf	TMR1_WriteTimer@timerVal
 11000     0F5C  318F  270E  318F   	fcall	_TMR1_WriteTimer
 11001     0F5F                     i1l3508:
 11002                           
 11003                           ;mcc_generated_files/tmr1.c: 171:     if(TMR1_InterruptHandler)
 11004     0F5F  0021               	movlb	1	; select bank1
 11005     0F60  0868               	movf	_TMR1_InterruptHandler^(0+128),w
 11006     0F61  0469               	iorwf	(_TMR1_InterruptHandler+1)^(0+128),w
 11007     0F62  1903               	btfsc	3,2
 11008     0F63  2F65               	goto	u259_21
 11009     0F64  2F66               	goto	u259_20
 11010     0F65                     u259_21:
 11011     0F65  2F6B               	goto	i1l906
 11012     0F66                     u259_20:
 11013     0F66                     i1l3510:
 11014                           
 11015                           ;mcc_generated_files/tmr1.c: 172:     {;mcc_generated_files/tmr1.c: 173:         TMR1_In
      +                          terruptHandler();
 11016     0F66  0869               	movf	(_TMR1_InterruptHandler+1)^(0+128),w
 11017     0F67  008A               	movwf	10
 11018     0F68  0868               	movf	_TMR1_InterruptHandler^(0+128),w
 11019     0F69  000A               	callw
 11020     0F6A  318F               	pagesel	$
 11021     0F6B                     i1l906:
 11022     0F6B  0008               	return
 11023     0F6C                     __end_of_TMR1_ISR:
 11024                           
 11025                           	psect	text34
 11026     0F0E                     __ptext34:	
 11027 ;; *************** function _TMR1_WriteTimer *****************
 11028 ;; Defined at:
 11029 ;;		line 127 in file "mcc_generated_files/tmr1.c"
 11030 ;; Parameters:    Size  Location     Type
 11031 ;;  timerVal        2    0[COMMON] unsigned short 
 11032 ;; Auto vars:     Size  Location     Type
 11033 ;;		None
 11034 ;; Return value:  Size  Location     Type
 11035 ;;                  1    wreg      void 
 11036 ;; Registers used:
 11037 ;;		wreg, status,2
 11038 ;; Tracked objects:
 11039 ;;		On entry : 0/0
 11040 ;;		On exit  : 0/0
 11041 ;;		Unchanged: 0/0
 11042 ;; Data sizes:     COMMON   BANK0   BANK1   BANK2   BANK3   BANK4   BANK5   BANK6   BANK7   BANK8   BANK9  BANK10  BANK1
      +1  BANK12
 11043 ;;      Params:         2       0       0       0       0       0       0       0       0       0       0       0       
      +0       0
 11044 ;;      Locals:         0       0       0       0       0       0       0       0       0       0       0       0       
      +0       0
 11045 ;;      Temps:          0       0       0       0       0       0       0       0       0       0       0       0       
      +0       0
 11046 ;;      Totals:         2       0       0       0       0       0       0       0       0       0       0       0       
      +0       0
 11047 ;;Total ram usage:        2 bytes
 11048 ;; Hardware stack levels used: 1
 11049 ;; This function calls:
 11050 ;;		Nothing
 11051 ;; This function is called by:
 11052 ;;		_TMR1_ISR
 11053 ;;		_TMR1_Reload
 11054 ;; This function uses a non-reentrant model
 11055 ;;
 11056                           
 11057     0F0E                     _TMR1_WriteTimer:	
 11058                           ;psect for function _TMR1_WriteTimer
 11059                           
 11060     0F0E                     i1l3408:	
 11061                           ;incstack = 0
 11062                           ; Regs used in _TMR1_WriteTimer: [wreg+status,2]
 11063                           
 11064                           
 11065                           ;mcc_generated_files/tmr1.c: 127: void TMR1_WriteTimer(uint16_t timerVal);mcc_generated_
      +                          files/tmr1.c: 128: {;mcc_generated_files/tmr1.c: 129:     if (T1CONbits.nT1SYNC == 1)
 11066     0F0E  0024               	movlb	4	; select bank4
 11067     0F0F  1D0E               	btfss	14,2	;volatile
 11068     0F10  2F12               	goto	u255_21
 11069     0F11  2F13               	goto	u255_20
 11070     0F12                     u255_21:
 11071     0F12  2F1A               	goto	i1l3418
 11072     0F13                     u255_20:
 11073     0F13                     i1l3410:
 11074                           
 11075                           ;mcc_generated_files/tmr1.c: 130:     {;mcc_generated_files/tmr1.c: 132:         T1CONbi
      +                          ts.TMR1ON = 0;
 11076     0F13  100E               	bcf	14,0	;volatile
 11077     0F14                     i1l3412:
 11078                           
 11079                           ;mcc_generated_files/tmr1.c: 135:         TMR1H = (timerVal >> 8);
 11080     0F14  0871               	movf	TMR1_WriteTimer@timerVal+1,w
 11081     0F15  008D               	movwf	13	;volatile
 11082     0F16                     i1l3414:
 11083                           
 11084                           ;mcc_generated_files/tmr1.c: 136:         TMR1L = timerVal;
 11085     0F16  0870               	movf	TMR1_WriteTimer@timerVal,w
 11086     0F17  008C               	movwf	12	;volatile
 11087     0F18                     i1l3416:
 11088                           
 11089                           ;mcc_generated_files/tmr1.c: 139:         T1CONbits.TMR1ON =1;
 11090     0F18  140E               	bsf	14,0	;volatile
 11091                           
 11092                           ;mcc_generated_files/tmr1.c: 140:     }
 11093     0F19  2F1E               	goto	i1l893
 11094     0F1A                     i1l3418:
 11095                           
 11096                           ;mcc_generated_files/tmr1.c: 142:     {;mcc_generated_files/tmr1.c: 144:         TMR1H =
      +                           (timerVal >> 8);
 11097     0F1A  0871               	movf	TMR1_WriteTimer@timerVal+1,w
 11098     0F1B  008D               	movwf	13	;volatile
 11099     0F1C                     i1l3420:
 11100                           
 11101                           ;mcc_generated_files/tmr1.c: 145:         TMR1L = timerVal;
 11102     0F1C  0870               	movf	TMR1_WriteTimer@timerVal,w
 11103     0F1D  008C               	movwf	12	;volatile
 11104     0F1E                     i1l893:
 11105     0F1E  0008               	return
 11106     0F1F                     __end_of_TMR1_WriteTimer:
 11107                           
 11108                           	psect	text35
 11109     0ECF                     __ptext35:	
 11110 ;; *************** function _TMR1_DefaultInterruptHandler *****************
 11111 ;; Defined at:
 11112 ;;		line 182 in file "mcc_generated_files/tmr1.c"
 11113 ;; Parameters:    Size  Location     Type
 11114 ;;		None
 11115 ;; Auto vars:     Size  Location     Type
 11116 ;;		None
 11117 ;; Return value:  Size  Location     Type
 11118 ;;                  1    wreg      void 
 11119 ;; Registers used:
 11120 ;;		None
 11121 ;; Tracked objects:
 11122 ;;		On entry : 0/0
 11123 ;;		On exit  : 0/0
 11124 ;;		Unchanged: 0/0
 11125 ;; Data sizes:     COMMON   BANK0   BANK1   BANK2   BANK3   BANK4   BANK5   BANK6   BANK7   BANK8   BANK9  BANK10  BANK1
      +1  BANK12
 11126 ;;      Params:         0       0       0       0       0       0       0       0       0       0       0       0       
      +0       0
 11127 ;;      Locals:         0       0       0       0       0       0       0       0       0       0       0       0       
      +0       0
 11128 ;;      Temps:          0       0       0       0       0       0       0       0       0       0       0       0       
      +0       0
 11129 ;;      Totals:         0       0       0       0       0       0       0       0       0       0       0       0       
      +0       0
 11130 ;;Total ram usage:        0 bytes
 11131 ;; Hardware stack levels used: 1
 11132 ;; This function calls:
 11133 ;;		Nothing
 11134 ;; This function is called by:
 11135 ;;		_TMR1_Initialize
 11136 ;;		_TMR1_ISR
 11137 ;; This function uses a non-reentrant model
 11138 ;;
 11139                           
 11140     0ECF                     _TMR1_DefaultInterruptHandler:	
 11141                           ;psect for function _TMR1_DefaultInterruptHandler
 11142                           
 11143     0ECF                     i1l3422:	
 11144                           ;incstack = 0
 11145                           ; Regs used in _TMR1_DefaultInterruptHandler: []
 11146                           
 11147                           
 11148                           ;mcc_generated_files/tmr1.c: 185:     second_has_passed = 1;
 11149     0ECF  3001               	movlw	1
 11150     0ED0  0021               	movlb	1	; select bank1
 11151     0ED1  00EA               	movwf	_second_has_passed^(0+128)	;volatile
 11152     0ED2                     i1l912:
 11153     0ED2  0008               	return
 11154     0ED3                     __end_of_TMR1_DefaultInterruptHandler:
 11155     0002                     ___latbits      equ	2
 11156     007E                     btemp           set	126	;btemp
 11157     007E                     int$flags       set	126
 11158     007E                     btemp0          set	126
 11159     007F                     btemp1          set	127
 11160     007E                     wtemp0          set	126
 11161     007F                     wtemp0a         set	127
 11162     007F                     ttemp0a         set	127
 11163     0080                     ltemp0a         set	128
 11164                           
 11165                           	psect	idloc
 11166                           
 11167                           ;Config register IDLOC0 @ 0x8000
 11168                           ;	unspecified, using default values
 11169     8000                     	org	32768
 11170     8000  3FFF               	dw	16383
 11171                           
 11172                           ;Config register IDLOC1 @ 0x8001
 11173                           ;	unspecified, using default values
 11174     8001                     	org	32769
 11175     8001  3FFF               	dw	16383
 11176                           
 11177                           ;Config register IDLOC2 @ 0x8002
 11178                           ;	unspecified, using default values
 11179     8002                     	org	32770
 11180     8002  3FFF               	dw	16383
 11181                           
 11182                           ;Config register IDLOC3 @ 0x8003
 11183                           ;	unspecified, using default values
 11184     8003                     	org	32771
 11185     8003  3FFF               	dw	16383
 11186                           
 11187                           	psect	config
 11188                           
 11189                           ;Config register CONFIG1 @ 0x8007
 11190                           ;	External Oscillator mode selection bits
 11191                           ;	FEXTOSC = OFF, Oscillator not enabled
 11192                           ;	Power-up default value for COSC bits
 11193                           ;	RSTOSC = HFINT1, HFINTOSC (1MHz)
 11194                           ;	Clock Out Enable bit
 11195                           ;	CLKOUTEN = OFF, CLKOUT function is disabled; i/o or oscillator function on OSC2
 11196                           ;	Clock Switch Enable bit
 11197                           ;	CSWEN = ON, Writing to NOSC and NDIV is allowed
 11198                           ;	Fail-Safe Clock Monitor Enable bit
 11199                           ;	FCMEN = ON, FSCM timer enabled
 11200     8007                     	org	32775
 11201     8007  3FEC               	dw	16364
 11202                           
 11203                           ;Config register CONFIG2 @ 0x8008
 11204                           ;	Master Clear Enable bit
 11205                           ;	MCLRE = ON, MCLR pin is Master Clear function
 11206                           ;	Power-up Timer Enable bit
 11207                           ;	PWRTE = OFF, PWRT disabled
 11208                           ;	Low-Power BOR enable bit
 11209                           ;	LPBOREN = OFF, ULPBOR disabled
 11210                           ;	Brown-out reset enable bits
 11211                           ;	BOREN = ON, Brown-out Reset Enabled, SBOREN bit is ignored
 11212                           ;	Brown-out Reset Voltage Selection
 11213                           ;	BORV = LO, Brown-out Reset Voltage (VBOR) set to 1.9V on LF, and 2.45V on F Devices
 11214                           ;	Zero-cross detect disable
 11215                           ;	ZCD = OFF, Zero-cross detect circuit is disabled at POR.
 11216                           ;	Peripheral Pin Select one-way control
 11217                           ;	PPS1WAY = ON, The PPSLOCK bit can be cleared and set only once in software
 11218                           ;	Stack Overflow/Underflow Reset Enable bit
 11219                           ;	STVREN = ON, Stack Overflow or Underflow will cause a reset
 11220                           ;	Background Debugger
 11221                           ;	DEBUG = OFF, Background Debugger disabled
 11222     8008                     	org	32776
 11223     8008  3FFF               	dw	16383
 11224                           
 11225                           ;Config register CONFIG3 @ 0x8009
 11226                           ;	WDT Period Select bits
 11227                           ;	WDTCPS = WDTCPS_31, Divider ratio 1:65536; software control of WDTPS
 11228                           ;	WDT operating mode
 11229                           ;	WDTE = OFF, WDT Disabled, SWDTEN is ignored
 11230                           ;	WDT Window Select bits
 11231                           ;	WDTCWS = WDTCWS_7, window always open (100%); software control; keyed access not requi
      +                          red
 11232                           ;	WDT input clock selector
 11233                           ;	WDTCCS = SC, Software Control
 11234     8009                     	org	32777
 11235     8009  3F9F               	dw	16287
 11236                           
 11237                           ;Config register CONFIG4 @ 0x800A
 11238                           ;	UserNVM self-write protection bits
 11239                           ;	WRT = OFF, Write protection off
 11240                           ;	Scanner Enable bit
 11241                           ;	SCANE = available, Scanner module is available for use
 11242                           ;	Low Voltage Programming Enable bit
 11243                           ;	LVP = ON, Low Voltage programming enabled. MCLR/Vpp pin function is MCLR.
 11244     800A                     	org	32778
 11245     800A  3FFF               	dw	16383
 11246                           
 11247                           ;Config register CONFIG5 @ 0x800B
 11248                           ;	UserNVM Program memory code protection bit
 11249                           ;	CP = OFF, Program Memory code protection disabled
 11250                           ;	DataNVM code protection bit
 11251                           ;	CPD = OFF, Data EEPROM code protection disabled
 11252     800B                     	org	32779
 11253     800B  3FFF               	dw	16383

Data Sizes:
    Strings     23
    Constant    32
    Data        1
    BSS         70
    Persistent  50
    Stack       0

Auto Spaces:
    Space          Size  Autos    Used
    COMMON           14     11      12
    BANK0            80     79      79
    BANK1            80     35      75
    BANK2            80      0      32
    BANK3            80      0       0
    BANK4            80      0       0
    BANK5            80      0       0
    BANK6            80      0       0
    BANK7            80      0       0
    BANK8            80      0       0
    BANK9            80      0       0
    BANK10           80      0       0
    BANK11           80      0       0
    BANK12           48      0       0

Pointer List with Targets:

    bufferBlock$data	PTR unsigned char  size(2) Largest target is 0

    cb$0	PTR void  size(1) Largest target is 4
		 -> I2C1_Read1ByteRegister@returnValue(COMMON[1]), I2C1_Read2ByteRegister@returnValue(COMMON[2]), I2C1_ReadDataBlock@bufferBlock(COMMON[4]), I2C1_Write1ByteRegister@data(COMMON[1]), 
		 -> I2C1_Write2ByteRegister@data(COMMON[2]), NULL(NULL[0]), 

    cb$0	PTR void  size(1) Largest target is 4
		 -> I2C1_Read1ByteRegister@returnValue(COMMON[1]), I2C1_Read2ByteRegister@returnValue(COMMON[2]), I2C1_ReadDataBlock@bufferBlock(COMMON[4]), I2C1_Write1ByteRegister@data(COMMON[1]), 
		 -> I2C1_Write2ByteRegister@data(COMMON[2]), NULL(NULL[0]), 

    f$.$buffer	PTR unsigned char  size(2) Largest target is 17
		 -> main@buf(BANK1[17]), 

    f$.$source	PTR const unsigned char  size(2) Largest target is 0

    fputc@fp	PTR struct _IO_FILE size(2) Largest target is 11
		 -> sprintf@f(BANK0[11]), 

    fputc@fp$.$buffer	PTR unsigned char  size(2) Largest target is 17
		 -> main@buf(BANK1[17]), 

    fputc@fp$.$source	PTR const unsigned char  size(2) Largest target is 0

    fputs@fp	PTR struct _IO_FILE size(2) Largest target is 11
		 -> sprintf@f(BANK0[11]), 

    fputs@s	PTR const unsigned char  size(1) Largest target is 32
		 -> dbuf(BANK2[32]), 

    I2C1_DO_TX$2735$0	PTR void  size(1) Largest target is 4
		 -> I2C1_Read1ByteRegister@returnValue(COMMON[1]), I2C1_Read2ByteRegister@returnValue(COMMON[2]), I2C1_ReadDataBlock@bufferBlock(COMMON[4]), I2C1_Write1ByteRegister@data(COMMON[1]), 
		 -> I2C1_Write2ByteRegister@data(COMMON[2]), NULL(NULL[0]), 

    i2c1_fsmStateTable	const PTR FTN()enum E12623[16] size(2) Largest target is 1
		 -> I2C1_DO_ADDRESS_NACK(), I2C1_DO_IDLE(), I2C1_DO_RCEN(), I2C1_DO_RESET(), 
		 -> I2C1_DO_RX(), I2C1_DO_RX_ACK(), I2C1_DO_RX_NACK_RESTART(), I2C1_DO_RX_NACK_STOP(), 
		 -> I2C1_DO_SEND_ADR_READ(), I2C1_DO_SEND_ADR_WRITE(), I2C1_DO_SEND_RESTART(), I2C1_DO_SEND_RESTART_READ(), 
		 -> I2C1_DO_SEND_RESTART_WRITE(), I2C1_DO_SEND_STOP(), I2C1_DO_TX(), I2C1_DO_TX_EMPTY(), 

    I2C1_Read1ByteRegister@returnValue$data	PTR unsigned char  size(2) Largest target is 0

    I2C1_Read2ByteRegister@returnValue$data	PTR unsigned char  size(2) Largest target is 0

    I2C1_Status$callbackPayload	PTR void [6] size(1) Largest target is 4
		 -> I2C1_Read1ByteRegister@returnValue(COMMON[1]), I2C1_Read2ByteRegister@returnValue(COMMON[2]), I2C1_ReadDataBlock@bufferBlock(COMMON[4]), I2C1_Write1ByteRegister@data(COMMON[1]), 
		 -> I2C1_Write2ByteRegister@data(COMMON[2]), NULL(NULL[0]), 

    I2C1_Status$callbackTable	PTR FTN(PTR void ,)enum E363[6] size(2) Largest target is 1
		 -> I2C1_CallbackReturnReset(), I2C1_CallbackReturnStop(), rd1RegCompleteHandler(), rd2RegCompleteHandler(), 
		 -> rdBlkRegCompleteHandler(), wr1RegCompleteHandler(), wr2RegCompleteHandler(), NULL(), 

    I2C1_Status$data_ptr	PTR unsigned char  size(1) Largest target is 4
		 -> bufferBlock$data(COMMON[2]), I2C1_Read1ByteRegister@reg(COMMON[1]), I2C1_Read1ByteRegister@returnValue(COMMON[1]), I2C1_Read1ByteRegister@returnValue$data(COMMON[2]), 
		 -> I2C1_Read2ByteRegister@reg(COMMON[1]), I2C1_Read2ByteRegister@returnValue(COMMON[2]), I2C1_Read2ByteRegister@returnValue$data(COMMON[2]), I2C1_ReadDataBlock@bufferBlock(COMMON[4]), 
		 -> I2C1_ReadDataBlock@reg(COMMON[1]), I2C1_Write1ByteRegister@data(COMMON[1]), I2C1_Write1ByteRegister@data$data(COMMON[2]), I2C1_Write1ByteRegister@reg(COMMON[1]), 
		 -> I2C1_Write2ByteRegister@data(COMMON[2]), I2C1_Write2ByteRegister@data$data(COMMON[2]), I2C1_Write2ByteRegister@reg(COMMON[1]), NULL(NULL[0]), 

    I2C1_Write1ByteRegister@data$data	PTR unsigned char  size(2) Largest target is 0

    I2C1_Write2ByteRegister@data$data	PTR unsigned char  size(2) Largest target is 0

    LCDstr@p	PTR unsigned char  size(1) Largest target is 17
		 -> main@buf(BANK1[17]), 

    MSSP1_InterruptHandler	PTR FTN()void  size(2) Largest target is 1
		 -> I2C1_MasterIsr(), NULL(), 

    NULL$0	PTR void  size(1) Largest target is 4
		 -> I2C1_Read1ByteRegister@returnValue(COMMON[1]), I2C1_Read2ByteRegister@returnValue(COMMON[2]), I2C1_ReadDataBlock@bufferBlock(COMMON[4]), I2C1_Write1ByteRegister@data(COMMON[1]), 
		 -> I2C1_Write2ByteRegister@data(COMMON[2]), NULL(NULL[0]), 

    pad@buf	PTR unsigned char  size(1) Largest target is 32
		 -> dbuf(BANK2[32]), 

    pad@fp	PTR struct _IO_FILE size(2) Largest target is 11
		 -> sprintf@f(BANK0[11]), 

    rdBlkRegCompleteHandler@ptr$data	PTR unsigned char  size(2) Largest target is 0

    read_prec_or_width@ap	PTR PTR void [1] size(1) Largest target is 1
		 -> sprintf@ap(BANK0[1]), 

    read_prec_or_width@fmt	PTR PTR const unsigned char  size(1) Largest target is 2
		 -> vfprintf@cfmt(BANK0[2]), 

    S2314$buffer	PTR unsigned char  size(2) Largest target is 17
		 -> main@buf(BANK1[17]), 

    S2314$source	PTR const unsigned char  size(2) Largest target is 0

    S680$data	PTR unsigned char  size(2) Largest target is 0

    S916$0$0	PTR void  size(1) Largest target is 4
		 -> I2C1_Read1ByteRegister@returnValue(COMMON[1]), I2C1_Read2ByteRegister@returnValue(COMMON[2]), I2C1_ReadDataBlock@bufferBlock(COMMON[4]), I2C1_Write1ByteRegister@data(COMMON[1]), 
		 -> I2C1_Write2ByteRegister@data(COMMON[2]), NULL(NULL[0]), 

    S916$callbackPayload	PTR void [6] size(1) Largest target is 4
		 -> I2C1_Read1ByteRegister@returnValue(COMMON[1]), I2C1_Read2ByteRegister@returnValue(COMMON[2]), I2C1_ReadDataBlock@bufferBlock(COMMON[4]), I2C1_Write1ByteRegister@data(COMMON[1]), 
		 -> I2C1_Write2ByteRegister@data(COMMON[2]), NULL(NULL[0]), 

    S916$callbackTable	PTR FTN(PTR void ,)enum E363[6] size(2) Largest target is 1
		 -> I2C1_CallbackReturnReset(), I2C1_CallbackReturnStop(), rd1RegCompleteHandler(), rd2RegCompleteHandler(), 
		 -> rdBlkRegCompleteHandler(), wr1RegCompleteHandler(), wr2RegCompleteHandler(), NULL(), 

    S916$data_ptr	PTR unsigned char  size(1) Largest target is 4
		 -> I2C1_Read1ByteRegister@reg(COMMON[1]), I2C1_Read1ByteRegister@returnValue(COMMON[1]), I2C1_Read2ByteRegister@reg(COMMON[1]), I2C1_Read2ByteRegister@returnValue(COMMON[2]), 
		 -> I2C1_ReadDataBlock@bufferBlock(COMMON[4]), I2C1_ReadDataBlock@reg(COMMON[1]), I2C1_Write1ByteRegister@data(COMMON[1]), I2C1_Write1ByteRegister@reg(COMMON[1]), 
		 -> I2C1_Write2ByteRegister@data(COMMON[2]), I2C1_Write2ByteRegister@reg(COMMON[1]), NULL(NULL[0]), 

    sprintf@ap	PTR void [1] size(1) Largest target is 2
		 -> ?_sprintf(BANK0[2]), 

    sprintf@fmt	PTR const unsigned char  size(2) Largest target is 23
		 -> STR_1(CODE[23]), 

    sprintf@s	PTR unsigned char  size(1) Largest target is 17
		 -> main@buf(BANK1[17]), 

    TMR1_InterruptHandler	PTR FTN()void  size(2) Largest target is 1
		 -> TMR1_DefaultInterruptHandler(), NULL(), 

    TMR1_SetInterruptHandler@InterruptHandler	PTR FTN()void  size(2) Largest target is 1
		 -> TMR1_DefaultInterruptHandler(), 

    utoa@fp	PTR struct _IO_FILE size(2) Largest target is 11
		 -> sprintf@f(BANK0[11]), 

    vfpfcnvrt@ap	PTR PTR void  size(1) Largest target is 1
		 -> sprintf@ap(BANK0[1]), 

    vfpfcnvrt@cp	PTR unsigned char  size(2) Largest target is 23
		 -> STR_1(CODE[23]), 

    vfpfcnvrt@fmt	PTR PTR unsigned char  size(1) Largest target is 2
		 -> vfprintf@cfmt(BANK0[2]), 

    vfpfcnvrt@fp	PTR struct _IO_FILE size(2) Largest target is 11
		 -> sprintf@f(BANK0[11]), 

    vfprintf@ap	PTR PTR void  size(1) Largest target is 1
		 -> sprintf@ap(BANK0[1]), 

    vfprintf@cfmt	PTR unsigned char  size(2) Largest target is 23
		 -> STR_1(CODE[23]), 

    vfprintf@fmt	PTR const unsigned char  size(2) Largest target is 23
		 -> STR_1(CODE[23]), 

    vfprintf@fp	PTR struct _IO_FILE size(2) Largest target is 11
		 -> sprintf@f(BANK0[11]), 


Critical Paths under _main in COMMON

    _main->_LCDbusy
    _main->_LCDstr
    _main->___llmod
    _vfpfcnvrt->_fputc
    _utoa->___llmod
    _pad->_fputc
    _fputs->_fputc
    ___llmod->___lldiv
    _read_prec_or_width->___wmul
    _TMR1_Initialize->_TMR1_SetInterruptHandler
    _LCDstr->_LCDchar
    _LCDchar->_LCDsend2x4
    _LCDinit->_LCDsend2x4
    _LCDsend->_WriteI2C
    _LCDcmd->_LCDsend2x4
    _LCDsend2x4->_WriteI2C
    _LCDbusy->_LCDrecv
    _LCDrecv->_WriteI2C

Critical Paths under _INTERRUPT_InterruptManager in COMMON

    _TMR1_ISR->_TMR1_WriteTimer

Critical Paths under _main in BANK0

    _main->_sprintf
    _sprintf->_vfprintf
    _vfprintf->_vfpfcnvrt
    _vfpfcnvrt->_utoa
    _utoa->_pad
    _pad->_fputs
    ___llmod->___lldiv

Critical Paths under _INTERRUPT_InterruptManager in BANK0

    None.

Critical Paths under _main in BANK1

    None.

Critical Paths under _INTERRUPT_InterruptManager in BANK1

    None.

Critical Paths under _main in BANK2

    None.

Critical Paths under _INTERRUPT_InterruptManager in BANK2

    None.

Critical Paths under _main in BANK3

    None.

Critical Paths under _INTERRUPT_InterruptManager in BANK3

    None.

Critical Paths under _main in BANK4

    None.

Critical Paths under _INTERRUPT_InterruptManager in BANK4

    None.

Critical Paths under _main in BANK5

    None.

Critical Paths under _INTERRUPT_InterruptManager in BANK5

    None.

Critical Paths under _main in BANK6

    None.

Critical Paths under _INTERRUPT_InterruptManager in BANK6

    None.

Critical Paths under _main in BANK7

    None.

Critical Paths under _INTERRUPT_InterruptManager in BANK7

    None.

Critical Paths under _main in BANK8

    None.

Critical Paths under _INTERRUPT_InterruptManager in BANK8

    None.

Critical Paths under _main in BANK9

    None.

Critical Paths under _INTERRUPT_InterruptManager in BANK9

    None.

Critical Paths under _main in BANK10

    None.

Critical Paths under _INTERRUPT_InterruptManager in BANK10

    None.

Critical Paths under _main in BANK11

    None.

Critical Paths under _INTERRUPT_InterruptManager in BANK11

    None.

Critical Paths under _main in BANK12

    None.

Critical Paths under _INTERRUPT_InterruptManager in BANK12

    None.

Call Graph Tables:

 ---------------------------------------------------------------------------------
 (Depth) Function   	        Calls       Base Space   Used Autos Params    Refs
 ---------------------------------------------------------------------------------
 (0) _main                                                36    36      0    6191
                                              0 BANK1     35    35      0
                            _LCDbusy
                             _LCDcmd
                            _LCDinit
                             _LCDstr
                            _OpenI2C
                  _SYSTEM_Initialize
                            ___lldiv
                            ___llmod
                            _sprintf
 ---------------------------------------------------------------------------------
 (1) _sprintf                                             29    14     15    3340
                                             52 BANK0     27    12     15
                           _vfprintf
 ---------------------------------------------------------------------------------
 (2) _vfprintf                                             8     3      5    3016
                                             44 BANK0      8     3      5
                          _vfpfcnvrt
 ---------------------------------------------------------------------------------
 (3) _vfpfcnvrt                                           16    12      4    2789
                                             28 BANK0     16    12      4
                              _fputc
                 _read_prec_or_width
                               _utoa
 ---------------------------------------------------------------------------------
 (4) _utoa                                                12     6      6    1532
                                             16 BANK0     12     6      6
                            ___lldiv
                            ___llmod
                                _pad
 ---------------------------------------------------------------------------------
 (5) _pad                                                  8     3      5     831
                                              8 BANK0      8     3      5
                              _fputc
                              _fputs
 ---------------------------------------------------------------------------------
 (6) _fputs                                                8     5      3     333
                                              0 BANK0      8     5      3
                              _fputc
 ---------------------------------------------------------------------------------
 (7) _fputc                                                9     5      4     232
                                              2 COMMON     9     5      4
                              _putch
 ---------------------------------------------------------------------------------
 (8) _putch                                                1     1      0       0
 ---------------------------------------------------------------------------------
 (5) ___llmod                                              9     1      8     165
                                             10 COMMON     1     1      0
                                              5 BANK0      8     0      8
                            ___lldiv (ARG)
 ---------------------------------------------------------------------------------
 (5) ___lldiv                                             13     5      8     168
                                              2 COMMON     8     0      8
                                              0 BANK0      5     5      0
 ---------------------------------------------------------------------------------
 (4) _read_prec_or_width                                   8     6      2     276
                                              8 COMMON     2     0      2
                                              0 BANK0      6     6      0
                             ___wmul
 ---------------------------------------------------------------------------------
 (5) ___wmul                                               6     2      4      94
                                              2 COMMON     6     2      4
 ---------------------------------------------------------------------------------
 (1) _SYSTEM_Initialize                                    0     0      0      23
                  _CLKREF_Initialize
                    _I2C1_Initialize
              _OSCILLATOR_Initialize
             _PIN_MANAGER_Initialize
                     _PMD_Initialize
                    _TMR1_Initialize
 ---------------------------------------------------------------------------------
 (2) _TMR1_Initialize                                      0     0      0      23
           _TMR1_SetInterruptHandler
 ---------------------------------------------------------------------------------
 (3) _TMR1_SetInterruptHandler                             2     0      2      23
                                              2 COMMON     2     0      2
 ---------------------------------------------------------------------------------
 (2) _PMD_Initialize                                       0     0      0       0
 ---------------------------------------------------------------------------------
 (2) _PIN_MANAGER_Initialize                               0     0      0       0
 ---------------------------------------------------------------------------------
 (2) _OSCILLATOR_Initialize                                0     0      0       0
 ---------------------------------------------------------------------------------
 (2) _I2C1_Initialize                                      0     0      0       0
 ---------------------------------------------------------------------------------
 (2) _CLKREF_Initialize                                    0     0      0       0
 ---------------------------------------------------------------------------------
 (1) _OpenI2C                                              0     0      0       0
 ---------------------------------------------------------------------------------
 (1) _LCDstr                                               2     1      1     652
                                             10 COMMON     1     0      1
                                              0 BANK0      1     1      0
                            _LCDchar
 ---------------------------------------------------------------------------------
 (2) _LCDchar                                              1     1      0     584
                                              9 COMMON     1     1      0
                         _LCDsend2x4
 ---------------------------------------------------------------------------------
 (1) _LCDinit                                              1     1      0     631
                                              9 COMMON     1     1      0
                            _LCDsend
                         _LCDsend2x4
 ---------------------------------------------------------------------------------
 (2) _LCDsend                                              2     2      0      94
                                              4 COMMON     2     2      0
                           _WriteI2C
 ---------------------------------------------------------------------------------
 (1) _LCDcmd                                               1     1      0     584
                                              9 COMMON     1     1      0
                         _LCDsend2x4
 ---------------------------------------------------------------------------------
 (3) _LCDsend2x4                                           5     4      1     537
                                              4 COMMON     5     4      1
                           _WriteI2C
 ---------------------------------------------------------------------------------
 (1) _LCDbusy                                              2     0      2     350
                                              9 COMMON     2     0      2
                            _LCDrecv
 ---------------------------------------------------------------------------------
 (2) _LCDrecv                                              5     5      0     350
                                              4 COMMON     5     5      0
                            _ReadI2C
                           _WriteI2C
 ---------------------------------------------------------------------------------
 (4) _WriteI2C                                             2     2      0      47
                                              2 COMMON     2     2      0
 ---------------------------------------------------------------------------------
 (3) _ReadI2C                                              1     1      0       0
                                              2 COMMON     1     1      0
 ---------------------------------------------------------------------------------
 Estimated maximum stack depth 8
 ---------------------------------------------------------------------------------
 (Depth) Function   	        Calls       Base Space   Used Autos Params    Refs
 ---------------------------------------------------------------------------------
 (9) _INTERRUPT_InterruptManager                           0     0      0      90
                           _TMR1_ISR
 ---------------------------------------------------------------------------------
 (10) _TMR1_ISR                                            0     0      0      90
                                NULL *
       _TMR1_DefaultInterruptHandler *
                    _TMR1_WriteTimer
 ---------------------------------------------------------------------------------
 (11) _TMR1_WriteTimer                                     2     0      2      90
                                              0 COMMON     2     0      2
 ---------------------------------------------------------------------------------
 (11) _TMR1_DefaultInterruptHandler                        0     0      0       0
 ---------------------------------------------------------------------------------
 (11) NULL(Fake)                                           1     0      1       0
 ---------------------------------------------------------------------------------
 Estimated maximum stack depth 11
 ---------------------------------------------------------------------------------

 Call Graph Graphs:

 _main (ROOT)
   _LCDbusy
     _LCDrecv
       _ReadI2C
       _WriteI2C
   _LCDcmd
     _LCDsend2x4
       _WriteI2C
   _LCDinit
     _LCDsend
       _WriteI2C
     _LCDsend2x4
   _LCDstr
     _LCDchar
       _LCDsend2x4
   _OpenI2C
   _SYSTEM_Initialize
     _CLKREF_Initialize
     _I2C1_Initialize
     _OSCILLATOR_Initialize
     _PIN_MANAGER_Initialize
     _PMD_Initialize
     _TMR1_Initialize
       _TMR1_SetInterruptHandler
   ___lldiv
   ___llmod
     ___lldiv (ARG)
   _sprintf
     _vfprintf
       _vfpfcnvrt
         _fputc
           _putch
         _read_prec_or_width
           ___wmul
         _utoa
           ___lldiv
           ___llmod
           _pad
             _fputc
             _fputs
               _fputc

 _INTERRUPT_InterruptManager (ROOT)
   _TMR1_ISR
     NULL(Fake) *
     _TMR1_DefaultInterruptHandler *
     _TMR1_WriteTimer *

Address spaces:
Name               Size   Autos  Total    Usage
BITCOMMON           14      0       0      0.0%
BITBANK0            80      0       0      0.0%
BITBANK1            80      0       0      0.0%
BITBANK2            80      0       0      0.0%
BITBANK3            80      0       0      0.0%
BITBANK4            80      0       0      0.0%
BITBANK5            80      0       0      0.0%
BITBANK6            80      0       0      0.0%
BITBANK7            80      0       0      0.0%
BITBANK8            80      0       0      0.0%
BITBANK9            80      0       0      0.0%
BITBANK10           80      0       0      0.0%
BITBANK11           80      0       0      0.0%
BITBANK12           48      0       0      0.0%
BIGRAM            1008      0       0      0.0%
COMMON              14     11      12     85.7%
BANK0               80     79      79     98.8%
BANK1               80     35      75     93.8%
BANK2               80      0      32     40.0%
BANK3               80      0       0      0.0%
BANK4               80      0       0      0.0%
BANK5               80      0       0      0.0%
BANK6               80      0       0      0.0%
BANK7               80      0       0      0.0%
BANK8               80      0       0      0.0%
BANK9               80      0       0      0.0%
BANK10              80      0       0      0.0%
BANK11              80      0       0      0.0%
BANK12              48      0       0      0.0%
STACK                0      0       0      0.0%
DATA                 0      0     198      0.0%


Microchip Technology PIC Macro Assembler V3.10 build 20250813170317 
Symbol Table                                                                                   Fri Nov 28 17:53:55 2025

                                      l23 07FD                                        l32 0F85  
                                      l41 066B                                        l28 0F7F  
                                      l36 0694                                        l29 0F80  
                                      l53 0693                                        l39 0666  
                                      l48 0684                                        l73 0777  
                                      l74 0778                                        l92 07AC  
                                      l87 07A7                                        l88 07A8  
                                      l98 0045                                        l99 0046  
                     ___wmul@multiplicand 0074                                       l130 00BB  
                                     l114 0087                                       l115 0088  
                                     l211 03E5                                       l116 008A  
                                     l220 041C                                       l150 0101  
                                     l134 00BF                                       l151 0102  
                                     l135 00C0                                       l152 0104  
                                     l224 042F                                       l232 053D  
                                     l129 00B9                                       l225 0430  
                                     l401 0F03                                       l170 0139  
                                     l171 013A                                       l235 0EEA  
                                     l244 0F41                                       l404 0EFA  
                                     l165 0133                                       l229 0438  
                                     l166 0135                                       l238 0EF2  
                                     l184 016A                                       l248 0F2F  
                                     l185 016B                                       l195 03A1  
                                     l196 03A2                                       l189 017B  
                                     l485 0769                                       l398 0F54  
                                     l595 0F0D                                       l909 0EDD  
                                     l879 0FE0                           _timer1ReloadVal 00C1  
                                     _pad 06DE                                       wreg 0009  
                    _I2C1_DO_RX_NACK_STOP 0000                               ?_LCDsend2x4 0074  
                         __end_of_LCDchar 0EF3                                      l1060 0ED7  
                                    l1160 0FEB                                      l3000 05DD  
                                    l1162 0FFF                                      l3002 05E4  
                                    l3010 069E                                      l3004 05EA  
                                    l3020 06C8                                      l3012 06A1  
                                    l3110 055A                                      l3022 06CF  
                                    l3014 06AA                                      l3112 0567  
                                    l3104 053E                                      l3016 06AE  
                                    l3024 06D5                                      l3008 0695  
                                    l3122 0F6C                                      l3114 0579  
                                    l3106 0541                                      l3018 06C0  
                                    l3124 0F76                                      l3108 0552  
                                    l3116 0581                                      l1196 05F2  
                                    l3126 0F84                                      l3118 0595  
                                    l1390 06DD                                      l1623 0FC1  
                                    l3320 0EF3                                      l3400 0FD6  
                                    l1720 07FF                                      l4200 043C  
                                    l1641 06F3                                      l3322 0F04  
                                    l3330 0724                                      l3402 0FDD  
                                    l4210 046D                                      l4202 0448  
                                    l3404 0ED3                                      l3324 0F09  
                                    l3340 0732                                      l3332 072A  
                                    l3500 0F4E                                      l1644 0715  
                                    l4220 04A1                                      l4212 0471  
                                    l4204 044B                                      l1709 0649  
                                    l1717 07D0                                      l4230 038C  
                                    l3406 0ED5                                      l3326 0F0A  
                                    l3350 073D                                      l3342 0734  
                                    l3334 072C                                      l3502 0F51  
                                    l1646 0723                                      l4222 04AE  
                                    l4206 0450                                      l4214 048D  
                                    l4302 02FD                                      l1671 02AC  
                                    l4400 013E                                      l4240 03C1  
                                    l4232 0395                                      l3440 07F9  
                                    l3328 0F0C                                      l3360 0750  
                                    l3352 0743                                      l3344 0737  
                                    l3336 072E                                      l3168 0ED8  
                                    l1664 0599                                      l4160 06F6  
                                    l4152 06DE                                      l1656 04C1  
                                    l4216 0494                                      l4224 04B2  
                                    l4208 046C                                      l4312 0334  
                                    l4304 0305                                      l1673 02B6  
                                    l4170 064E                                      l4410 016F  
                                    l4402 0149                                      l4250 03EC  
                                    l4242 03C7                                      l4234 03A6  
                                    l3442 07FA                                      l3434 07F1  
                                    l3370 075A                                      l3362 0752  
                                    l3354 074A                                      l3346 0739  
                                    l3338 0730                                      l4162 0702  
                                    l4154 06E2                                      l4218 049C  
                                    l1690 0387                                      l4322 035A  
                                    l4314 033C                                      l4306 0310  
                                    l4180 0665                                      l4404 014D  
                                    l4260 041D                                      l4252 03F8  
                                    l4244 03D3                                      l4236 03B1  
                                    l4228 0389                                      l4340 0787  
                                    l3444 07FC                                      l3436 07F6  
                                    l3380 0766                                      l3372 075C  
                                    l3364 0754                                      l3356 074C  
                                    l3348 073B                                      l4164 0707  
                                    l4156 06EC                                      l4316 034A  
                                    l4308 0323                                      l4324 0363  
                                    l4420 0F97                                      l4190 067B  
                                    l4182 0670                                      l4406 0159  
                                    l4350 0039                                      l4262 0423  
                                    l4254 03FE                                      l4246 03D9  
                                    l4238 03B5                                      l4342 078B  
                                    l4334 076B                                      l4430 04CE  
                                    l4414 0EEC                                      l3438 07F7  
                                    l3382 0EFB                                      l3374 075E  
                                    l3366 0756                                      l3358 074E  
                                    l3390 0FC5                                      l4166 0719  
                                    l4158 06F1                                      l4270 02A0  
                                    l4422 0FA1                                      l1679 02F8  
                                    l4192 0688                                      l4176 0653  
                                    l4168 064B                                      l4408 015E  
                                    l4360 006A                                      l4352 004A  
                                    l4264 0434                                      l4256 040A  
                                    l4248 03E6                                      l4344 0797  
                                    l4336 076B                                      l4440 04F6  
                                    l4432 04D6                                      l3384 0EFE  
                                    l3376 0761                                      l3368 0758  
                                    l3392 0FC7                                      l4280 02B9  
                                    l4272 02A5                                      l4328 036D  
                                    l4416 0F86                                      l1697 0FA3  
                                    l4178 065C                                      l4370 009D  
                                    l4362 0076                                      l4354 0055  
                                    l4258 0410                                      l4346 079B  
                                    l4338 077C                                      l4450 0516  
                                    l4442 04FA                                      l4434 04DA  
                                    l4426 04C2                                      l3386 0F00  
                                    l3378 0764                                      l3394 0FCA  
                                    l4290 02DF                                      l4282 02C9  
                                    l4274 02A9                                      l4266 0286  
                                    l4418 0F8C                                      l4188 0672  
                                    l4380 00D3                                      l4372 00A9  
                                    l4364 007B                                      l4356 0059  
                                    l4348 0039                                      l4460 0EE5  
                                    l4452 0522                                      l4444 0502  
                                    l4436 04EA                                      l4428 04CA  
                                    l3396 0FCC                                      l3388 0FC2  
                                    l4292 02E4                                      l4284 02CE  
                                    l4276 02AD                                      l4268 0298  
                                    l4390 0108                                      l4382 00DF  
                                    l4374 00AD                                      l4366 008E  
                                    l4358 0065                           __end_of_LCDbusy 0F30  
                                    l4470 0F28                                      l4454 0527  
                                    l4446 0506                                      l4438 04EE  
                                    l4462 0F30                                      l3398 0FD4  
                                    l2950 05FF                                      l4198 0439  
                                    l4294 02EC                                      l4286 02DA  
                                    l4550 0188                                      ?_pad 0028  
                                    l4392 0113                                      l4384 00E4  
                                    l4376 00C4                                      l4368 0099  
                                    l4456 052C                                      l4448 0512  
                                    l4464 0F31                                      l2952 0604  
                                    l4296 02F3                                      l4288 02DE  
                                    l4480 0FAA                                      l4560 0197  
                                    l4552 0189                           __end_of_LCDinit 053E  
                                    l4394 0117                                      l4386 00F0  
                                    l4378 00CF                                      l4474 0F2D  
                                    l4458 0531                                      l4466 0F35  
                                    l3498 0F42                                      l2970 0FE1  
                                    l2954 060E                                      l2946 05F3  
                                    l2962 07AD                                      l4298 02FB  
                                    l4482 0FAC                                      l4570 0222  
                                    l4562 019D                                      l4554 018D  
                                    l4546 017C                                      l4396 0123  
                                    l4388 00F5                                      l4468 0F1F  
                                    l2980 0FFB                                      l2972 0FE3  
                                    l2956 062C                                      l2948 05F9  
                                    l2964 07B1                                      l4484 0FAE  
                                    l4572 025C                                      l4564 01B9  
                                    l4556 0190                                      l4548 017F  
                                    l4398 0127                                      l2974 0FE7  
                                    l2990 05B7                                      l2958 0640  
                                    l2966 07BF                                      l4486 0FBB  
                                    l4478 0FA4                                      l4574 0261  
                                    l4566 01F2                                      l4558 0196  
                                    l2976 0FF0                                      l2992 05BB  
                                    l2984 059A                                      l2968 07C4  
                                    l4568 021E                                      l4576 026A  
                                    l2978 0FF5                                      l2994 05C2  
                                    l2986 05AB                                      l4578 0276  
                                    l2996 05D4                                      l2988 05AE  
                                    l2998 05DC                           __end_of_LCDrecv 017C  
                         __end_of_LCDsend 07AD                                      STR_1 1000  
                                    u2010 0552                                      u2011 0551  
                                    u2020 0595                                      u2021 0594  
                                    u2030 0F76                                      u2031 0F75  
                                    u2040 0F7F                                      u2041 0F7E  
                                    u2050 0F84                                      u2051 0F83  
                                    _LATA 0016                                      _LATB 0017  
                                    _LATC 0018                                      u3200 06E2  
                                    _LATD 0019                                      u3201 06E1  
                                    _LATE 001A                                      u1610 05F9  
                                    u3210 06F1                                      u1611 05F8  
                                    u3211 06F0                                      u3300 0684  
                                    u1700 05AB                                      u1620 05FF  
                                    u3220 0715                                      u3301 0683  
                                    u1701 05AA                                      u1621 05FE  
                                    u3221 0714                                      u3310 0688  
                                    u1630 060E                                      u3230 0719  
                                    u3311 0687                                      u1631 060D  
                                    u3231 0718                                      u3320 0693  
                                    u3240 0652                                      u3400 03A6  
                                    u1720 05BB                                      u1800 06C0  
                                    u1640 062C                                      u3321 0692  
                                    u3241 0651                                      u3401 03A5  
                                    u1721 05BA                                      u1801 06BF  
                                    u1641 062B                                      u3225 0711  
                                    u3250 065C                                      u3410 03B1  
                                    u1650 07D0                                      u3330 0494  
                                    u3251 065B                                      u3411 03B0  
                                    u1715 05AF                                      u1651 07CF  
                                    u3331 0493                                      u3260 0665  
                                    u3420 03C1                                      u1660 0FE7  
                                    u1740 05D4                                      u1820 06D5  
                                    u3340 049C                                      u3500 0298  
                                    u3261 0664                                      u3421 03C0  
                                    u1661 0FE6                                      u1741 05D3  
                                    u1821 06D4                                      u1805 06BC  
                                    u1645 0628                                      u3341 049B  
                                    u3501 0297                                      u3270 066B  
                                    u3430 03D3                                      u3350 04A1  
                                    u3510 02CE                                      u3271 066A  
                                    u3431 03D2                                      u1735 05BC  
                                    u1815 06C9                                      u3351 04A0  
                                    u3511 02CD                                      u4207 027C  
                                    u3280 0670                                      u3600 0045  
                                    u3440 03E5                                      u1760 05EA  
                                    u3360 04AE                                      u3520 02DE  
                                    u4160 0196                                      u3281 066F  
                                    u3601 0044                                      u3441 03E4  
                                    u4217 04C5                                      u1761 05E9  
                                    u1745 05D0                                      u3361 04AD  
                                    u3521 02DD                                      u4161 0195  
                                    u3290 067B                                      u3610 004A  
                                    u3450 03F8                                      u1690 0FFB  
                                    u1770 069E                                      u3370 04B2  
                                    u3530 030F                                      u4170 026A  
                                    u3291 067A                                      u3611 0049  
                                    u3451 03F7                                      u4307 0539  
                                    u4227 04D3                                      u1691 0FFA  
                                    u1675 0FEC                                      u1755 05DE  
                                    u1771 069D                                      u3371 04B1  
                                    u3531 030E                                      u4171 0269  
                                    u3700 00BF                                      u3620 0055  
                                    u3460 040A                                      u3540 0777  
                                    u4180 0274                                      u3701 00BE  
                                    u3621 0054                                      u4317 0435  
                                    u3461 0409                                      u3541 0776  
                                    u4237 04DD                                      u1685 0FF1  
                                    u3365 04AA                                      u4181 0271  
                                    u3710 00C4                                      u3630 0065  
                                    u3470 041C                                      u3390 03A1  
                                    u3550 077C                                      u1790 06AE  
                                    u3711 00C3                                      u3631 0064  
                                    u3471 041B                                      u3391 03A0  
                                    u3551 077B                                      u4247 04EB  
                                    u1791 06AD                                      u3800 0139  
                                    u3720 00CF                                      u3640 0076  
                                    u3480 042F                                      u3560 0787  
                                    u3801 0138                                      u3721 00CE  
                                    u3641 0075                                      u3481 042E  
                                    u3385 038F                                      u3561 0786  
                                    u4257 04F3                                      u1785 06A2  
                                    u3810 013E                                      u3730 00DF  
                                    u3650 0087                                      u3490 0434  
                                    u3570 0797                                      u4194 0276  
                                    u3811 013D                                      u3731 00DE  
                                    u3651 0086                                      u3491 0433  
                                    u3571 0796                                      u4267 04FF  
                                    u3820 0149                                      u3740 00F0  
                                    u3660 008E                                      u3580 07A7  
                                    _PMD0 0796                                      u3821 0148  
                                    u3741 00EF                                      u3661 008D  
                                    u3581 07A6                                      u4277 0507  
                                    _PMD1 0797                                      u3830 0159  
                                    u3750 0101                                      u3670 0099  
                                    u3590 07AC                                      _PMD2 0798  
                                    u3831 0158                                      u3751 0100  
                                    u3671 0098                                      u3591 07AB  
                                    u4287 0513                                      _PMD3 0799  
                                    u3840 016A                                      u3760 0108  
                                    u3680 00A9                                      _PMD4 079A  
                                    u3841 0169                                      u3761 0107  
                                    u3681 00A8                                      u4297 051D  
                                    _PMD5 079B                                      u3850 016F  
                                    u3770 0113                                      u3690 00B9  
                                    u3851 016E                                      u3771 0112  
                                    u3691 00B8                                      u3780 0123  
                                    u3781 0122                                      u3790 0133  
                                    u3870 0FA1                                      u3791 0132  
                                    u3871 0FA0                                      u3880 0F41  
                                    u3865 0172                                      u3881 0F40  
                                    u3890 0F28                                      u3891 0F27  
                                    _WPUA 0F39                                      _WPUB 0F44  
                                    _WPUC 0F4F                                      _WPUD 0F5A  
                                    _WPUE 0F65                               main@minutes 00DC  
                             main@seconds 00E4                                      _dbuf 0120  
                                    _main 017C                                      _prec 00BF  
                                    pad@i 002E                                      pad@p 002B  
                                    fsr0h 0005                                      fsr1h 0007  
                                    indf0 0000                                      fsr0l 0004  
                                    indf1 0001                                      fsr1l 0006  
                                    btemp 007E                                      _utoa 0439  
                                    start 001C                ??_TMR1_SetInterruptHandler 0074  
                         __end_of_ReadI2C 0F86                           __end_of_OpenI2C 07FE  
                                   ??_pad 002D             __end_of_OSCILLATOR_Initialize 0F04  
                                   ?_main 0070                           __end_of___lldiv 05F3  
                                   ?_utoa 0030                                     _T1CLK 0211  
                                   _T1CON 020E                           __end_of___llmod 06DE  
                                   i1l912 0ED2                                     i1l906 0F6B  
                                   i1l846 001A                                     i1l893 0F1E  
              __end_of_i2c1_fsmStateTable 07F1                                     _OSCEN 0891  
                            vfpfcnvrt@fmt 003E                                     _TMR1H 020D  
                                   _TMR1L 020C                                     _TRISA 0011  
                                   _TRISB 0012                                     _TRISC 0013  
                                   _TRISD 0014                                     _TRISE 0015  
                       ??_I2C1_Initialize 0072                          __end_of_TMR1_ISR 0F6C  
                                   _flags 007B                       read_prec_or_width@c 0023  
                     read_prec_or_width@n 0024                                     _fputc 05F3  
                                   _fputs 07AD                                     btemp0 007E  
                                   pad@fp 0028                                     btemp1 007F  
                                   _width 00BD                                     _putch 07FF  
                 __end_of_TMR1_Initialize 0FE1                                     pclath 000A  
                                   utoa@d 0032                                     utoa@i 003A  
                                   utoa@p 0037                                     utoa@w 0038  
                                   status 0003                                     wtemp0 007E  
                         __end_of_sprintf 0FC2                           _TMR1_WriteTimer 0F0E  
                         __initialization 001E                              __end_of_main 0286  
                            __end_of_utoa 04C2               ?_INTERRUPT_InterruptManager 0070  
                                  ??_main 00C5                                    ??_utoa 0036  
                               ??_LCDchar 0079                                 ??_LCDbusy 007B  
                               ??_LCDinit 0079                __end_of_read_prec_or_width 059A  
                               ??_LCDrecv 0074                                 ??_LCDsend 0074  
                       _second_has_passed 00EA                                    ?_fputc 0072  
                        ___llmod@dividend 0029                                    ?_fputs 0020  
                        __end_of_WriteI2C 0695                                    _ANSELA 0F38  
                                  ?_putch 0070                                    _ANSELB 0F43  
                                  _ANSELC 0F4E                                    _ANSELD 0F59  
                                  _ANSELE 0F64                                    _T1GATE 0210  
                                  _T1GCON 020F                                    _RC3PPS 0F23  
                 TMR1_WriteTimer@timerVal 0070                                    _RC4PPS 0F24  
                                  _ODCONA 0F3A                                    _ODCONB 0F45  
                                  _ODCONC 0F50                                    _ODCOND 0F5B  
                                  _ODCONE 0F66                                    i1l3410 0F13  
                                  i1l3420 0F1C                                    i1l3412 0F14  
                                  i1l4060 000A                                    i1l3422 0ECF  
                                  i1l3414 0F16                                    i1l3510 0F66  
                                  i1l4062 000E                                    i1l3416 0F18  
                                  i1l3408 0F0E                                    i1l3504 0F55  
                                  i1l4064 0013                                    i1l3418 0F1A  
                                  i1l3506 0F57                                    i1l4066 0017  
                                  i1l3508 0F5F                                    _INLVLA 0F3C  
                                  _INLVLB 0F47                                    _INLVLC 0F52  
                                  _INLVLD 0F5D                                    _INLVLE 0F68  
                                  _LCDcmd 0EE4                                    u255_20 0F13  
                                  u255_21 0F12                                    u290_20 0017  
                                  u290_21 0016                                    u259_20 0F66  
                                  u259_21 0F65                                    _LCDstr 0F30  
                                  u288_20 000E                                    u288_21 000D  
                                  u289_20 0013                                    u289_21 0012  
                                  _OSCFRQ 0893                             vfpfcnvrt@done 0048  
                               ??_ReadI2C 0072                               LCDsend2x4@c 0076  
                             LCDrecv@mode 0078                                 ??_OpenI2C 0072  
                        _I2C1_DO_TX_EMPTY 0000                         _CLKREF_Initialize 0ED3  
    __end_of_TMR1_DefaultInterruptHandler 0ED3              _TMR1_DefaultInterruptHandler 0ECF  
                            vfprintf@cfmt 0052                                    ___wmul 0FE1  
                      ?_CLKREF_Initialize 0070                                 ??___lldiv 007A  
                               ??___llmod 007A                      read_prec_or_width@ap 0079  
                                  pad@buf 002A                       ??_CLKREF_Initialize 0072  
                   _I2C1_DO_SEND_ADR_READ 0000                                    fputc@c 0072  
                          _PMD_Initialize 0EF3                                    fputs@c 0025  
                                  fputs@i 0026                                    fputs@s 0020  
                                  ltemp0a 0080                                    putch@c 0070  
                                  ttemp0a 007F                          __end_of_vfprintf 0FA4  
                                  utoa@fp 0030  TMR1_SetInterruptHandler@InterruptHandler 0072  
                               ??_sprintf 007B                                    wtemp0a 007F  
                 __end_of_TMR1_WriteTimer 0F1F                   _I2C1_DO_RX_NACK_RESTART 0000  
                        ?_TMR1_Initialize 0070                         _SYSTEM_Initialize 0F42  
                 __end_of__initialization 0034                        ?_SYSTEM_Initialize 0070  
               __end_of_CLKREF_Initialize 0ED8                   _rdBlkRegCompleteHandler 0000  
                          __pcstackCOMMON 0070                              __pidataBANK1 07FE  
                     ??_SYSTEM_Initialize 0074                                 ?_TMR1_ISR 0070  
           ?_TMR1_DefaultInterruptHandler 0070                             __end_of_fputc 064A  
                           __end_of_fputs 07D1                             __end_of_putch 0800  
                  __end_of_PMD_Initialize 0EFB                                 LCDrecv@hc 0076  
                               LCDrecv@lc 0077                              ??_LCDsend2x4 0075  
                                 ??_fputc 0076                 __end_of_SYSTEM_Initialize 0F55  
                                 ??_fputs 0023                                   ??_putch 0072  
                              __pbssBANK1 00A0                                __pbssBANK2 0120  
                                 ?_LCDcmd 0070                                   ?_LCDstr 007A  
                                 LCDcmd@c 0079                     _rd1RegCompleteHandler 0000  
                                 LCDstr@c 0020                                   LCDstr@p 007A  
                       _I2C1_DO_SEND_STOP 0000                     _wr1RegCompleteHandler 0000  
                              __pmaintext 017C                                   ?___wmul 0072  
                              ??_TMR1_ISR 0072                                __pintentry 0004  
                         _I2C1_Initialize 0F04                        __end_of_LCDsend2x4 0439  
                               ?_WriteI2C 0070                           ?_PMD_Initialize 0070  
                                 _CLKRCLK 0896                                   _CLKRCON 0895  
                                 _LCDchar 0EEB                                   _LCDbusy 0F1F  
                                 _LCDinit 04C2                                   _LCDrecv 0038  
                                 _LCDsend 076A                                   _OSCCON1 088D  
                                 _OSCCON3 088F                                   _OSCTUNE 0892  
                                 _SSP1ADD 018D                                   _SLRCONA 0F3B  
                                 _SLRCONB 0F46                                   _SLRCONC 0F51  
                                 _SLRCOND 0F5C                                   _SLRCONE 0F67  
                                 _SSP1BUF 018C                          ?_TMR1_WriteTimer 0070  
                            LCDsend2x4@hc 0077                              LCDsend2x4@lc 0078  
                      _i2c1_fsmStateTable 07D1                                   _ReadI2C 0F6C  
                                 _OpenI2C 07F1                                   ___lldiv 059A  
                                 ___llmod 0695                                 ?_vfprintf 004C  
                              ??_WriteI2C 0072                                   __ptext1 0FA4  
                                 __ptext2 0F86                                   __ptext3 0286  
                                 __ptext4 0439                                   __ptext5 06DE  
                                 __ptext6 07AD                                   __ptext7 05F3  
                                 __ptext8 07FF                                   __ptext9 0695  
          ??_TMR1_DefaultInterruptHandler 0070                                 _T1CONbits 020E  
                   _OSCILLATOR_Initialize 0EFB                     read_prec_or_width@fmt 0078  
                ??_PIN_MANAGER_Initialize 0072                 ?_TMR1_SetInterruptHandler 0072  
                                 main@buf 00C7                                   _sprintf 0FA4  
                                 clrloop0 0EDF                      end_of_initialization 0034  
                                 fputc@fp 0074                                   fputs@fp 0021  
                  _I2C1_DO_SEND_ADR_WRITE 0000                        _read_prec_or_width 053E  
                 __end_of_I2C1_Initialize 0F0E                           ___lldiv@divisor 0072  
                         ___lldiv@counter 0024                               _I2C1_Status 00A0  
                       __end_of_vfpfcnvrt 0388                       ?_read_prec_or_width 0078  
                        vfpfcnvrt@convarg 0044                                ??_vfprintf 0051  
              _I2C1_DO_SEND_RESTART_WRITE 0000                                 _TRISCbits 0013  
                    ??_read_prec_or_width 0020                            __end_of_LCDcmd 0EEB  
                          __end_of_LCDstr 0F42                            LCDsend2x4@mode 0074  
                             vfpfcnvrt@ap 003F                               vfpfcnvrt@cp 004A  
                             vfpfcnvrt@fp 003C                            __end_of___wmul 1000  
                          _I2C1_DO_RX_ACK 0000                    ?_OSCILLATOR_Initialize 0070  
                     start_initialization 001E                               __end_of_pad 0724  
                        WriteI2C@data_out 0073                                  ??_LCDcmd 0079  
                                ??_LCDstr 007B                           ___llmod@divisor 0025  
                         ___llmod@counter 007A                          ?_I2C1_Initialize 0070  
                             vfprintf@fmt 004E                          ??_PMD_Initialize 0072  
                                ??___wmul 0076                               __pdataBANK1 00EA  
                                ?_LCDchar 0070                               __pbssCOMMON 007B  
                                ?_LCDbusy 0079                                  ?_LCDinit 0070  
                    _I2C1_DO_SEND_RESTART 0000                                  ?_LCDrecv 0070  
                                ?_LCDsend 0070                                 ___latbits 0002  
                           __pcstackBANK0 0020                             __pcstackBANK1 00C5  
                                LCDchar@c 0079                                  LCDsend@c 0075  
                                ?_ReadI2C 0070                                 __pnvBANK1 00E8  
                   _rd2RegCompleteHandler 0000                                  ?_OpenI2C 0070  
                  _PIN_MANAGER_Initialize 0724                     _wr2RegCompleteHandler 0000  
                  _MSSP1_InterruptHandler 00C3                            _I2C1_MasterIsr 0000  
        __end_of_TMR1_SetInterruptHandler 0EDE                                  ?___lldiv 0072  
                                ?___llmod 0025              ??_INTERRUPT_InterruptManager 0072  
                                ?_sprintf 0054                            ___wmul@product 0076  
                                _LATAbits 0016                                _I2C1_DO_RX 0000  
                              _I2C1_DO_TX 0000                                 clear_ram0 0EDE  
                                _PIE3bits 0719                                  _PIE4bits 071A  
                                _PIR3bits 070F                                  _PIR4bits 0710  
               _I2C1_DO_SEND_RESTART_READ 0000                                  _SSP1CON1 0190  
                                _SSP1CON2 0191                                  _TMR1_ISR 0F55  
                                _SSP1STAT 018F                                 _vfpfcnvrt 0286  
                       ??_TMR1_Initialize 0074                         ___wmul@multiplier 0072  
                               main@hours 00D8                             _I2C1_DO_RESET 0000  
                              vfpfcnvrt@c 0049                                vfprintf@ap 0050  
                              vfprintf@fp 004C                   ??_OSCILLATOR_Initialize 0072  
                              ?_vfpfcnvrt 003C                                  _WriteI2C 064A  
                                ___int_sp 0000                  _TMR1_SetInterruptHandler 0ED8  
                   _TMR1_InterruptHandler 00E8                                sprintf@fmt 0055  
                                __ptext10 059A                                  __ptext11 053E  
                                __ptext20 0ED3                                  __ptext12 0FE1  
                                __ptext21 07F1                                  __ptext13 0F42  
                              _T1GCONbits 020F                                  __ptext30 064A  
                                __ptext22 0F30                                  __ptext14 0FC2  
                                __ptext31 0F6C                                  __ptext23 0EEB  
                                __ptext15 0ED8                                  __ptext24 04C2  
                                __ptext16 0EF3                                  __ptext33 0F55  
                                __ptext25 076A                                  __ptext17 0724  
                                __ptext34 0F0E                                  __ptext26 0EE4  
                                __ptext18 0EFB                                  __ptext35 0ECF  
                                __ptext27 0388                                  __ptext19 0F04  
                                __ptext28 0F1F                                  __ptext29 0038  
                            _SSP1CON1bits 0190                              _SSP1CON2bits 0191  
                _I2C1_CallbackReturnReset 0000                                  int$flags 007E  
                                _vfprintf 0F86        __end_of_INTERRUPT_InterruptManager 001C  
              _INTERRUPT_InterruptManager 0004                              _SSP1STATbits 018F  
                       ??_TMR1_WriteTimer 0072                                  main@secs 00E0  
                            _I2C1_DO_IDLE 0000                              _I2C1_DO_RCEN 0000  
                              _INTCONbits 000B                                _LCDsend2x4 0388  
                                intlevel1 0000                                 sprintf@ap 0063  
                        ___lldiv@dividend 0076                   ?_PIN_MANAGER_Initialize 0070  
                 _I2C1_CallbackReturnStop 0000                      _I2C1_DO_ADDRESS_NACK 0000  
                             ??_vfpfcnvrt 0040                             __pstringtext1 07D1  
                           __pstringtext2 1000                             __pstringtext3 0000  
                                sprintf@f 0064                                  sprintf@s 0054  
                              _SSP1DATPPS 0EC6                                _SSP1CLKPPS 0EC5  
                        ___lldiv@quotient 0020            __end_of_PIN_MANAGER_Initialize 076A  
                         _TMR1_Initialize 0FC2  
