

Microchip MPLAB XC8 Assembler V3.10 build 20250813170317 
                                                                                               Fri Nov 28 16:59:57 2025

Microchip MPLAB XC8 C Compiler v3.10 (Free license) build 20250813170317 Og1 
     1                           	processor	16F18875
     2                           	pagewidth 120
     3                           	opt	flic
     4                           	psect	stringtext1,global,class=STRCODE,space=0,delta=2,noexec
     5                           	psect	nvBANK1,global,class=BANK1,space=1,delta=1,noexec
     6                           	psect	stringtext2,global,class=STRCODE,space=0,delta=2,noexec
     7                           	psect	stringtext3,global,class=STRCODE,space=0,delta=2,noexec
     8                           	psect	cinit,global,class=CODE,space=0,merge=1,delta=2
     9                           	psect	bssCOMMON,global,class=COMMON,space=1,delta=1,noexec
    10                           	psect	bssBANK0,global,class=BANK0,space=1,delta=1,noexec
    11                           	psect	bssBANK1,global,class=BANK1,space=1,delta=1,noexec
    12                           	psect	bssBANK2,global,class=BANK2,space=1,delta=1,noexec
    13                           	psect	clrtext,global,class=CODE,space=0,delta=2
    14                           	psect	cstackBANK2,global,class=BANK2,space=1,delta=1,noexec
    15                           	psect	cstackBANK1,global,class=BANK1,space=1,delta=1,noexec
    16                           	psect	cstackCOMMON,global,class=COMMON,space=1,delta=1,noexec
    17                           	psect	cstackBANK0,global,class=BANK0,space=1,delta=1,noexec
    18                           	psect	maintext,global,class=CODE,space=0,merge=1,split=1,delta=2
    19                           	psect	text1,local,class=CODE,space=0,merge=1,delta=2,group=3
    20                           	psect	text2,local,class=CODE,space=0,merge=1,delta=2,group=1
    21                           	psect	text3,local,class=CODE,space=0,merge=1,delta=2,group=1
    22                           	psect	text4,local,class=CODE,space=0,merge=1,delta=2,group=1
    23                           	psect	text5,local,class=CODE,space=0,merge=1,delta=2,group=1
    24                           	psect	text6,local,class=CODE,space=0,merge=1,delta=2,group=3
    25                           	psect	text7,local,class=CODE,space=0,merge=1,delta=2,group=3
    26                           	psect	text8,local,class=CODE,space=0,merge=1,delta=2,group=3
    27                           	psect	text9,local,class=CODE,space=0,merge=1,delta=2,group=2
    28                           	psect	text10,local,class=CODE,space=0,merge=1,delta=2,group=2
    29                           	psect	text11,local,class=CODE,space=0,merge=1,delta=2,group=1
    30                           	psect	text12,local,class=CODE,space=0,merge=1,delta=2,group=2
    31                           	psect	text13,local,class=CODE,space=0,merge=1,delta=2
    32                           	psect	text14,local,class=CODE,space=0,merge=1,delta=2
    33                           	psect	text15,local,class=CODE,space=0,merge=1,delta=2
    34                           	psect	text16,local,class=CODE,space=0,merge=1,delta=2
    35                           	psect	text17,local,class=CODE,space=0,merge=1,delta=2
    36                           	psect	text18,local,class=CODE,space=0,merge=1,delta=2
    37                           	psect	text19,local,class=CODE,space=0,merge=1,delta=2
    38                           	psect	text20,local,class=CODE,space=0,merge=1,delta=2
    39                           	psect	text21,local,class=CODE,space=0,merge=1,delta=2
    40                           	psect	text22,local,class=CODE,space=0,merge=1,delta=2
    41                           	psect	text23,local,class=CODE,space=0,merge=1,delta=2
    42                           	psect	text24,local,class=CODE,space=0,merge=1,delta=2
    43                           	psect	text25,local,class=CODE,space=0,merge=1,delta=2
    44                           	psect	text26,local,class=CODE,space=0,merge=1,delta=2
    45                           	psect	text27,local,class=CODE,space=0,merge=1,delta=2
    46                           	psect	text28,local,class=CODE,space=0,merge=1,delta=2
    47                           	psect	text29,local,class=CODE,space=0,merge=1,delta=2
    48                           	psect	text30,local,class=CODE,space=0,merge=1,delta=2
    49                           	psect	intentry,global,class=CODE,space=0,delta=2
    50                           	psect	text32,local,class=CODE,space=0,merge=1,delta=2
    51                           	psect	text33,local,class=CODE,space=0,merge=1,delta=2
    52                           	psect	text34,local,class=CODE,space=0,merge=1,delta=2
    53                           	psect	idloc,global,abs,ovrld,class=IDLOC,space=5,delta=2,noexec
    54                           	psect	config,global,abs,ovrld,class=CONFIG,space=4,delta=2,noexec
    55                           	dabs	1,0x7E,2
    56     0000                     
    57                           ; Version 2.35
    58                           ; Generated 13/04/2021 GMT
    59                           ; 
    60                           ; Copyright © 2021, Microchip Technology Inc. and its subsidiaries ("Microchip")
    61                           ; All rights reserved.
    62                           ; 
    63                           ; This software is developed by Microchip Technology Inc. and its subsidiaries ("Microch
      +                          ip").
    64                           ; 
    65                           ; Redistribution and use in source and binary forms, with or without modification, are
    66                           ; permitted provided that the following conditions are met:
    67                           ; 
    68                           ;     1. Redistributions of source code must retain the above copyright notice, this lis
      +                          t of
    69                           ;        conditions and the following disclaimer.
    70                           ; 
    71                           ;     2. Redistributions in binary form must reproduce the above copyright notice, this 
      +                          list
    72                           ;        of conditions and the following disclaimer in the documentation and/or other
    73                           ;        materials provided with the distribution. Publication is not required when
    74                           ;        this file is used in an embedded application.
    75                           ; 
    76                           ;     3. Microchip's name may not be used to endorse or promote products derived from th
      +                          is
    77                           ;        software without specific prior written permission.
    78                           ; 
    79                           ; THIS SOFTWARE IS PROVIDED BY MICROCHIP "AS IS" AND ANY EXPRESS OR IMPLIED WARRANTIES,
    80                           ; INCLUDING, BUT NOT LIMITED TO, THE IMPLIED WARRANTIES OF MERCHANTABILITY AND FITNESS F
      +                          OR
    81                           ; PURPOSE ARE DISCLAIMED.  IN NO EVENT SHALL MICROCHIP BE LIABLE FOR ANY DIRECT, INDIREC
      +                          T,
    82                           ; INCIDENTAL, SPECIAL, EXEMPLARY, OR CONSEQUENTIAL DAMAGES (INCLUDING BUT NOT LIMITED TO
    83                           ; PROCUREMENT OF SUBSTITUTE GOODS OR SERVICES; LOSS OF USE, DATA OR PROFITS; OR BUSINESS
    84                           ; INTERRUPTION) HOWSOEVER CAUSED AND ON ANY THEORY OF LIABILITY, WHETHER IN CONTRACT, ST
      +                          RICT
    85                           ; LIABILITY, OR TORT (INCLUDING NEGLIGENCE OR OTHERWISE) ARISING IN ANY WAY OUT OF THE U
      +                          SE OF
    86                           ; THIS SOFTWARE, EVEN IF ADVISED OF THE POSSIBILITY OF SUCH DAMAGE.
    87                           ; 
    88                           ; 
    89                           ; Code-generator required, PIC16F18875 Definitions
    90                           ; 
    91                           ; SFR Addresses
    92     0008                     bsr             equ	8
    93     0005                     fsr0h           equ	5
    94     0004                     fsr0l           equ	4
    95     0007                     fsr1h           equ	7
    96     0006                     fsr1l           equ	6
    97     0000                     indf            equ	0
    98     0000                     indf0           equ	0
    99     0001                     indf1           equ	1
   100     000B                     intcon          equ	11
   101     0002                     pc              equ	2
   102     0002                     pcl             equ	2
   103     000A                     pclath          equ	10
   104     0003                     status          equ	3
   105     0009                     wreg            equ	9
   106     0000                     INDF0           equ	0	;# 
   107     0001                     INDF1           equ	1	;# 
   108     0002                     PCL             equ	2	;# 
   109     0003                     STATUS          equ	3	;# 
   110     0004                     FSR0L           equ	4	;# 
   111     0005                     FSR0H           equ	5	;# 
   112     0006                     FSR1L           equ	6	;# 
   113     0007                     FSR1H           equ	7	;# 
   114     0008                     BSR             equ	8	;# 
   115     0009                     WREG            equ	9	;# 
   116     000A                     PCLATH          equ	10	;# 
   117     000B                     INTCON          equ	11	;# 
   118     000C                     PORTA           equ	12	;# 
   119     000D                     PORTB           equ	13	;# 
   120     000E                     PORTC           equ	14	;# 
   121     000F                     PORTD           equ	15	;# 
   122     0010                     PORTE           equ	16	;# 
   123     0011                     TRISA           equ	17	;# 
   124     0012                     TRISB           equ	18	;# 
   125     0013                     TRISC           equ	19	;# 
   126     0014                     TRISD           equ	20	;# 
   127     0015                     TRISE           equ	21	;# 
   128     0016                     LATA            equ	22	;# 
   129     0017                     LATB            equ	23	;# 
   130     0018                     LATC            equ	24	;# 
   131     0019                     LATD            equ	25	;# 
   132     001A                     LATE            equ	26	;# 
   133     001C                     TMR0L           equ	28	;# 
   134     001C                     TMR0            equ	28	;# 
   135     001D                     TMR0H           equ	29	;# 
   136     001D                     PR0             equ	29	;# 
   137     001E                     T0CON0          equ	30	;# 
   138     001F                     T0CON1          equ	31	;# 
   139     008C                     ADRES           equ	140	;# 
   140     008C                     ADRESL          equ	140	;# 
   141     008D                     ADRESH          equ	141	;# 
   142     008E                     ADPREV          equ	142	;# 
   143     008E                     ADPREVL         equ	142	;# 
   144     008F                     ADPREVH         equ	143	;# 
   145     0090                     ADACC           equ	144	;# 
   146     0090                     ADACCL          equ	144	;# 
   147     0091                     ADACCH          equ	145	;# 
   148     0093                     ADCON0          equ	147	;# 
   149     0094                     ADCON1          equ	148	;# 
   150     0095                     ADCON2          equ	149	;# 
   151     0096                     ADCON3          equ	150	;# 
   152     0097                     ADSTAT          equ	151	;# 
   153     0098                     ADCLK           equ	152	;# 
   154     0099                     ADACT           equ	153	;# 
   155     009A                     ADREF           equ	154	;# 
   156     009B                     ADCAP           equ	155	;# 
   157     009C                     ADPRE           equ	156	;# 
   158     009D                     ADACQ           equ	157	;# 
   159     009E                     ADPCH           equ	158	;# 
   160     010C                     ADCNT           equ	268	;# 
   161     010D                     ADRPT           equ	269	;# 
   162     010E                     ADLTH           equ	270	;# 
   163     010E                     ADLTHL          equ	270	;# 
   164     010F                     ADLTHH          equ	271	;# 
   165     0110                     ADUTH           equ	272	;# 
   166     0110                     ADUTHL          equ	272	;# 
   167     0111                     ADUTHH          equ	273	;# 
   168     0112                     ADSTPT          equ	274	;# 
   169     0112                     ADSTPTL         equ	274	;# 
   170     0113                     ADSTPTH         equ	275	;# 
   171     0114                     ADFLTR          equ	276	;# 
   172     0114                     ADFLTRL         equ	276	;# 
   173     0115                     ADFLTRH         equ	277	;# 
   174     0116                     ADERR           equ	278	;# 
   175     0116                     ADERRL          equ	278	;# 
   176     0117                     ADERRH          equ	279	;# 
   177     0119                     RC1REG          equ	281	;# 
   178     0119                     RCREG           equ	281	;# 
   179     0119                     RCREG1          equ	281	;# 
   180     011A                     TX1REG          equ	282	;# 
   181     011A                     TXREG1          equ	282	;# 
   182     011A                     TXREG           equ	282	;# 
   183     011B                     SP1BRG          equ	283	;# 
   184     011B                     SP1BRGL         equ	283	;# 
   185     011B                     SPBRG           equ	283	;# 
   186     011B                     SPBRG1          equ	283	;# 
   187     011B                     SPBRGL          equ	283	;# 
   188     011C                     SP1BRGH         equ	284	;# 
   189     011C                     SPBRGH          equ	284	;# 
   190     011C                     SPBRGH1         equ	284	;# 
   191     011D                     RC1STA          equ	285	;# 
   192     011D                     RCSTA1          equ	285	;# 
   193     011D                     RCSTA           equ	285	;# 
   194     011E                     TX1STA          equ	286	;# 
   195     011E                     TXSTA1          equ	286	;# 
   196     011E                     TXSTA           equ	286	;# 
   197     011F                     BAUD1CON        equ	287	;# 
   198     011F                     BAUDCON1        equ	287	;# 
   199     011F                     BAUDCTL1        equ	287	;# 
   200     011F                     BAUDCON         equ	287	;# 
   201     011F                     BAUDCTL         equ	287	;# 
   202     018C                     SSP1BUF         equ	396	;# 
   203     018D                     SSP1ADD         equ	397	;# 
   204     018E                     SSP1MSK         equ	398	;# 
   205     018F                     SSP1STAT        equ	399	;# 
   206     0190                     SSP1CON1        equ	400	;# 
   207     0191                     SSP1CON2        equ	401	;# 
   208     0192                     SSP1CON3        equ	402	;# 
   209     0196                     SSP2BUF         equ	406	;# 
   210     0197                     SSP2ADD         equ	407	;# 
   211     0198                     SSP2MSK         equ	408	;# 
   212     0199                     SSP2STAT        equ	409	;# 
   213     019A                     SSP2CON1        equ	410	;# 
   214     019B                     SSP2CON2        equ	411	;# 
   215     019C                     SSP2CON3        equ	412	;# 
   216     020C                     TMR1            equ	524	;# 
   217     020C                     TMR1L           equ	524	;# 
   218     020D                     TMR1H           equ	525	;# 
   219     020E                     T1CON           equ	526	;# 
   220     020F                     T1GCON          equ	527	;# 
   221     020F                     PR1             equ	527	;# 
   222     0210                     T1GATE          equ	528	;# 
   223     0210                     TMR1GATE        equ	528	;# 
   224     0211                     T1CLK           equ	529	;# 
   225     0211                     TMR1CLK         equ	529	;# 
   226     0212                     TMR3            equ	530	;# 
   227     0212                     TMR3L           equ	530	;# 
   228     0213                     TMR3H           equ	531	;# 
   229     0214                     T3CON           equ	532	;# 
   230     0215                     T3GCON          equ	533	;# 
   231     0215                     PR3             equ	533	;# 
   232     0216                     T3GATE          equ	534	;# 
   233     0216                     TMR3GATE        equ	534	;# 
   234     0217                     T3CLK           equ	535	;# 
   235     0217                     TMR3CLK         equ	535	;# 
   236     0218                     TMR5            equ	536	;# 
   237     0218                     TMR5L           equ	536	;# 
   238     0219                     TMR5H           equ	537	;# 
   239     021A                     T5CON           equ	538	;# 
   240     021B                     T5GCON          equ	539	;# 
   241     021B                     PR5             equ	539	;# 
   242     021C                     T5GATE          equ	540	;# 
   243     021C                     TMR5GATE        equ	540	;# 
   244     021D                     T5CLK           equ	541	;# 
   245     021D                     TMR5CLK         equ	541	;# 
   246     021E                     CCPTMRS0        equ	542	;# 
   247     021F                     CCPTMRS1        equ	543	;# 
   248     028C                     T2TMR           equ	652	;# 
   249     028C                     TMR2            equ	652	;# 
   250     028D                     T2PR            equ	653	;# 
   251     028D                     PR2             equ	653	;# 
   252     028E                     T2CON           equ	654	;# 
   253     028F                     T2HLT           equ	655	;# 
   254     0290                     T2CLKCON        equ	656	;# 
   255     0290                     T2CLK           equ	656	;# 
   256     0291                     T2RST           equ	657	;# 
   257     0292                     T4TMR           equ	658	;# 
   258     0292                     TMR4            equ	658	;# 
   259     0293                     T4PR            equ	659	;# 
   260     0293                     PR4             equ	659	;# 
   261     0294                     T4CON           equ	660	;# 
   262     0295                     T4HLT           equ	661	;# 
   263     0296                     T4CLKCON        equ	662	;# 
   264     0296                     T4CLK           equ	662	;# 
   265     0297                     T4RST           equ	663	;# 
   266     0298                     T6TMR           equ	664	;# 
   267     0298                     TMR6            equ	664	;# 
   268     0299                     T6PR            equ	665	;# 
   269     0299                     PR6             equ	665	;# 
   270     029A                     T6CON           equ	666	;# 
   271     029B                     T6HLT           equ	667	;# 
   272     029C                     T6CLKCON        equ	668	;# 
   273     029C                     T6CLK           equ	668	;# 
   274     029D                     T6RST           equ	669	;# 
   275     030C                     CCPR1           equ	780	;# 
   276     030C                     CCPR1L          equ	780	;# 
   277     030D                     CCPR1H          equ	781	;# 
   278     030E                     CCP1CON         equ	782	;# 
   279     030F                     CCP1CAP         equ	783	;# 
   280     0310                     CCPR2           equ	784	;# 
   281     0310                     CCPR2L          equ	784	;# 
   282     0311                     CCPR2H          equ	785	;# 
   283     0312                     CCP2CON         equ	786	;# 
   284     0313                     CCP2CAP         equ	787	;# 
   285     0314                     CCPR3           equ	788	;# 
   286     0314                     CCPR3L          equ	788	;# 
   287     0315                     CCPR3H          equ	789	;# 
   288     0316                     CCP3CON         equ	790	;# 
   289     0317                     CCP3CAP         equ	791	;# 
   290     0318                     CCPR4           equ	792	;# 
   291     0318                     CCPR4L          equ	792	;# 
   292     0319                     CCPR4H          equ	793	;# 
   293     031A                     CCP4CON         equ	794	;# 
   294     031B                     CCP4CAP         equ	795	;# 
   295     031C                     CCPR5           equ	796	;# 
   296     031C                     CCPR5L          equ	796	;# 
   297     031D                     CCPR5H          equ	797	;# 
   298     031E                     CCP5CON         equ	798	;# 
   299     031F                     CCP5CAP         equ	799	;# 
   300     038C                     PWM6DC          equ	908	;# 
   301     038C                     PWM6DCL         equ	908	;# 
   302     038D                     PWM6DCH         equ	909	;# 
   303     038E                     PWM6CON         equ	910	;# 
   304     0390                     PWM7DC          equ	912	;# 
   305     0390                     PWM7DCL         equ	912	;# 
   306     0391                     PWM7DCH         equ	913	;# 
   307     0392                     PWM7CON         equ	914	;# 
   308     040C                     SCANLADRL       equ	1036	;# 
   309     040D                     SCANLADRH       equ	1037	;# 
   310     040E                     SCANHADRL       equ	1038	;# 
   311     040F                     SCANHADRH       equ	1039	;# 
   312     0410                     SCANCON0        equ	1040	;# 
   313     0411                     SCANTRIG        equ	1041	;# 
   314     0416                     CRCDATA         equ	1046	;# 
   315     0416                     CRCDATL         equ	1046	;# 
   316     0417                     CRCDATH         equ	1047	;# 
   317     0418                     CRCACC          equ	1048	;# 
   318     0418                     CRCACCL         equ	1048	;# 
   319     0419                     CRCACCH         equ	1049	;# 
   320     041A                     CRCSHFT         equ	1050	;# 
   321     041A                     CRCSHIFTL       equ	1050	;# 
   322     041B                     CRCSHIFTH       equ	1051	;# 
   323     041C                     CRCXOR          equ	1052	;# 
   324     041C                     CRCXORL         equ	1052	;# 
   325     041D                     CRCXORH         equ	1053	;# 
   326     041E                     CRCCON0         equ	1054	;# 
   327     041F                     CRCCON1         equ	1055	;# 
   328     048C                     SMT1TMR         equ	1164	;# 
   329     048C                     SMT1TMRL        equ	1164	;# 
   330     048D                     SMT1TMRH        equ	1165	;# 
   331     048E                     SMT1TMRU        equ	1166	;# 
   332     048F                     SMT1CPR         equ	1167	;# 
   333     048F                     SMT1CPRL        equ	1167	;# 
   334     0490                     SMT1CPRH        equ	1168	;# 
   335     0491                     SMT1CPRU        equ	1169	;# 
   336     0492                     SMT1CPW         equ	1170	;# 
   337     0492                     SMT1CPWL        equ	1170	;# 
   338     0493                     SMT1CPWH        equ	1171	;# 
   339     0494                     SMT1CPWU        equ	1172	;# 
   340     0495                     SMT1PR          equ	1173	;# 
   341     0495                     SMT1PRL         equ	1173	;# 
   342     0496                     SMT1PRH         equ	1174	;# 
   343     0497                     SMT1PRU         equ	1175	;# 
   344     0498                     SMT1CON0        equ	1176	;# 
   345     0499                     SMT1CON1        equ	1177	;# 
   346     049A                     SMT1STAT        equ	1178	;# 
   347     049B                     SMT1CLK         equ	1179	;# 
   348     049C                     SMT1SIG         equ	1180	;# 
   349     049D                     SMT1WIN         equ	1181	;# 
   350     050C                     SMT2TMR         equ	1292	;# 
   351     050C                     SMT2TMRL        equ	1292	;# 
   352     050D                     SMT2TMRH        equ	1293	;# 
   353     050E                     SMT2TMRU        equ	1294	;# 
   354     050F                     SMT2CPR         equ	1295	;# 
   355     050F                     SMT2CPRL        equ	1295	;# 
   356     0510                     SMT2CPRH        equ	1296	;# 
   357     0511                     SMT2CPRU        equ	1297	;# 
   358     0512                     SMT2CPW         equ	1298	;# 
   359     0512                     SMT2CPWL        equ	1298	;# 
   360     0513                     SMT2CPWH        equ	1299	;# 
   361     0514                     SMT2CPWU        equ	1300	;# 
   362     0515                     SMT2PR          equ	1301	;# 
   363     0515                     SMT2PRL         equ	1301	;# 
   364     0516                     SMT2PRH         equ	1302	;# 
   365     0517                     SMT2PRU         equ	1303	;# 
   366     0518                     SMT2CON0        equ	1304	;# 
   367     0519                     SMT2CON1        equ	1305	;# 
   368     051A                     SMT2STAT        equ	1306	;# 
   369     051B                     SMT2CLK         equ	1307	;# 
   370     051C                     SMT2SIG         equ	1308	;# 
   371     051D                     SMT2WIN         equ	1309	;# 
   372     058C                     NCO1ACC         equ	1420	;# 
   373     058C                     NCO1ACCL        equ	1420	;# 
   374     058D                     NCO1ACCH        equ	1421	;# 
   375     058E                     NCO1ACCU        equ	1422	;# 
   376     058F                     NCO1INC         equ	1423	;# 
   377     058F                     NCO1INCL        equ	1423	;# 
   378     0590                     NCO1INCH        equ	1424	;# 
   379     0591                     NCO1INCU        equ	1425	;# 
   380     0592                     NCO1CON         equ	1426	;# 
   381     0593                     NCO1CLK         equ	1427	;# 
   382     060C                     CWG1CLKCON      equ	1548	;# 
   383     060D                     CWG1ISM         equ	1549	;# 
   384     060E                     CWG1DBR         equ	1550	;# 
   385     060F                     CWG1DBF         equ	1551	;# 
   386     0610                     CWG1CON0        equ	1552	;# 
   387     0611                     CWG1CON1        equ	1553	;# 
   388     0612                     CWG1AS0         equ	1554	;# 
   389     0613                     CWG1AS1         equ	1555	;# 
   390     0614                     CWG1STR         equ	1556	;# 
   391     0616                     CWG2CLKCON      equ	1558	;# 
   392     0617                     CWG2ISM         equ	1559	;# 
   393     0618                     CWG2DBR         equ	1560	;# 
   394     0619                     CWG2DBF         equ	1561	;# 
   395     061A                     CWG2CON0        equ	1562	;# 
   396     061B                     CWG2CON1        equ	1563	;# 
   397     061C                     CWG2AS0         equ	1564	;# 
   398     061D                     CWG2AS1         equ	1565	;# 
   399     061E                     CWG2STR         equ	1566	;# 
   400     068C                     CWG3CLKCON      equ	1676	;# 
   401     068D                     CWG3ISM         equ	1677	;# 
   402     068E                     CWG3DBR         equ	1678	;# 
   403     068F                     CWG3DBF         equ	1679	;# 
   404     0690                     CWG3CON0        equ	1680	;# 
   405     0691                     CWG3CON1        equ	1681	;# 
   406     0692                     CWG3AS0         equ	1682	;# 
   407     0693                     CWG3AS1         equ	1683	;# 
   408     0694                     CWG3STR         equ	1684	;# 
   409     070C                     PIR0            equ	1804	;# 
   410     070D                     PIR1            equ	1805	;# 
   411     070E                     PIR2            equ	1806	;# 
   412     070F                     PIR3            equ	1807	;# 
   413     0710                     PIR4            equ	1808	;# 
   414     0711                     PIR5            equ	1809	;# 
   415     0712                     PIR6            equ	1810	;# 
   416     0713                     PIR7            equ	1811	;# 
   417     0714                     PIR8            equ	1812	;# 
   418     0716                     PIE0            equ	1814	;# 
   419     0717                     PIE1            equ	1815	;# 
   420     0718                     PIE2            equ	1816	;# 
   421     0719                     PIE3            equ	1817	;# 
   422     071A                     PIE4            equ	1818	;# 
   423     071B                     PIE5            equ	1819	;# 
   424     071C                     PIE6            equ	1820	;# 
   425     071D                     PIE7            equ	1821	;# 
   426     071E                     PIE8            equ	1822	;# 
   427     0796                     PMD0            equ	1942	;# 
   428     0797                     PMD1            equ	1943	;# 
   429     0798                     PMD2            equ	1944	;# 
   430     0799                     PMD3            equ	1945	;# 
   431     079A                     PMD4            equ	1946	;# 
   432     079B                     PMD5            equ	1947	;# 
   433     080C                     WDTCON0         equ	2060	;# 
   434     080D                     WDTCON1         equ	2061	;# 
   435     080E                     WDTPSL          equ	2062	;# 
   436     080F                     WDTPSH          equ	2063	;# 
   437     0810                     WDTTMR          equ	2064	;# 
   438     0811                     BORCON          equ	2065	;# 
   439     0812                     VREGCON         equ	2066	;# 
   440     0813                     PCON0           equ	2067	;# 
   441     0814                     CCDCON          equ	2068	;# 
   442     081A                     NVMADRL         equ	2074	;# 
   443     081B                     NVMADRH         equ	2075	;# 
   444     081C                     NVMDATL         equ	2076	;# 
   445     081D                     NVMDATH         equ	2077	;# 
   446     081E                     NVMCON1         equ	2078	;# 
   447     081F                     NVMCON2         equ	2079	;# 
   448     088C                     CPUDOZE         equ	2188	;# 
   449     088D                     OSCCON1         equ	2189	;# 
   450     088E                     OSCCON2         equ	2190	;# 
   451     088F                     OSCCON3         equ	2191	;# 
   452     0890                     OSCSTAT         equ	2192	;# 
   453     0891                     OSCEN           equ	2193	;# 
   454     0892                     OSCTUNE         equ	2194	;# 
   455     0893                     OSCFRQ          equ	2195	;# 
   456     0895                     CLKRCON         equ	2197	;# 
   457     0896                     CLKRCLK         equ	2198	;# 
   458     0897                     MDCON0          equ	2199	;# 
   459     0898                     MDCON1          equ	2200	;# 
   460     0899                     MDSRC           equ	2201	;# 
   461     089A                     MDCARL          equ	2202	;# 
   462     089B                     MDCARH          equ	2203	;# 
   463     090C                     FVRCON          equ	2316	;# 
   464     090E                     DAC1CON0        equ	2318	;# 
   465     090F                     DAC1CON1        equ	2319	;# 
   466     091F                     ZCD1CON         equ	2335	;# 
   467     091F                     ZCDCON          equ	2335	;# 
   468     098F                     CMOUT           equ	2447	;# 
   469     098F                     CMSTAT          equ	2447	;# 
   470     0990                     CM1CON0         equ	2448	;# 
   471     0991                     CM1CON1         equ	2449	;# 
   472     0992                     CM1NSEL         equ	2450	;# 
   473     0993                     CM1PSEL         equ	2451	;# 
   474     0994                     CM2CON0         equ	2452	;# 
   475     0995                     CM2CON1         equ	2453	;# 
   476     0996                     CM2NSEL         equ	2454	;# 
   477     0997                     CM2PSEL         equ	2455	;# 
   478     0E0F                     CLCDATA         equ	3599	;# 
   479     0E10                     CLC1CON         equ	3600	;# 
   480     0E11                     CLC1POL         equ	3601	;# 
   481     0E12                     CLC1SEL0        equ	3602	;# 
   482     0E13                     CLC1SEL1        equ	3603	;# 
   483     0E14                     CLC1SEL2        equ	3604	;# 
   484     0E15                     CLC1SEL3        equ	3605	;# 
   485     0E16                     CLC1GLS0        equ	3606	;# 
   486     0E17                     CLC1GLS1        equ	3607	;# 
   487     0E18                     CLC1GLS2        equ	3608	;# 
   488     0E19                     CLC1GLS3        equ	3609	;# 
   489     0E1A                     CLC2CON         equ	3610	;# 
   490     0E1B                     CLC2POL         equ	3611	;# 
   491     0E1C                     CLC2SEL0        equ	3612	;# 
   492     0E1D                     CLC2SEL1        equ	3613	;# 
   493     0E1E                     CLC2SEL2        equ	3614	;# 
   494     0E1F                     CLC2SEL3        equ	3615	;# 
   495     0E20                     CLC2GLS0        equ	3616	;# 
   496     0E21                     CLC2GLS1        equ	3617	;# 
   497     0E22                     CLC2GLS2        equ	3618	;# 
   498     0E23                     CLC2GLS3        equ	3619	;# 
   499     0E24                     CLC3CON         equ	3620	;# 
   500     0E25                     CLC3POL         equ	3621	;# 
   501     0E26                     CLC3SEL0        equ	3622	;# 
   502     0E27                     CLC3SEL1        equ	3623	;# 
   503     0E28                     CLC3SEL2        equ	3624	;# 
   504     0E29                     CLC3SEL3        equ	3625	;# 
   505     0E2A                     CLC3GLS0        equ	3626	;# 
   506     0E2B                     CLC3GLS1        equ	3627	;# 
   507     0E2C                     CLC3GLS2        equ	3628	;# 
   508     0E2D                     CLC3GLS3        equ	3629	;# 
   509     0E2E                     CLC4CON         equ	3630	;# 
   510     0E2F                     CLC4POL         equ	3631	;# 
   511     0E30                     CLC4SEL0        equ	3632	;# 
   512     0E31                     CLC4SEL1        equ	3633	;# 
   513     0E32                     CLC4SEL2        equ	3634	;# 
   514     0E33                     CLC4SEL3        equ	3635	;# 
   515     0E34                     CLC4GLS0        equ	3636	;# 
   516     0E35                     CLC4GLS1        equ	3637	;# 
   517     0E36                     CLC4GLS2        equ	3638	;# 
   518     0E37                     CLC4GLS3        equ	3639	;# 
   519     0E8F                     PPSLOCK         equ	3727	;# 
   520     0E90                     INTPPS          equ	3728	;# 
   521     0E91                     T0CKIPPS        equ	3729	;# 
   522     0E92                     T1CKIPPS        equ	3730	;# 
   523     0E93                     T1GPPS          equ	3731	;# 
   524     0E94                     T3CKIPPS        equ	3732	;# 
   525     0E95                     T3GPPS          equ	3733	;# 
   526     0E96                     T5CKIPPS        equ	3734	;# 
   527     0E97                     T5GPPS          equ	3735	;# 
   528     0E9C                     T2AINPPS        equ	3740	;# 
   529     0E9D                     T4AINPPS        equ	3741	;# 
   530     0E9E                     T6AINPPS        equ	3742	;# 
   531     0EA1                     CCP1PPS         equ	3745	;# 
   532     0EA2                     CCP2PPS         equ	3746	;# 
   533     0EA3                     CCP3PPS         equ	3747	;# 
   534     0EA4                     CCP4PPS         equ	3748	;# 
   535     0EA5                     CCP5PPS         equ	3749	;# 
   536     0EA9                     SMT1WINPPS      equ	3753	;# 
   537     0EAA                     SMT1SIGPPS      equ	3754	;# 
   538     0EAB                     SMT2WINPPS      equ	3755	;# 
   539     0EAC                     SMT2SIGPPS      equ	3756	;# 
   540     0EB1                     CWG1PPS         equ	3761	;# 
   541     0EB2                     CWG2PPS         equ	3762	;# 
   542     0EB3                     CWG3PPS         equ	3763	;# 
   543     0EB8                     MDCARLPPS       equ	3768	;# 
   544     0EB9                     MDCARHPPS       equ	3769	;# 
   545     0EBA                     MDSRCPPS        equ	3770	;# 
   546     0EBB                     CLCIN0PPS       equ	3771	;# 
   547     0EBC                     CLCIN1PPS       equ	3772	;# 
   548     0EBD                     CLCIN2PPS       equ	3773	;# 
   549     0EBE                     CLCIN3PPS       equ	3774	;# 
   550     0EC3                     ADCACTPPS       equ	3779	;# 
   551     0EC5                     SSP1CLKPPS      equ	3781	;# 
   552     0EC6                     SSP1DATPPS      equ	3782	;# 
   553     0EC7                     SSP1SSPPS       equ	3783	;# 
   554     0EC8                     SSP2CLKPPS      equ	3784	;# 
   555     0EC9                     SSP2DATPPS      equ	3785	;# 
   556     0ECA                     SSP2SSPPS       equ	3786	;# 
   557     0ECB                     RXPPS           equ	3787	;# 
   558     0ECC                     TXPPS           equ	3788	;# 
   559     0F10                     RA0PPS          equ	3856	;# 
   560     0F11                     RA1PPS          equ	3857	;# 
   561     0F12                     RA2PPS          equ	3858	;# 
   562     0F13                     RA3PPS          equ	3859	;# 
   563     0F14                     RA4PPS          equ	3860	;# 
   564     0F15                     RA5PPS          equ	3861	;# 
   565     0F16                     RA6PPS          equ	3862	;# 
   566     0F17                     RA7PPS          equ	3863	;# 
   567     0F18                     RB0PPS          equ	3864	;# 
   568     0F19                     RB1PPS          equ	3865	;# 
   569     0F1A                     RB2PPS          equ	3866	;# 
   570     0F1B                     RB3PPS          equ	3867	;# 
   571     0F1C                     RB4PPS          equ	3868	;# 
   572     0F1D                     RB5PPS          equ	3869	;# 
   573     0F1E                     RB6PPS          equ	3870	;# 
   574     0F1F                     RB7PPS          equ	3871	;# 
   575     0F20                     RC0PPS          equ	3872	;# 
   576     0F21                     RC1PPS          equ	3873	;# 
   577     0F22                     RC2PPS          equ	3874	;# 
   578     0F23                     RC3PPS          equ	3875	;# 
   579     0F24                     RC4PPS          equ	3876	;# 
   580     0F25                     RC5PPS          equ	3877	;# 
   581     0F26                     RC6PPS          equ	3878	;# 
   582     0F27                     RC7PPS          equ	3879	;# 
   583     0F28                     RD0PPS          equ	3880	;# 
   584     0F29                     RD1PPS          equ	3881	;# 
   585     0F2A                     RD2PPS          equ	3882	;# 
   586     0F2B                     RD3PPS          equ	3883	;# 
   587     0F2C                     RD4PPS          equ	3884	;# 
   588     0F2D                     RD5PPS          equ	3885	;# 
   589     0F2E                     RD6PPS          equ	3886	;# 
   590     0F2F                     RD7PPS          equ	3887	;# 
   591     0F30                     RE0PPS          equ	3888	;# 
   592     0F31                     RE1PPS          equ	3889	;# 
   593     0F32                     RE2PPS          equ	3890	;# 
   594     0F38                     ANSELA          equ	3896	;# 
   595     0F39                     WPUA            equ	3897	;# 
   596     0F3A                     ODCONA          equ	3898	;# 
   597     0F3B                     SLRCONA         equ	3899	;# 
   598     0F3C                     INLVLA          equ	3900	;# 
   599     0F3D                     IOCAP           equ	3901	;# 
   600     0F3E                     IOCAN           equ	3902	;# 
   601     0F3F                     IOCAF           equ	3903	;# 
   602     0F40                     CCDNA           equ	3904	;# 
   603     0F41                     CCDPA           equ	3905	;# 
   604     0F43                     ANSELB          equ	3907	;# 
   605     0F44                     WPUB            equ	3908	;# 
   606     0F45                     ODCONB          equ	3909	;# 
   607     0F46                     SLRCONB         equ	3910	;# 
   608     0F47                     INLVLB          equ	3911	;# 
   609     0F48                     IOCBP           equ	3912	;# 
   610     0F49                     IOCBN           equ	3913	;# 
   611     0F4A                     IOCBF           equ	3914	;# 
   612     0F4B                     CCDNB           equ	3915	;# 
   613     0F4C                     CCDPB           equ	3916	;# 
   614     0F4E                     ANSELC          equ	3918	;# 
   615     0F4F                     WPUC            equ	3919	;# 
   616     0F50                     ODCONC          equ	3920	;# 
   617     0F51                     SLRCONC         equ	3921	;# 
   618     0F52                     INLVLC          equ	3922	;# 
   619     0F53                     IOCCP           equ	3923	;# 
   620     0F54                     IOCCN           equ	3924	;# 
   621     0F55                     IOCCF           equ	3925	;# 
   622     0F56                     CCDNC           equ	3926	;# 
   623     0F57                     CCDPC           equ	3927	;# 
   624     0F59                     ANSELD          equ	3929	;# 
   625     0F5A                     WPUD            equ	3930	;# 
   626     0F5B                     ODCOND          equ	3931	;# 
   627     0F5C                     SLRCOND         equ	3932	;# 
   628     0F5D                     INLVLD          equ	3933	;# 
   629     0F61                     CCDND           equ	3937	;# 
   630     0F62                     CCDPD           equ	3938	;# 
   631     0F64                     ANSELE          equ	3940	;# 
   632     0F65                     WPUE            equ	3941	;# 
   633     0F66                     ODCONE          equ	3942	;# 
   634     0F67                     SLRCONE         equ	3943	;# 
   635     0F68                     INLVLE          equ	3944	;# 
   636     0F69                     IOCEP           equ	3945	;# 
   637     0F6A                     IOCEN           equ	3946	;# 
   638     0F6B                     IOCEF           equ	3947	;# 
   639     0F6C                     CCDNE           equ	3948	;# 
   640     0F6D                     CCDPE           equ	3949	;# 
   641     0FE4                     STATUS_SHAD     equ	4068	;# 
   642     0FE5                     WREG_SHAD       equ	4069	;# 
   643     0FE6                     BSR_SHAD        equ	4070	;# 
   644     0FE7                     PCLATH_SHAD     equ	4071	;# 
   645     0FE8                     FSR0L_SHAD      equ	4072	;# 
   646     0FE9                     FSR0H_SHAD      equ	4073	;# 
   647     0FEA                     FSR1L_SHAD      equ	4074	;# 
   648     0FEB                     FSR1H_SHAD      equ	4075	;# 
   649     0FED                     STKPTR          equ	4077	;# 
   650     0FEE                     TOSL            equ	4078	;# 
   651     0FEF                     TOSH            equ	4079	;# 
   652     0000                     INDF0           equ	0	;# 
   653     0001                     INDF1           equ	1	;# 
   654     0002                     PCL             equ	2	;# 
   655     0003                     STATUS          equ	3	;# 
   656     0004                     FSR0L           equ	4	;# 
   657     0005                     FSR0H           equ	5	;# 
   658     0006                     FSR1L           equ	6	;# 
   659     0007                     FSR1H           equ	7	;# 
   660     0008                     BSR             equ	8	;# 
   661     0009                     WREG            equ	9	;# 
   662     000A                     PCLATH          equ	10	;# 
   663     000B                     INTCON          equ	11	;# 
   664     000C                     PORTA           equ	12	;# 
   665     000D                     PORTB           equ	13	;# 
   666     000E                     PORTC           equ	14	;# 
   667     000F                     PORTD           equ	15	;# 
   668     0010                     PORTE           equ	16	;# 
   669     0011                     TRISA           equ	17	;# 
   670     0012                     TRISB           equ	18	;# 
   671     0013                     TRISC           equ	19	;# 
   672     0014                     TRISD           equ	20	;# 
   673     0015                     TRISE           equ	21	;# 
   674     0016                     LATA            equ	22	;# 
   675     0017                     LATB            equ	23	;# 
   676     0018                     LATC            equ	24	;# 
   677     0019                     LATD            equ	25	;# 
   678     001A                     LATE            equ	26	;# 
   679     001C                     TMR0L           equ	28	;# 
   680     001C                     TMR0            equ	28	;# 
   681     001D                     TMR0H           equ	29	;# 
   682     001D                     PR0             equ	29	;# 
   683     001E                     T0CON0          equ	30	;# 
   684     001F                     T0CON1          equ	31	;# 
   685     008C                     ADRES           equ	140	;# 
   686     008C                     ADRESL          equ	140	;# 
   687     008D                     ADRESH          equ	141	;# 
   688     008E                     ADPREV          equ	142	;# 
   689     008E                     ADPREVL         equ	142	;# 
   690     008F                     ADPREVH         equ	143	;# 
   691     0090                     ADACC           equ	144	;# 
   692     0090                     ADACCL          equ	144	;# 
   693     0091                     ADACCH          equ	145	;# 
   694     0093                     ADCON0          equ	147	;# 
   695     0094                     ADCON1          equ	148	;# 
   696     0095                     ADCON2          equ	149	;# 
   697     0096                     ADCON3          equ	150	;# 
   698     0097                     ADSTAT          equ	151	;# 
   699     0098                     ADCLK           equ	152	;# 
   700     0099                     ADACT           equ	153	;# 
   701     009A                     ADREF           equ	154	;# 
   702     009B                     ADCAP           equ	155	;# 
   703     009C                     ADPRE           equ	156	;# 
   704     009D                     ADACQ           equ	157	;# 
   705     009E                     ADPCH           equ	158	;# 
   706     010C                     ADCNT           equ	268	;# 
   707     010D                     ADRPT           equ	269	;# 
   708     010E                     ADLTH           equ	270	;# 
   709     010E                     ADLTHL          equ	270	;# 
   710     010F                     ADLTHH          equ	271	;# 
   711     0110                     ADUTH           equ	272	;# 
   712     0110                     ADUTHL          equ	272	;# 
   713     0111                     ADUTHH          equ	273	;# 
   714     0112                     ADSTPT          equ	274	;# 
   715     0112                     ADSTPTL         equ	274	;# 
   716     0113                     ADSTPTH         equ	275	;# 
   717     0114                     ADFLTR          equ	276	;# 
   718     0114                     ADFLTRL         equ	276	;# 
   719     0115                     ADFLTRH         equ	277	;# 
   720     0116                     ADERR           equ	278	;# 
   721     0116                     ADERRL          equ	278	;# 
   722     0117                     ADERRH          equ	279	;# 
   723     0119                     RC1REG          equ	281	;# 
   724     0119                     RCREG           equ	281	;# 
   725     0119                     RCREG1          equ	281	;# 
   726     011A                     TX1REG          equ	282	;# 
   727     011A                     TXREG1          equ	282	;# 
   728     011A                     TXREG           equ	282	;# 
   729     011B                     SP1BRG          equ	283	;# 
   730     011B                     SP1BRGL         equ	283	;# 
   731     011B                     SPBRG           equ	283	;# 
   732     011B                     SPBRG1          equ	283	;# 
   733     011B                     SPBRGL          equ	283	;# 
   734     011C                     SP1BRGH         equ	284	;# 
   735     011C                     SPBRGH          equ	284	;# 
   736     011C                     SPBRGH1         equ	284	;# 
   737     011D                     RC1STA          equ	285	;# 
   738     011D                     RCSTA1          equ	285	;# 
   739     011D                     RCSTA           equ	285	;# 
   740     011E                     TX1STA          equ	286	;# 
   741     011E                     TXSTA1          equ	286	;# 
   742     011E                     TXSTA           equ	286	;# 
   743     011F                     BAUD1CON        equ	287	;# 
   744     011F                     BAUDCON1        equ	287	;# 
   745     011F                     BAUDCTL1        equ	287	;# 
   746     011F                     BAUDCON         equ	287	;# 
   747     011F                     BAUDCTL         equ	287	;# 
   748     018C                     SSP1BUF         equ	396	;# 
   749     018D                     SSP1ADD         equ	397	;# 
   750     018E                     SSP1MSK         equ	398	;# 
   751     018F                     SSP1STAT        equ	399	;# 
   752     0190                     SSP1CON1        equ	400	;# 
   753     0191                     SSP1CON2        equ	401	;# 
   754     0192                     SSP1CON3        equ	402	;# 
   755     0196                     SSP2BUF         equ	406	;# 
   756     0197                     SSP2ADD         equ	407	;# 
   757     0198                     SSP2MSK         equ	408	;# 
   758     0199                     SSP2STAT        equ	409	;# 
   759     019A                     SSP2CON1        equ	410	;# 
   760     019B                     SSP2CON2        equ	411	;# 
   761     019C                     SSP2CON3        equ	412	;# 
   762     020C                     TMR1            equ	524	;# 
   763     020C                     TMR1L           equ	524	;# 
   764     020D                     TMR1H           equ	525	;# 
   765     020E                     T1CON           equ	526	;# 
   766     020F                     T1GCON          equ	527	;# 
   767     020F                     PR1             equ	527	;# 
   768     0210                     T1GATE          equ	528	;# 
   769     0210                     TMR1GATE        equ	528	;# 
   770     0211                     T1CLK           equ	529	;# 
   771     0211                     TMR1CLK         equ	529	;# 
   772     0212                     TMR3            equ	530	;# 
   773     0212                     TMR3L           equ	530	;# 
   774     0213                     TMR3H           equ	531	;# 
   775     0214                     T3CON           equ	532	;# 
   776     0215                     T3GCON          equ	533	;# 
   777     0215                     PR3             equ	533	;# 
   778     0216                     T3GATE          equ	534	;# 
   779     0216                     TMR3GATE        equ	534	;# 
   780     0217                     T3CLK           equ	535	;# 
   781     0217                     TMR3CLK         equ	535	;# 
   782     0218                     TMR5            equ	536	;# 
   783     0218                     TMR5L           equ	536	;# 
   784     0219                     TMR5H           equ	537	;# 
   785     021A                     T5CON           equ	538	;# 
   786     021B                     T5GCON          equ	539	;# 
   787     021B                     PR5             equ	539	;# 
   788     021C                     T5GATE          equ	540	;# 
   789     021C                     TMR5GATE        equ	540	;# 
   790     021D                     T5CLK           equ	541	;# 
   791     021D                     TMR5CLK         equ	541	;# 
   792     021E                     CCPTMRS0        equ	542	;# 
   793     021F                     CCPTMRS1        equ	543	;# 
   794     028C                     T2TMR           equ	652	;# 
   795     028C                     TMR2            equ	652	;# 
   796     028D                     T2PR            equ	653	;# 
   797     028D                     PR2             equ	653	;# 
   798     028E                     T2CON           equ	654	;# 
   799     028F                     T2HLT           equ	655	;# 
   800     0290                     T2CLKCON        equ	656	;# 
   801     0290                     T2CLK           equ	656	;# 
   802     0291                     T2RST           equ	657	;# 
   803     0292                     T4TMR           equ	658	;# 
   804     0292                     TMR4            equ	658	;# 
   805     0293                     T4PR            equ	659	;# 
   806     0293                     PR4             equ	659	;# 
   807     0294                     T4CON           equ	660	;# 
   808     0295                     T4HLT           equ	661	;# 
   809     0296                     T4CLKCON        equ	662	;# 
   810     0296                     T4CLK           equ	662	;# 
   811     0297                     T4RST           equ	663	;# 
   812     0298                     T6TMR           equ	664	;# 
   813     0298                     TMR6            equ	664	;# 
   814     0299                     T6PR            equ	665	;# 
   815     0299                     PR6             equ	665	;# 
   816     029A                     T6CON           equ	666	;# 
   817     029B                     T6HLT           equ	667	;# 
   818     029C                     T6CLKCON        equ	668	;# 
   819     029C                     T6CLK           equ	668	;# 
   820     029D                     T6RST           equ	669	;# 
   821     030C                     CCPR1           equ	780	;# 
   822     030C                     CCPR1L          equ	780	;# 
   823     030D                     CCPR1H          equ	781	;# 
   824     030E                     CCP1CON         equ	782	;# 
   825     030F                     CCP1CAP         equ	783	;# 
   826     0310                     CCPR2           equ	784	;# 
   827     0310                     CCPR2L          equ	784	;# 
   828     0311                     CCPR2H          equ	785	;# 
   829     0312                     CCP2CON         equ	786	;# 
   830     0313                     CCP2CAP         equ	787	;# 
   831     0314                     CCPR3           equ	788	;# 
   832     0314                     CCPR3L          equ	788	;# 
   833     0315                     CCPR3H          equ	789	;# 
   834     0316                     CCP3CON         equ	790	;# 
   835     0317                     CCP3CAP         equ	791	;# 
   836     0318                     CCPR4           equ	792	;# 
   837     0318                     CCPR4L          equ	792	;# 
   838     0319                     CCPR4H          equ	793	;# 
   839     031A                     CCP4CON         equ	794	;# 
   840     031B                     CCP4CAP         equ	795	;# 
   841     031C                     CCPR5           equ	796	;# 
   842     031C                     CCPR5L          equ	796	;# 
   843     031D                     CCPR5H          equ	797	;# 
   844     031E                     CCP5CON         equ	798	;# 
   845     031F                     CCP5CAP         equ	799	;# 
   846     038C                     PWM6DC          equ	908	;# 
   847     038C                     PWM6DCL         equ	908	;# 
   848     038D                     PWM6DCH         equ	909	;# 
   849     038E                     PWM6CON         equ	910	;# 
   850     0390                     PWM7DC          equ	912	;# 
   851     0390                     PWM7DCL         equ	912	;# 
   852     0391                     PWM7DCH         equ	913	;# 
   853     0392                     PWM7CON         equ	914	;# 
   854     040C                     SCANLADRL       equ	1036	;# 
   855     040D                     SCANLADRH       equ	1037	;# 
   856     040E                     SCANHADRL       equ	1038	;# 
   857     040F                     SCANHADRH       equ	1039	;# 
   858     0410                     SCANCON0        equ	1040	;# 
   859     0411                     SCANTRIG        equ	1041	;# 
   860     0416                     CRCDATA         equ	1046	;# 
   861     0416                     CRCDATL         equ	1046	;# 
   862     0417                     CRCDATH         equ	1047	;# 
   863     0418                     CRCACC          equ	1048	;# 
   864     0418                     CRCACCL         equ	1048	;# 
   865     0419                     CRCACCH         equ	1049	;# 
   866     041A                     CRCSHFT         equ	1050	;# 
   867     041A                     CRCSHIFTL       equ	1050	;# 
   868     041B                     CRCSHIFTH       equ	1051	;# 
   869     041C                     CRCXOR          equ	1052	;# 
   870     041C                     CRCXORL         equ	1052	;# 
   871     041D                     CRCXORH         equ	1053	;# 
   872     041E                     CRCCON0         equ	1054	;# 
   873     041F                     CRCCON1         equ	1055	;# 
   874     048C                     SMT1TMR         equ	1164	;# 
   875     048C                     SMT1TMRL        equ	1164	;# 
   876     048D                     SMT1TMRH        equ	1165	;# 
   877     048E                     SMT1TMRU        equ	1166	;# 
   878     048F                     SMT1CPR         equ	1167	;# 
   879     048F                     SMT1CPRL        equ	1167	;# 
   880     0490                     SMT1CPRH        equ	1168	;# 
   881     0491                     SMT1CPRU        equ	1169	;# 
   882     0492                     SMT1CPW         equ	1170	;# 
   883     0492                     SMT1CPWL        equ	1170	;# 
   884     0493                     SMT1CPWH        equ	1171	;# 
   885     0494                     SMT1CPWU        equ	1172	;# 
   886     0495                     SMT1PR          equ	1173	;# 
   887     0495                     SMT1PRL         equ	1173	;# 
   888     0496                     SMT1PRH         equ	1174	;# 
   889     0497                     SMT1PRU         equ	1175	;# 
   890     0498                     SMT1CON0        equ	1176	;# 
   891     0499                     SMT1CON1        equ	1177	;# 
   892     049A                     SMT1STAT        equ	1178	;# 
   893     049B                     SMT1CLK         equ	1179	;# 
   894     049C                     SMT1SIG         equ	1180	;# 
   895     049D                     SMT1WIN         equ	1181	;# 
   896     050C                     SMT2TMR         equ	1292	;# 
   897     050C                     SMT2TMRL        equ	1292	;# 
   898     050D                     SMT2TMRH        equ	1293	;# 
   899     050E                     SMT2TMRU        equ	1294	;# 
   900     050F                     SMT2CPR         equ	1295	;# 
   901     050F                     SMT2CPRL        equ	1295	;# 
   902     0510                     SMT2CPRH        equ	1296	;# 
   903     0511                     SMT2CPRU        equ	1297	;# 
   904     0512                     SMT2CPW         equ	1298	;# 
   905     0512                     SMT2CPWL        equ	1298	;# 
   906     0513                     SMT2CPWH        equ	1299	;# 
   907     0514                     SMT2CPWU        equ	1300	;# 
   908     0515                     SMT2PR          equ	1301	;# 
   909     0515                     SMT2PRL         equ	1301	;# 
   910     0516                     SMT2PRH         equ	1302	;# 
   911     0517                     SMT2PRU         equ	1303	;# 
   912     0518                     SMT2CON0        equ	1304	;# 
   913     0519                     SMT2CON1        equ	1305	;# 
   914     051A                     SMT2STAT        equ	1306	;# 
   915     051B                     SMT2CLK         equ	1307	;# 
   916     051C                     SMT2SIG         equ	1308	;# 
   917     051D                     SMT2WIN         equ	1309	;# 
   918     058C                     NCO1ACC         equ	1420	;# 
   919     058C                     NCO1ACCL        equ	1420	;# 
   920     058D                     NCO1ACCH        equ	1421	;# 
   921     058E                     NCO1ACCU        equ	1422	;# 
   922     058F                     NCO1INC         equ	1423	;# 
   923     058F                     NCO1INCL        equ	1423	;# 
   924     0590                     NCO1INCH        equ	1424	;# 
   925     0591                     NCO1INCU        equ	1425	;# 
   926     0592                     NCO1CON         equ	1426	;# 
   927     0593                     NCO1CLK         equ	1427	;# 
   928     060C                     CWG1CLKCON      equ	1548	;# 
   929     060D                     CWG1ISM         equ	1549	;# 
   930     060E                     CWG1DBR         equ	1550	;# 
   931     060F                     CWG1DBF         equ	1551	;# 
   932     0610                     CWG1CON0        equ	1552	;# 
   933     0611                     CWG1CON1        equ	1553	;# 
   934     0612                     CWG1AS0         equ	1554	;# 
   935     0613                     CWG1AS1         equ	1555	;# 
   936     0614                     CWG1STR         equ	1556	;# 
   937     0616                     CWG2CLKCON      equ	1558	;# 
   938     0617                     CWG2ISM         equ	1559	;# 
   939     0618                     CWG2DBR         equ	1560	;# 
   940     0619                     CWG2DBF         equ	1561	;# 
   941     061A                     CWG2CON0        equ	1562	;# 
   942     061B                     CWG2CON1        equ	1563	;# 
   943     061C                     CWG2AS0         equ	1564	;# 
   944     061D                     CWG2AS1         equ	1565	;# 
   945     061E                     CWG2STR         equ	1566	;# 
   946     068C                     CWG3CLKCON      equ	1676	;# 
   947     068D                     CWG3ISM         equ	1677	;# 
   948     068E                     CWG3DBR         equ	1678	;# 
   949     068F                     CWG3DBF         equ	1679	;# 
   950     0690                     CWG3CON0        equ	1680	;# 
   951     0691                     CWG3CON1        equ	1681	;# 
   952     0692                     CWG3AS0         equ	1682	;# 
   953     0693                     CWG3AS1         equ	1683	;# 
   954     0694                     CWG3STR         equ	1684	;# 
   955     070C                     PIR0            equ	1804	;# 
   956     070D                     PIR1            equ	1805	;# 
   957     070E                     PIR2            equ	1806	;# 
   958     070F                     PIR3            equ	1807	;# 
   959     0710                     PIR4            equ	1808	;# 
   960     0711                     PIR5            equ	1809	;# 
   961     0712                     PIR6            equ	1810	;# 
   962     0713                     PIR7            equ	1811	;# 
   963     0714                     PIR8            equ	1812	;# 
   964     0716                     PIE0            equ	1814	;# 
   965     0717                     PIE1            equ	1815	;# 
   966     0718                     PIE2            equ	1816	;# 
   967     0719                     PIE3            equ	1817	;# 
   968     071A                     PIE4            equ	1818	;# 
   969     071B                     PIE5            equ	1819	;# 
   970     071C                     PIE6            equ	1820	;# 
   971     071D                     PIE7            equ	1821	;# 
   972     071E                     PIE8            equ	1822	;# 
   973     0796                     PMD0            equ	1942	;# 
   974     0797                     PMD1            equ	1943	;# 
   975     0798                     PMD2            equ	1944	;# 
   976     0799                     PMD3            equ	1945	;# 
   977     079A                     PMD4            equ	1946	;# 
   978     079B                     PMD5            equ	1947	;# 
   979     080C                     WDTCON0         equ	2060	;# 
   980     080D                     WDTCON1         equ	2061	;# 
   981     080E                     WDTPSL          equ	2062	;# 
   982     080F                     WDTPSH          equ	2063	;# 
   983     0810                     WDTTMR          equ	2064	;# 
   984     0811                     BORCON          equ	2065	;# 
   985     0812                     VREGCON         equ	2066	;# 
   986     0813                     PCON0           equ	2067	;# 
   987     0814                     CCDCON          equ	2068	;# 
   988     081A                     NVMADRL         equ	2074	;# 
   989     081B                     NVMADRH         equ	2075	;# 
   990     081C                     NVMDATL         equ	2076	;# 
   991     081D                     NVMDATH         equ	2077	;# 
   992     081E                     NVMCON1         equ	2078	;# 
   993     081F                     NVMCON2         equ	2079	;# 
   994     088C                     CPUDOZE         equ	2188	;# 
   995     088D                     OSCCON1         equ	2189	;# 
   996     088E                     OSCCON2         equ	2190	;# 
   997     088F                     OSCCON3         equ	2191	;# 
   998     0890                     OSCSTAT         equ	2192	;# 
   999     0891                     OSCEN           equ	2193	;# 
  1000     0892                     OSCTUNE         equ	2194	;# 
  1001     0893                     OSCFRQ          equ	2195	;# 
  1002     0895                     CLKRCON         equ	2197	;# 
  1003     0896                     CLKRCLK         equ	2198	;# 
  1004     0897                     MDCON0          equ	2199	;# 
  1005     0898                     MDCON1          equ	2200	;# 
  1006     0899                     MDSRC           equ	2201	;# 
  1007     089A                     MDCARL          equ	2202	;# 
  1008     089B                     MDCARH          equ	2203	;# 
  1009     090C                     FVRCON          equ	2316	;# 
  1010     090E                     DAC1CON0        equ	2318	;# 
  1011     090F                     DAC1CON1        equ	2319	;# 
  1012     091F                     ZCD1CON         equ	2335	;# 
  1013     091F                     ZCDCON          equ	2335	;# 
  1014     098F                     CMOUT           equ	2447	;# 
  1015     098F                     CMSTAT          equ	2447	;# 
  1016     0990                     CM1CON0         equ	2448	;# 
  1017     0991                     CM1CON1         equ	2449	;# 
  1018     0992                     CM1NSEL         equ	2450	;# 
  1019     0993                     CM1PSEL         equ	2451	;# 
  1020     0994                     CM2CON0         equ	2452	;# 
  1021     0995                     CM2CON1         equ	2453	;# 
  1022     0996                     CM2NSEL         equ	2454	;# 
  1023     0997                     CM2PSEL         equ	2455	;# 
  1024     0E0F                     CLCDATA         equ	3599	;# 
  1025     0E10                     CLC1CON         equ	3600	;# 
  1026     0E11                     CLC1POL         equ	3601	;# 
  1027     0E12                     CLC1SEL0        equ	3602	;# 
  1028     0E13                     CLC1SEL1        equ	3603	;# 
  1029     0E14                     CLC1SEL2        equ	3604	;# 
  1030     0E15                     CLC1SEL3        equ	3605	;# 
  1031     0E16                     CLC1GLS0        equ	3606	;# 
  1032     0E17                     CLC1GLS1        equ	3607	;# 
  1033     0E18                     CLC1GLS2        equ	3608	;# 
  1034     0E19                     CLC1GLS3        equ	3609	;# 
  1035     0E1A                     CLC2CON         equ	3610	;# 
  1036     0E1B                     CLC2POL         equ	3611	;# 
  1037     0E1C                     CLC2SEL0        equ	3612	;# 
  1038     0E1D                     CLC2SEL1        equ	3613	;# 
  1039     0E1E                     CLC2SEL2        equ	3614	;# 
  1040     0E1F                     CLC2SEL3        equ	3615	;# 
  1041     0E20                     CLC2GLS0        equ	3616	;# 
  1042     0E21                     CLC2GLS1        equ	3617	;# 
  1043     0E22                     CLC2GLS2        equ	3618	;# 
  1044     0E23                     CLC2GLS3        equ	3619	;# 
  1045     0E24                     CLC3CON         equ	3620	;# 
  1046     0E25                     CLC3POL         equ	3621	;# 
  1047     0E26                     CLC3SEL0        equ	3622	;# 
  1048     0E27                     CLC3SEL1        equ	3623	;# 
  1049     0E28                     CLC3SEL2        equ	3624	;# 
  1050     0E29                     CLC3SEL3        equ	3625	;# 
  1051     0E2A                     CLC3GLS0        equ	3626	;# 
  1052     0E2B                     CLC3GLS1        equ	3627	;# 
  1053     0E2C                     CLC3GLS2        equ	3628	;# 
  1054     0E2D                     CLC3GLS3        equ	3629	;# 
  1055     0E2E                     CLC4CON         equ	3630	;# 
  1056     0E2F                     CLC4POL         equ	3631	;# 
  1057     0E30                     CLC4SEL0        equ	3632	;# 
  1058     0E31                     CLC4SEL1        equ	3633	;# 
  1059     0E32                     CLC4SEL2        equ	3634	;# 
  1060     0E33                     CLC4SEL3        equ	3635	;# 
  1061     0E34                     CLC4GLS0        equ	3636	;# 
  1062     0E35                     CLC4GLS1        equ	3637	;# 
  1063     0E36                     CLC4GLS2        equ	3638	;# 
  1064     0E37                     CLC4GLS3        equ	3639	;# 
  1065     0E8F                     PPSLOCK         equ	3727	;# 
  1066     0E90                     INTPPS          equ	3728	;# 
  1067     0E91                     T0CKIPPS        equ	3729	;# 
  1068     0E92                     T1CKIPPS        equ	3730	;# 
  1069     0E93                     T1GPPS          equ	3731	;# 
  1070     0E94                     T3CKIPPS        equ	3732	;# 
  1071     0E95                     T3GPPS          equ	3733	;# 
  1072     0E96                     T5CKIPPS        equ	3734	;# 
  1073     0E97                     T5GPPS          equ	3735	;# 
  1074     0E9C                     T2AINPPS        equ	3740	;# 
  1075     0E9D                     T4AINPPS        equ	3741	;# 
  1076     0E9E                     T6AINPPS        equ	3742	;# 
  1077     0EA1                     CCP1PPS         equ	3745	;# 
  1078     0EA2                     CCP2PPS         equ	3746	;# 
  1079     0EA3                     CCP3PPS         equ	3747	;# 
  1080     0EA4                     CCP4PPS         equ	3748	;# 
  1081     0EA5                     CCP5PPS         equ	3749	;# 
  1082     0EA9                     SMT1WINPPS      equ	3753	;# 
  1083     0EAA                     SMT1SIGPPS      equ	3754	;# 
  1084     0EAB                     SMT2WINPPS      equ	3755	;# 
  1085     0EAC                     SMT2SIGPPS      equ	3756	;# 
  1086     0EB1                     CWG1PPS         equ	3761	;# 
  1087     0EB2                     CWG2PPS         equ	3762	;# 
  1088     0EB3                     CWG3PPS         equ	3763	;# 
  1089     0EB8                     MDCARLPPS       equ	3768	;# 
  1090     0EB9                     MDCARHPPS       equ	3769	;# 
  1091     0EBA                     MDSRCPPS        equ	3770	;# 
  1092     0EBB                     CLCIN0PPS       equ	3771	;# 
  1093     0EBC                     CLCIN1PPS       equ	3772	;# 
  1094     0EBD                     CLCIN2PPS       equ	3773	;# 
  1095     0EBE                     CLCIN3PPS       equ	3774	;# 
  1096     0EC3                     ADCACTPPS       equ	3779	;# 
  1097     0EC5                     SSP1CLKPPS      equ	3781	;# 
  1098     0EC6                     SSP1DATPPS      equ	3782	;# 
  1099     0EC7                     SSP1SSPPS       equ	3783	;# 
  1100     0EC8                     SSP2CLKPPS      equ	3784	;# 
  1101     0EC9                     SSP2DATPPS      equ	3785	;# 
  1102     0ECA                     SSP2SSPPS       equ	3786	;# 
  1103     0ECB                     RXPPS           equ	3787	;# 
  1104     0ECC                     TXPPS           equ	3788	;# 
  1105     0F10                     RA0PPS          equ	3856	;# 
  1106     0F11                     RA1PPS          equ	3857	;# 
  1107     0F12                     RA2PPS          equ	3858	;# 
  1108     0F13                     RA3PPS          equ	3859	;# 
  1109     0F14                     RA4PPS          equ	3860	;# 
  1110     0F15                     RA5PPS          equ	3861	;# 
  1111     0F16                     RA6PPS          equ	3862	;# 
  1112     0F17                     RA7PPS          equ	3863	;# 
  1113     0F18                     RB0PPS          equ	3864	;# 
  1114     0F19                     RB1PPS          equ	3865	;# 
  1115     0F1A                     RB2PPS          equ	3866	;# 
  1116     0F1B                     RB3PPS          equ	3867	;# 
  1117     0F1C                     RB4PPS          equ	3868	;# 
  1118     0F1D                     RB5PPS          equ	3869	;# 
  1119     0F1E                     RB6PPS          equ	3870	;# 
  1120     0F1F                     RB7PPS          equ	3871	;# 
  1121     0F20                     RC0PPS          equ	3872	;# 
  1122     0F21                     RC1PPS          equ	3873	;# 
  1123     0F22                     RC2PPS          equ	3874	;# 
  1124     0F23                     RC3PPS          equ	3875	;# 
  1125     0F24                     RC4PPS          equ	3876	;# 
  1126     0F25                     RC5PPS          equ	3877	;# 
  1127     0F26                     RC6PPS          equ	3878	;# 
  1128     0F27                     RC7PPS          equ	3879	;# 
  1129     0F28                     RD0PPS          equ	3880	;# 
  1130     0F29                     RD1PPS          equ	3881	;# 
  1131     0F2A                     RD2PPS          equ	3882	;# 
  1132     0F2B                     RD3PPS          equ	3883	;# 
  1133     0F2C                     RD4PPS          equ	3884	;# 
  1134     0F2D                     RD5PPS          equ	3885	;# 
  1135     0F2E                     RD6PPS          equ	3886	;# 
  1136     0F2F                     RD7PPS          equ	3887	;# 
  1137     0F30                     RE0PPS          equ	3888	;# 
  1138     0F31                     RE1PPS          equ	3889	;# 
  1139     0F32                     RE2PPS          equ	3890	;# 
  1140     0F38                     ANSELA          equ	3896	;# 
  1141     0F39                     WPUA            equ	3897	;# 
  1142     0F3A                     ODCONA          equ	3898	;# 
  1143     0F3B                     SLRCONA         equ	3899	;# 
  1144     0F3C                     INLVLA          equ	3900	;# 
  1145     0F3D                     IOCAP           equ	3901	;# 
  1146     0F3E                     IOCAN           equ	3902	;# 
  1147     0F3F                     IOCAF           equ	3903	;# 
  1148     0F40                     CCDNA           equ	3904	;# 
  1149     0F41                     CCDPA           equ	3905	;# 
  1150     0F43                     ANSELB          equ	3907	;# 
  1151     0F44                     WPUB            equ	3908	;# 
  1152     0F45                     ODCONB          equ	3909	;# 
  1153     0F46                     SLRCONB         equ	3910	;# 
  1154     0F47                     INLVLB          equ	3911	;# 
  1155     0F48                     IOCBP           equ	3912	;# 
  1156     0F49                     IOCBN           equ	3913	;# 
  1157     0F4A                     IOCBF           equ	3914	;# 
  1158     0F4B                     CCDNB           equ	3915	;# 
  1159     0F4C                     CCDPB           equ	3916	;# 
  1160     0F4E                     ANSELC          equ	3918	;# 
  1161     0F4F                     WPUC            equ	3919	;# 
  1162     0F50                     ODCONC          equ	3920	;# 
  1163     0F51                     SLRCONC         equ	3921	;# 
  1164     0F52                     INLVLC          equ	3922	;# 
  1165     0F53                     IOCCP           equ	3923	;# 
  1166     0F54                     IOCCN           equ	3924	;# 
  1167     0F55                     IOCCF           equ	3925	;# 
  1168     0F56                     CCDNC           equ	3926	;# 
  1169     0F57                     CCDPC           equ	3927	;# 
  1170     0F59                     ANSELD          equ	3929	;# 
  1171     0F5A                     WPUD            equ	3930	;# 
  1172     0F5B                     ODCOND          equ	3931	;# 
  1173     0F5C                     SLRCOND         equ	3932	;# 
  1174     0F5D                     INLVLD          equ	3933	;# 
  1175     0F61                     CCDND           equ	3937	;# 
  1176     0F62                     CCDPD           equ	3938	;# 
  1177     0F64                     ANSELE          equ	3940	;# 
  1178     0F65                     WPUE            equ	3941	;# 
  1179     0F66                     ODCONE          equ	3942	;# 
  1180     0F67                     SLRCONE         equ	3943	;# 
  1181     0F68                     INLVLE          equ	3944	;# 
  1182     0F69                     IOCEP           equ	3945	;# 
  1183     0F6A                     IOCEN           equ	3946	;# 
  1184     0F6B                     IOCEF           equ	3947	;# 
  1185     0F6C                     CCDNE           equ	3948	;# 
  1186     0F6D                     CCDPE           equ	3949	;# 
  1187     0FE4                     STATUS_SHAD     equ	4068	;# 
  1188     0FE5                     WREG_SHAD       equ	4069	;# 
  1189     0FE6                     BSR_SHAD        equ	4070	;# 
  1190     0FE7                     PCLATH_SHAD     equ	4071	;# 
  1191     0FE8                     FSR0L_SHAD      equ	4072	;# 
  1192     0FE9                     FSR0H_SHAD      equ	4073	;# 
  1193     0FEA                     FSR1L_SHAD      equ	4074	;# 
  1194     0FEB                     FSR1H_SHAD      equ	4075	;# 
  1195     0FED                     STKPTR          equ	4077	;# 
  1196     0FEE                     TOSL            equ	4078	;# 
  1197     0FEF                     TOSH            equ	4079	;# 
  1198     0000                     INDF0           equ	0	;# 
  1199     0001                     INDF1           equ	1	;# 
  1200     0002                     PCL             equ	2	;# 
  1201     0003                     STATUS          equ	3	;# 
  1202     0004                     FSR0L           equ	4	;# 
  1203     0005                     FSR0H           equ	5	;# 
  1204     0006                     FSR1L           equ	6	;# 
  1205     0007                     FSR1H           equ	7	;# 
  1206     0008                     BSR             equ	8	;# 
  1207     0009                     WREG            equ	9	;# 
  1208     000A                     PCLATH          equ	10	;# 
  1209     000B                     INTCON          equ	11	;# 
  1210     000C                     PORTA           equ	12	;# 
  1211     000D                     PORTB           equ	13	;# 
  1212     000E                     PORTC           equ	14	;# 
  1213     000F                     PORTD           equ	15	;# 
  1214     0010                     PORTE           equ	16	;# 
  1215     0011                     TRISA           equ	17	;# 
  1216     0012                     TRISB           equ	18	;# 
  1217     0013                     TRISC           equ	19	;# 
  1218     0014                     TRISD           equ	20	;# 
  1219     0015                     TRISE           equ	21	;# 
  1220     0016                     LATA            equ	22	;# 
  1221     0017                     LATB            equ	23	;# 
  1222     0018                     LATC            equ	24	;# 
  1223     0019                     LATD            equ	25	;# 
  1224     001A                     LATE            equ	26	;# 
  1225     001C                     TMR0L           equ	28	;# 
  1226     001C                     TMR0            equ	28	;# 
  1227     001D                     TMR0H           equ	29	;# 
  1228     001D                     PR0             equ	29	;# 
  1229     001E                     T0CON0          equ	30	;# 
  1230     001F                     T0CON1          equ	31	;# 
  1231     008C                     ADRES           equ	140	;# 
  1232     008C                     ADRESL          equ	140	;# 
  1233     008D                     ADRESH          equ	141	;# 
  1234     008E                     ADPREV          equ	142	;# 
  1235     008E                     ADPREVL         equ	142	;# 
  1236     008F                     ADPREVH         equ	143	;# 
  1237     0090                     ADACC           equ	144	;# 
  1238     0090                     ADACCL          equ	144	;# 
  1239     0091                     ADACCH          equ	145	;# 
  1240     0093                     ADCON0          equ	147	;# 
  1241     0094                     ADCON1          equ	148	;# 
  1242     0095                     ADCON2          equ	149	;# 
  1243     0096                     ADCON3          equ	150	;# 
  1244     0097                     ADSTAT          equ	151	;# 
  1245     0098                     ADCLK           equ	152	;# 
  1246     0099                     ADACT           equ	153	;# 
  1247     009A                     ADREF           equ	154	;# 
  1248     009B                     ADCAP           equ	155	;# 
  1249     009C                     ADPRE           equ	156	;# 
  1250     009D                     ADACQ           equ	157	;# 
  1251     009E                     ADPCH           equ	158	;# 
  1252     010C                     ADCNT           equ	268	;# 
  1253     010D                     ADRPT           equ	269	;# 
  1254     010E                     ADLTH           equ	270	;# 
  1255     010E                     ADLTHL          equ	270	;# 
  1256     010F                     ADLTHH          equ	271	;# 
  1257     0110                     ADUTH           equ	272	;# 
  1258     0110                     ADUTHL          equ	272	;# 
  1259     0111                     ADUTHH          equ	273	;# 
  1260     0112                     ADSTPT          equ	274	;# 
  1261     0112                     ADSTPTL         equ	274	;# 
  1262     0113                     ADSTPTH         equ	275	;# 
  1263     0114                     ADFLTR          equ	276	;# 
  1264     0114                     ADFLTRL         equ	276	;# 
  1265     0115                     ADFLTRH         equ	277	;# 
  1266     0116                     ADERR           equ	278	;# 
  1267     0116                     ADERRL          equ	278	;# 
  1268     0117                     ADERRH          equ	279	;# 
  1269     0119                     RC1REG          equ	281	;# 
  1270     0119                     RCREG           equ	281	;# 
  1271     0119                     RCREG1          equ	281	;# 
  1272     011A                     TX1REG          equ	282	;# 
  1273     011A                     TXREG1          equ	282	;# 
  1274     011A                     TXREG           equ	282	;# 
  1275     011B                     SP1BRG          equ	283	;# 
  1276     011B                     SP1BRGL         equ	283	;# 
  1277     011B                     SPBRG           equ	283	;# 
  1278     011B                     SPBRG1          equ	283	;# 
  1279     011B                     SPBRGL          equ	283	;# 
  1280     011C                     SP1BRGH         equ	284	;# 
  1281     011C                     SPBRGH          equ	284	;# 
  1282     011C                     SPBRGH1         equ	284	;# 
  1283     011D                     RC1STA          equ	285	;# 
  1284     011D                     RCSTA1          equ	285	;# 
  1285     011D                     RCSTA           equ	285	;# 
  1286     011E                     TX1STA          equ	286	;# 
  1287     011E                     TXSTA1          equ	286	;# 
  1288     011E                     TXSTA           equ	286	;# 
  1289     011F                     BAUD1CON        equ	287	;# 
  1290     011F                     BAUDCON1        equ	287	;# 
  1291     011F                     BAUDCTL1        equ	287	;# 
  1292     011F                     BAUDCON         equ	287	;# 
  1293     011F                     BAUDCTL         equ	287	;# 
  1294     018C                     SSP1BUF         equ	396	;# 
  1295     018D                     SSP1ADD         equ	397	;# 
  1296     018E                     SSP1MSK         equ	398	;# 
  1297     018F                     SSP1STAT        equ	399	;# 
  1298     0190                     SSP1CON1        equ	400	;# 
  1299     0191                     SSP1CON2        equ	401	;# 
  1300     0192                     SSP1CON3        equ	402	;# 
  1301     0196                     SSP2BUF         equ	406	;# 
  1302     0197                     SSP2ADD         equ	407	;# 
  1303     0198                     SSP2MSK         equ	408	;# 
  1304     0199                     SSP2STAT        equ	409	;# 
  1305     019A                     SSP2CON1        equ	410	;# 
  1306     019B                     SSP2CON2        equ	411	;# 
  1307     019C                     SSP2CON3        equ	412	;# 
  1308     020C                     TMR1            equ	524	;# 
  1309     020C                     TMR1L           equ	524	;# 
  1310     020D                     TMR1H           equ	525	;# 
  1311     020E                     T1CON           equ	526	;# 
  1312     020F                     T1GCON          equ	527	;# 
  1313     020F                     PR1             equ	527	;# 
  1314     0210                     T1GATE          equ	528	;# 
  1315     0210                     TMR1GATE        equ	528	;# 
  1316     0211                     T1CLK           equ	529	;# 
  1317     0211                     TMR1CLK         equ	529	;# 
  1318     0212                     TMR3            equ	530	;# 
  1319     0212                     TMR3L           equ	530	;# 
  1320     0213                     TMR3H           equ	531	;# 
  1321     0214                     T3CON           equ	532	;# 
  1322     0215                     T3GCON          equ	533	;# 
  1323     0215                     PR3             equ	533	;# 
  1324     0216                     T3GATE          equ	534	;# 
  1325     0216                     TMR3GATE        equ	534	;# 
  1326     0217                     T3CLK           equ	535	;# 
  1327     0217                     TMR3CLK         equ	535	;# 
  1328     0218                     TMR5            equ	536	;# 
  1329     0218                     TMR5L           equ	536	;# 
  1330     0219                     TMR5H           equ	537	;# 
  1331     021A                     T5CON           equ	538	;# 
  1332     021B                     T5GCON          equ	539	;# 
  1333     021B                     PR5             equ	539	;# 
  1334     021C                     T5GATE          equ	540	;# 
  1335     021C                     TMR5GATE        equ	540	;# 
  1336     021D                     T5CLK           equ	541	;# 
  1337     021D                     TMR5CLK         equ	541	;# 
  1338     021E                     CCPTMRS0        equ	542	;# 
  1339     021F                     CCPTMRS1        equ	543	;# 
  1340     028C                     T2TMR           equ	652	;# 
  1341     028C                     TMR2            equ	652	;# 
  1342     028D                     T2PR            equ	653	;# 
  1343     028D                     PR2             equ	653	;# 
  1344     028E                     T2CON           equ	654	;# 
  1345     028F                     T2HLT           equ	655	;# 
  1346     0290                     T2CLKCON        equ	656	;# 
  1347     0290                     T2CLK           equ	656	;# 
  1348     0291                     T2RST           equ	657	;# 
  1349     0292                     T4TMR           equ	658	;# 
  1350     0292                     TMR4            equ	658	;# 
  1351     0293                     T4PR            equ	659	;# 
  1352     0293                     PR4             equ	659	;# 
  1353     0294                     T4CON           equ	660	;# 
  1354     0295                     T4HLT           equ	661	;# 
  1355     0296                     T4CLKCON        equ	662	;# 
  1356     0296                     T4CLK           equ	662	;# 
  1357     0297                     T4RST           equ	663	;# 
  1358     0298                     T6TMR           equ	664	;# 
  1359     0298                     TMR6            equ	664	;# 
  1360     0299                     T6PR            equ	665	;# 
  1361     0299                     PR6             equ	665	;# 
  1362     029A                     T6CON           equ	666	;# 
  1363     029B                     T6HLT           equ	667	;# 
  1364     029C                     T6CLKCON        equ	668	;# 
  1365     029C                     T6CLK           equ	668	;# 
  1366     029D                     T6RST           equ	669	;# 
  1367     030C                     CCPR1           equ	780	;# 
  1368     030C                     CCPR1L          equ	780	;# 
  1369     030D                     CCPR1H          equ	781	;# 
  1370     030E                     CCP1CON         equ	782	;# 
  1371     030F                     CCP1CAP         equ	783	;# 
  1372     0310                     CCPR2           equ	784	;# 
  1373     0310                     CCPR2L          equ	784	;# 
  1374     0311                     CCPR2H          equ	785	;# 
  1375     0312                     CCP2CON         equ	786	;# 
  1376     0313                     CCP2CAP         equ	787	;# 
  1377     0314                     CCPR3           equ	788	;# 
  1378     0314                     CCPR3L          equ	788	;# 
  1379     0315                     CCPR3H          equ	789	;# 
  1380     0316                     CCP3CON         equ	790	;# 
  1381     0317                     CCP3CAP         equ	791	;# 
  1382     0318                     CCPR4           equ	792	;# 
  1383     0318                     CCPR4L          equ	792	;# 
  1384     0319                     CCPR4H          equ	793	;# 
  1385     031A                     CCP4CON         equ	794	;# 
  1386     031B                     CCP4CAP         equ	795	;# 
  1387     031C                     CCPR5           equ	796	;# 
  1388     031C                     CCPR5L          equ	796	;# 
  1389     031D                     CCPR5H          equ	797	;# 
  1390     031E                     CCP5CON         equ	798	;# 
  1391     031F                     CCP5CAP         equ	799	;# 
  1392     038C                     PWM6DC          equ	908	;# 
  1393     038C                     PWM6DCL         equ	908	;# 
  1394     038D                     PWM6DCH         equ	909	;# 
  1395     038E                     PWM6CON         equ	910	;# 
  1396     0390                     PWM7DC          equ	912	;# 
  1397     0390                     PWM7DCL         equ	912	;# 
  1398     0391                     PWM7DCH         equ	913	;# 
  1399     0392                     PWM7CON         equ	914	;# 
  1400     040C                     SCANLADRL       equ	1036	;# 
  1401     040D                     SCANLADRH       equ	1037	;# 
  1402     040E                     SCANHADRL       equ	1038	;# 
  1403     040F                     SCANHADRH       equ	1039	;# 
  1404     0410                     SCANCON0        equ	1040	;# 
  1405     0411                     SCANTRIG        equ	1041	;# 
  1406     0416                     CRCDATA         equ	1046	;# 
  1407     0416                     CRCDATL         equ	1046	;# 
  1408     0417                     CRCDATH         equ	1047	;# 
  1409     0418                     CRCACC          equ	1048	;# 
  1410     0418                     CRCACCL         equ	1048	;# 
  1411     0419                     CRCACCH         equ	1049	;# 
  1412     041A                     CRCSHFT         equ	1050	;# 
  1413     041A                     CRCSHIFTL       equ	1050	;# 
  1414     041B                     CRCSHIFTH       equ	1051	;# 
  1415     041C                     CRCXOR          equ	1052	;# 
  1416     041C                     CRCXORL         equ	1052	;# 
  1417     041D                     CRCXORH         equ	1053	;# 
  1418     041E                     CRCCON0         equ	1054	;# 
  1419     041F                     CRCCON1         equ	1055	;# 
  1420     048C                     SMT1TMR         equ	1164	;# 
  1421     048C                     SMT1TMRL        equ	1164	;# 
  1422     048D                     SMT1TMRH        equ	1165	;# 
  1423     048E                     SMT1TMRU        equ	1166	;# 
  1424     048F                     SMT1CPR         equ	1167	;# 
  1425     048F                     SMT1CPRL        equ	1167	;# 
  1426     0490                     SMT1CPRH        equ	1168	;# 
  1427     0491                     SMT1CPRU        equ	1169	;# 
  1428     0492                     SMT1CPW         equ	1170	;# 
  1429     0492                     SMT1CPWL        equ	1170	;# 
  1430     0493                     SMT1CPWH        equ	1171	;# 
  1431     0494                     SMT1CPWU        equ	1172	;# 
  1432     0495                     SMT1PR          equ	1173	;# 
  1433     0495                     SMT1PRL         equ	1173	;# 
  1434     0496                     SMT1PRH         equ	1174	;# 
  1435     0497                     SMT1PRU         equ	1175	;# 
  1436     0498                     SMT1CON0        equ	1176	;# 
  1437     0499                     SMT1CON1        equ	1177	;# 
  1438     049A                     SMT1STAT        equ	1178	;# 
  1439     049B                     SMT1CLK         equ	1179	;# 
  1440     049C                     SMT1SIG         equ	1180	;# 
  1441     049D                     SMT1WIN         equ	1181	;# 
  1442     050C                     SMT2TMR         equ	1292	;# 
  1443     050C                     SMT2TMRL        equ	1292	;# 
  1444     050D                     SMT2TMRH        equ	1293	;# 
  1445     050E                     SMT2TMRU        equ	1294	;# 
  1446     050F                     SMT2CPR         equ	1295	;# 
  1447     050F                     SMT2CPRL        equ	1295	;# 
  1448     0510                     SMT2CPRH        equ	1296	;# 
  1449     0511                     SMT2CPRU        equ	1297	;# 
  1450     0512                     SMT2CPW         equ	1298	;# 
  1451     0512                     SMT2CPWL        equ	1298	;# 
  1452     0513                     SMT2CPWH        equ	1299	;# 
  1453     0514                     SMT2CPWU        equ	1300	;# 
  1454     0515                     SMT2PR          equ	1301	;# 
  1455     0515                     SMT2PRL         equ	1301	;# 
  1456     0516                     SMT2PRH         equ	1302	;# 
  1457     0517                     SMT2PRU         equ	1303	;# 
  1458     0518                     SMT2CON0        equ	1304	;# 
  1459     0519                     SMT2CON1        equ	1305	;# 
  1460     051A                     SMT2STAT        equ	1306	;# 
  1461     051B                     SMT2CLK         equ	1307	;# 
  1462     051C                     SMT2SIG         equ	1308	;# 
  1463     051D                     SMT2WIN         equ	1309	;# 
  1464     058C                     NCO1ACC         equ	1420	;# 
  1465     058C                     NCO1ACCL        equ	1420	;# 
  1466     058D                     NCO1ACCH        equ	1421	;# 
  1467     058E                     NCO1ACCU        equ	1422	;# 
  1468     058F                     NCO1INC         equ	1423	;# 
  1469     058F                     NCO1INCL        equ	1423	;# 
  1470     0590                     NCO1INCH        equ	1424	;# 
  1471     0591                     NCO1INCU        equ	1425	;# 
  1472     0592                     NCO1CON         equ	1426	;# 
  1473     0593                     NCO1CLK         equ	1427	;# 
  1474     060C                     CWG1CLKCON      equ	1548	;# 
  1475     060D                     CWG1ISM         equ	1549	;# 
  1476     060E                     CWG1DBR         equ	1550	;# 
  1477     060F                     CWG1DBF         equ	1551	;# 
  1478     0610                     CWG1CON0        equ	1552	;# 
  1479     0611                     CWG1CON1        equ	1553	;# 
  1480     0612                     CWG1AS0         equ	1554	;# 
  1481     0613                     CWG1AS1         equ	1555	;# 
  1482     0614                     CWG1STR         equ	1556	;# 
  1483     0616                     CWG2CLKCON      equ	1558	;# 
  1484     0617                     CWG2ISM         equ	1559	;# 
  1485     0618                     CWG2DBR         equ	1560	;# 
  1486     0619                     CWG2DBF         equ	1561	;# 
  1487     061A                     CWG2CON0        equ	1562	;# 
  1488     061B                     CWG2CON1        equ	1563	;# 
  1489     061C                     CWG2AS0         equ	1564	;# 
  1490     061D                     CWG2AS1         equ	1565	;# 
  1491     061E                     CWG2STR         equ	1566	;# 
  1492     068C                     CWG3CLKCON      equ	1676	;# 
  1493     068D                     CWG3ISM         equ	1677	;# 
  1494     068E                     CWG3DBR         equ	1678	;# 
  1495     068F                     CWG3DBF         equ	1679	;# 
  1496     0690                     CWG3CON0        equ	1680	;# 
  1497     0691                     CWG3CON1        equ	1681	;# 
  1498     0692                     CWG3AS0         equ	1682	;# 
  1499     0693                     CWG3AS1         equ	1683	;# 
  1500     0694                     CWG3STR         equ	1684	;# 
  1501     070C                     PIR0            equ	1804	;# 
  1502     070D                     PIR1            equ	1805	;# 
  1503     070E                     PIR2            equ	1806	;# 
  1504     070F                     PIR3            equ	1807	;# 
  1505     0710                     PIR4            equ	1808	;# 
  1506     0711                     PIR5            equ	1809	;# 
  1507     0712                     PIR6            equ	1810	;# 
  1508     0713                     PIR7            equ	1811	;# 
  1509     0714                     PIR8            equ	1812	;# 
  1510     0716                     PIE0            equ	1814	;# 
  1511     0717                     PIE1            equ	1815	;# 
  1512     0718                     PIE2            equ	1816	;# 
  1513     0719                     PIE3            equ	1817	;# 
  1514     071A                     PIE4            equ	1818	;# 
  1515     071B                     PIE5            equ	1819	;# 
  1516     071C                     PIE6            equ	1820	;# 
  1517     071D                     PIE7            equ	1821	;# 
  1518     071E                     PIE8            equ	1822	;# 
  1519     0796                     PMD0            equ	1942	;# 
  1520     0797                     PMD1            equ	1943	;# 
  1521     0798                     PMD2            equ	1944	;# 
  1522     0799                     PMD3            equ	1945	;# 
  1523     079A                     PMD4            equ	1946	;# 
  1524     079B                     PMD5            equ	1947	;# 
  1525     080C                     WDTCON0         equ	2060	;# 
  1526     080D                     WDTCON1         equ	2061	;# 
  1527     080E                     WDTPSL          equ	2062	;# 
  1528     080F                     WDTPSH          equ	2063	;# 
  1529     0810                     WDTTMR          equ	2064	;# 
  1530     0811                     BORCON          equ	2065	;# 
  1531     0812                     VREGCON         equ	2066	;# 
  1532     0813                     PCON0           equ	2067	;# 
  1533     0814                     CCDCON          equ	2068	;# 
  1534     081A                     NVMADRL         equ	2074	;# 
  1535     081B                     NVMADRH         equ	2075	;# 
  1536     081C                     NVMDATL         equ	2076	;# 
  1537     081D                     NVMDATH         equ	2077	;# 
  1538     081E                     NVMCON1         equ	2078	;# 
  1539     081F                     NVMCON2         equ	2079	;# 
  1540     088C                     CPUDOZE         equ	2188	;# 
  1541     088D                     OSCCON1         equ	2189	;# 
  1542     088E                     OSCCON2         equ	2190	;# 
  1543     088F                     OSCCON3         equ	2191	;# 
  1544     0890                     OSCSTAT         equ	2192	;# 
  1545     0891                     OSCEN           equ	2193	;# 
  1546     0892                     OSCTUNE         equ	2194	;# 
  1547     0893                     OSCFRQ          equ	2195	;# 
  1548     0895                     CLKRCON         equ	2197	;# 
  1549     0896                     CLKRCLK         equ	2198	;# 
  1550     0897                     MDCON0          equ	2199	;# 
  1551     0898                     MDCON1          equ	2200	;# 
  1552     0899                     MDSRC           equ	2201	;# 
  1553     089A                     MDCARL          equ	2202	;# 
  1554     089B                     MDCARH          equ	2203	;# 
  1555     090C                     FVRCON          equ	2316	;# 
  1556     090E                     DAC1CON0        equ	2318	;# 
  1557     090F                     DAC1CON1        equ	2319	;# 
  1558     091F                     ZCD1CON         equ	2335	;# 
  1559     091F                     ZCDCON          equ	2335	;# 
  1560     098F                     CMOUT           equ	2447	;# 
  1561     098F                     CMSTAT          equ	2447	;# 
  1562     0990                     CM1CON0         equ	2448	;# 
  1563     0991                     CM1CON1         equ	2449	;# 
  1564     0992                     CM1NSEL         equ	2450	;# 
  1565     0993                     CM1PSEL         equ	2451	;# 
  1566     0994                     CM2CON0         equ	2452	;# 
  1567     0995                     CM2CON1         equ	2453	;# 
  1568     0996                     CM2NSEL         equ	2454	;# 
  1569     0997                     CM2PSEL         equ	2455	;# 
  1570     0E0F                     CLCDATA         equ	3599	;# 
  1571     0E10                     CLC1CON         equ	3600	;# 
  1572     0E11                     CLC1POL         equ	3601	;# 
  1573     0E12                     CLC1SEL0        equ	3602	;# 
  1574     0E13                     CLC1SEL1        equ	3603	;# 
  1575     0E14                     CLC1SEL2        equ	3604	;# 
  1576     0E15                     CLC1SEL3        equ	3605	;# 
  1577     0E16                     CLC1GLS0        equ	3606	;# 
  1578     0E17                     CLC1GLS1        equ	3607	;# 
  1579     0E18                     CLC1GLS2        equ	3608	;# 
  1580     0E19                     CLC1GLS3        equ	3609	;# 
  1581     0E1A                     CLC2CON         equ	3610	;# 
  1582     0E1B                     CLC2POL         equ	3611	;# 
  1583     0E1C                     CLC2SEL0        equ	3612	;# 
  1584     0E1D                     CLC2SEL1        equ	3613	;# 
  1585     0E1E                     CLC2SEL2        equ	3614	;# 
  1586     0E1F                     CLC2SEL3        equ	3615	;# 
  1587     0E20                     CLC2GLS0        equ	3616	;# 
  1588     0E21                     CLC2GLS1        equ	3617	;# 
  1589     0E22                     CLC2GLS2        equ	3618	;# 
  1590     0E23                     CLC2GLS3        equ	3619	;# 
  1591     0E24                     CLC3CON         equ	3620	;# 
  1592     0E25                     CLC3POL         equ	3621	;# 
  1593     0E26                     CLC3SEL0        equ	3622	;# 
  1594     0E27                     CLC3SEL1        equ	3623	;# 
  1595     0E28                     CLC3SEL2        equ	3624	;# 
  1596     0E29                     CLC3SEL3        equ	3625	;# 
  1597     0E2A                     CLC3GLS0        equ	3626	;# 
  1598     0E2B                     CLC3GLS1        equ	3627	;# 
  1599     0E2C                     CLC3GLS2        equ	3628	;# 
  1600     0E2D                     CLC3GLS3        equ	3629	;# 
  1601     0E2E                     CLC4CON         equ	3630	;# 
  1602     0E2F                     CLC4POL         equ	3631	;# 
  1603     0E30                     CLC4SEL0        equ	3632	;# 
  1604     0E31                     CLC4SEL1        equ	3633	;# 
  1605     0E32                     CLC4SEL2        equ	3634	;# 
  1606     0E33                     CLC4SEL3        equ	3635	;# 
  1607     0E34                     CLC4GLS0        equ	3636	;# 
  1608     0E35                     CLC4GLS1        equ	3637	;# 
  1609     0E36                     CLC4GLS2        equ	3638	;# 
  1610     0E37                     CLC4GLS3        equ	3639	;# 
  1611     0E8F                     PPSLOCK         equ	3727	;# 
  1612     0E90                     INTPPS          equ	3728	;# 
  1613     0E91                     T0CKIPPS        equ	3729	;# 
  1614     0E92                     T1CKIPPS        equ	3730	;# 
  1615     0E93                     T1GPPS          equ	3731	;# 
  1616     0E94                     T3CKIPPS        equ	3732	;# 
  1617     0E95                     T3GPPS          equ	3733	;# 
  1618     0E96                     T5CKIPPS        equ	3734	;# 
  1619     0E97                     T5GPPS          equ	3735	;# 
  1620     0E9C                     T2AINPPS        equ	3740	;# 
  1621     0E9D                     T4AINPPS        equ	3741	;# 
  1622     0E9E                     T6AINPPS        equ	3742	;# 
  1623     0EA1                     CCP1PPS         equ	3745	;# 
  1624     0EA2                     CCP2PPS         equ	3746	;# 
  1625     0EA3                     CCP3PPS         equ	3747	;# 
  1626     0EA4                     CCP4PPS         equ	3748	;# 
  1627     0EA5                     CCP5PPS         equ	3749	;# 
  1628     0EA9                     SMT1WINPPS      equ	3753	;# 
  1629     0EAA                     SMT1SIGPPS      equ	3754	;# 
  1630     0EAB                     SMT2WINPPS      equ	3755	;# 
  1631     0EAC                     SMT2SIGPPS      equ	3756	;# 
  1632     0EB1                     CWG1PPS         equ	3761	;# 
  1633     0EB2                     CWG2PPS         equ	3762	;# 
  1634     0EB3                     CWG3PPS         equ	3763	;# 
  1635     0EB8                     MDCARLPPS       equ	3768	;# 
  1636     0EB9                     MDCARHPPS       equ	3769	;# 
  1637     0EBA                     MDSRCPPS        equ	3770	;# 
  1638     0EBB                     CLCIN0PPS       equ	3771	;# 
  1639     0EBC                     CLCIN1PPS       equ	3772	;# 
  1640     0EBD                     CLCIN2PPS       equ	3773	;# 
  1641     0EBE                     CLCIN3PPS       equ	3774	;# 
  1642     0EC3                     ADCACTPPS       equ	3779	;# 
  1643     0EC5                     SSP1CLKPPS      equ	3781	;# 
  1644     0EC6                     SSP1DATPPS      equ	3782	;# 
  1645     0EC7                     SSP1SSPPS       equ	3783	;# 
  1646     0EC8                     SSP2CLKPPS      equ	3784	;# 
  1647     0EC9                     SSP2DATPPS      equ	3785	;# 
  1648     0ECA                     SSP2SSPPS       equ	3786	;# 
  1649     0ECB                     RXPPS           equ	3787	;# 
  1650     0ECC                     TXPPS           equ	3788	;# 
  1651     0F10                     RA0PPS          equ	3856	;# 
  1652     0F11                     RA1PPS          equ	3857	;# 
  1653     0F12                     RA2PPS          equ	3858	;# 
  1654     0F13                     RA3PPS          equ	3859	;# 
  1655     0F14                     RA4PPS          equ	3860	;# 
  1656     0F15                     RA5PPS          equ	3861	;# 
  1657     0F16                     RA6PPS          equ	3862	;# 
  1658     0F17                     RA7PPS          equ	3863	;# 
  1659     0F18                     RB0PPS          equ	3864	;# 
  1660     0F19                     RB1PPS          equ	3865	;# 
  1661     0F1A                     RB2PPS          equ	3866	;# 
  1662     0F1B                     RB3PPS          equ	3867	;# 
  1663     0F1C                     RB4PPS          equ	3868	;# 
  1664     0F1D                     RB5PPS          equ	3869	;# 
  1665     0F1E                     RB6PPS          equ	3870	;# 
  1666     0F1F                     RB7PPS          equ	3871	;# 
  1667     0F20                     RC0PPS          equ	3872	;# 
  1668     0F21                     RC1PPS          equ	3873	;# 
  1669     0F22                     RC2PPS          equ	3874	;# 
  1670     0F23                     RC3PPS          equ	3875	;# 
  1671     0F24                     RC4PPS          equ	3876	;# 
  1672     0F25                     RC5PPS          equ	3877	;# 
  1673     0F26                     RC6PPS          equ	3878	;# 
  1674     0F27                     RC7PPS          equ	3879	;# 
  1675     0F28                     RD0PPS          equ	3880	;# 
  1676     0F29                     RD1PPS          equ	3881	;# 
  1677     0F2A                     RD2PPS          equ	3882	;# 
  1678     0F2B                     RD3PPS          equ	3883	;# 
  1679     0F2C                     RD4PPS          equ	3884	;# 
  1680     0F2D                     RD5PPS          equ	3885	;# 
  1681     0F2E                     RD6PPS          equ	3886	;# 
  1682     0F2F                     RD7PPS          equ	3887	;# 
  1683     0F30                     RE0PPS          equ	3888	;# 
  1684     0F31                     RE1PPS          equ	3889	;# 
  1685     0F32                     RE2PPS          equ	3890	;# 
  1686     0F38                     ANSELA          equ	3896	;# 
  1687     0F39                     WPUA            equ	3897	;# 
  1688     0F3A                     ODCONA          equ	3898	;# 
  1689     0F3B                     SLRCONA         equ	3899	;# 
  1690     0F3C                     INLVLA          equ	3900	;# 
  1691     0F3D                     IOCAP           equ	3901	;# 
  1692     0F3E                     IOCAN           equ	3902	;# 
  1693     0F3F                     IOCAF           equ	3903	;# 
  1694     0F40                     CCDNA           equ	3904	;# 
  1695     0F41                     CCDPA           equ	3905	;# 
  1696     0F43                     ANSELB          equ	3907	;# 
  1697     0F44                     WPUB            equ	3908	;# 
  1698     0F45                     ODCONB          equ	3909	;# 
  1699     0F46                     SLRCONB         equ	3910	;# 
  1700     0F47                     INLVLB          equ	3911	;# 
  1701     0F48                     IOCBP           equ	3912	;# 
  1702     0F49                     IOCBN           equ	3913	;# 
  1703     0F4A                     IOCBF           equ	3914	;# 
  1704     0F4B                     CCDNB           equ	3915	;# 
  1705     0F4C                     CCDPB           equ	3916	;# 
  1706     0F4E                     ANSELC          equ	3918	;# 
  1707     0F4F                     WPUC            equ	3919	;# 
  1708     0F50                     ODCONC          equ	3920	;# 
  1709     0F51                     SLRCONC         equ	3921	;# 
  1710     0F52                     INLVLC          equ	3922	;# 
  1711     0F53                     IOCCP           equ	3923	;# 
  1712     0F54                     IOCCN           equ	3924	;# 
  1713     0F55                     IOCCF           equ	3925	;# 
  1714     0F56                     CCDNC           equ	3926	;# 
  1715     0F57                     CCDPC           equ	3927	;# 
  1716     0F59                     ANSELD          equ	3929	;# 
  1717     0F5A                     WPUD            equ	3930	;# 
  1718     0F5B                     ODCOND          equ	3931	;# 
  1719     0F5C                     SLRCOND         equ	3932	;# 
  1720     0F5D                     INLVLD          equ	3933	;# 
  1721     0F61                     CCDND           equ	3937	;# 
  1722     0F62                     CCDPD           equ	3938	;# 
  1723     0F64                     ANSELE          equ	3940	;# 
  1724     0F65                     WPUE            equ	3941	;# 
  1725     0F66                     ODCONE          equ	3942	;# 
  1726     0F67                     SLRCONE         equ	3943	;# 
  1727     0F68                     INLVLE          equ	3944	;# 
  1728     0F69                     IOCEP           equ	3945	;# 
  1729     0F6A                     IOCEN           equ	3946	;# 
  1730     0F6B                     IOCEF           equ	3947	;# 
  1731     0F6C                     CCDNE           equ	3948	;# 
  1732     0F6D                     CCDPE           equ	3949	;# 
  1733     0FE4                     STATUS_SHAD     equ	4068	;# 
  1734     0FE5                     WREG_SHAD       equ	4069	;# 
  1735     0FE6                     BSR_SHAD        equ	4070	;# 
  1736     0FE7                     PCLATH_SHAD     equ	4071	;# 
  1737     0FE8                     FSR0L_SHAD      equ	4072	;# 
  1738     0FE9                     FSR0H_SHAD      equ	4073	;# 
  1739     0FEA                     FSR1L_SHAD      equ	4074	;# 
  1740     0FEB                     FSR1H_SHAD      equ	4075	;# 
  1741     0FED                     STKPTR          equ	4077	;# 
  1742     0FEE                     TOSL            equ	4078	;# 
  1743     0FEF                     TOSH            equ	4079	;# 
  1744     0000                     INDF0           equ	0	;# 
  1745     0001                     INDF1           equ	1	;# 
  1746     0002                     PCL             equ	2	;# 
  1747     0003                     STATUS          equ	3	;# 
  1748     0004                     FSR0L           equ	4	;# 
  1749     0005                     FSR0H           equ	5	;# 
  1750     0006                     FSR1L           equ	6	;# 
  1751     0007                     FSR1H           equ	7	;# 
  1752     0008                     BSR             equ	8	;# 
  1753     0009                     WREG            equ	9	;# 
  1754     000A                     PCLATH          equ	10	;# 
  1755     000B                     INTCON          equ	11	;# 
  1756     000C                     PORTA           equ	12	;# 
  1757     000D                     PORTB           equ	13	;# 
  1758     000E                     PORTC           equ	14	;# 
  1759     000F                     PORTD           equ	15	;# 
  1760     0010                     PORTE           equ	16	;# 
  1761     0011                     TRISA           equ	17	;# 
  1762     0012                     TRISB           equ	18	;# 
  1763     0013                     TRISC           equ	19	;# 
  1764     0014                     TRISD           equ	20	;# 
  1765     0015                     TRISE           equ	21	;# 
  1766     0016                     LATA            equ	22	;# 
  1767     0017                     LATB            equ	23	;# 
  1768     0018                     LATC            equ	24	;# 
  1769     0019                     LATD            equ	25	;# 
  1770     001A                     LATE            equ	26	;# 
  1771     001C                     TMR0L           equ	28	;# 
  1772     001C                     TMR0            equ	28	;# 
  1773     001D                     TMR0H           equ	29	;# 
  1774     001D                     PR0             equ	29	;# 
  1775     001E                     T0CON0          equ	30	;# 
  1776     001F                     T0CON1          equ	31	;# 
  1777     008C                     ADRES           equ	140	;# 
  1778     008C                     ADRESL          equ	140	;# 
  1779     008D                     ADRESH          equ	141	;# 
  1780     008E                     ADPREV          equ	142	;# 
  1781     008E                     ADPREVL         equ	142	;# 
  1782     008F                     ADPREVH         equ	143	;# 
  1783     0090                     ADACC           equ	144	;# 
  1784     0090                     ADACCL          equ	144	;# 
  1785     0091                     ADACCH          equ	145	;# 
  1786     0093                     ADCON0          equ	147	;# 
  1787     0094                     ADCON1          equ	148	;# 
  1788     0095                     ADCON2          equ	149	;# 
  1789     0096                     ADCON3          equ	150	;# 
  1790     0097                     ADSTAT          equ	151	;# 
  1791     0098                     ADCLK           equ	152	;# 
  1792     0099                     ADACT           equ	153	;# 
  1793     009A                     ADREF           equ	154	;# 
  1794     009B                     ADCAP           equ	155	;# 
  1795     009C                     ADPRE           equ	156	;# 
  1796     009D                     ADACQ           equ	157	;# 
  1797     009E                     ADPCH           equ	158	;# 
  1798     010C                     ADCNT           equ	268	;# 
  1799     010D                     ADRPT           equ	269	;# 
  1800     010E                     ADLTH           equ	270	;# 
  1801     010E                     ADLTHL          equ	270	;# 
  1802     010F                     ADLTHH          equ	271	;# 
  1803     0110                     ADUTH           equ	272	;# 
  1804     0110                     ADUTHL          equ	272	;# 
  1805     0111                     ADUTHH          equ	273	;# 
  1806     0112                     ADSTPT          equ	274	;# 
  1807     0112                     ADSTPTL         equ	274	;# 
  1808     0113                     ADSTPTH         equ	275	;# 
  1809     0114                     ADFLTR          equ	276	;# 
  1810     0114                     ADFLTRL         equ	276	;# 
  1811     0115                     ADFLTRH         equ	277	;# 
  1812     0116                     ADERR           equ	278	;# 
  1813     0116                     ADERRL          equ	278	;# 
  1814     0117                     ADERRH          equ	279	;# 
  1815     0119                     RC1REG          equ	281	;# 
  1816     0119                     RCREG           equ	281	;# 
  1817     0119                     RCREG1          equ	281	;# 
  1818     011A                     TX1REG          equ	282	;# 
  1819     011A                     TXREG1          equ	282	;# 
  1820     011A                     TXREG           equ	282	;# 
  1821     011B                     SP1BRG          equ	283	;# 
  1822     011B                     SP1BRGL         equ	283	;# 
  1823     011B                     SPBRG           equ	283	;# 
  1824     011B                     SPBRG1          equ	283	;# 
  1825     011B                     SPBRGL          equ	283	;# 
  1826     011C                     SP1BRGH         equ	284	;# 
  1827     011C                     SPBRGH          equ	284	;# 
  1828     011C                     SPBRGH1         equ	284	;# 
  1829     011D                     RC1STA          equ	285	;# 
  1830     011D                     RCSTA1          equ	285	;# 
  1831     011D                     RCSTA           equ	285	;# 
  1832     011E                     TX1STA          equ	286	;# 
  1833     011E                     TXSTA1          equ	286	;# 
  1834     011E                     TXSTA           equ	286	;# 
  1835     011F                     BAUD1CON        equ	287	;# 
  1836     011F                     BAUDCON1        equ	287	;# 
  1837     011F                     BAUDCTL1        equ	287	;# 
  1838     011F                     BAUDCON         equ	287	;# 
  1839     011F                     BAUDCTL         equ	287	;# 
  1840     018C                     SSP1BUF         equ	396	;# 
  1841     018D                     SSP1ADD         equ	397	;# 
  1842     018E                     SSP1MSK         equ	398	;# 
  1843     018F                     SSP1STAT        equ	399	;# 
  1844     0190                     SSP1CON1        equ	400	;# 
  1845     0191                     SSP1CON2        equ	401	;# 
  1846     0192                     SSP1CON3        equ	402	;# 
  1847     0196                     SSP2BUF         equ	406	;# 
  1848     0197                     SSP2ADD         equ	407	;# 
  1849     0198                     SSP2MSK         equ	408	;# 
  1850     0199                     SSP2STAT        equ	409	;# 
  1851     019A                     SSP2CON1        equ	410	;# 
  1852     019B                     SSP2CON2        equ	411	;# 
  1853     019C                     SSP2CON3        equ	412	;# 
  1854     020C                     TMR1            equ	524	;# 
  1855     020C                     TMR1L           equ	524	;# 
  1856     020D                     TMR1H           equ	525	;# 
  1857     020E                     T1CON           equ	526	;# 
  1858     020F                     T1GCON          equ	527	;# 
  1859     020F                     PR1             equ	527	;# 
  1860     0210                     T1GATE          equ	528	;# 
  1861     0210                     TMR1GATE        equ	528	;# 
  1862     0211                     T1CLK           equ	529	;# 
  1863     0211                     TMR1CLK         equ	529	;# 
  1864     0212                     TMR3            equ	530	;# 
  1865     0212                     TMR3L           equ	530	;# 
  1866     0213                     TMR3H           equ	531	;# 
  1867     0214                     T3CON           equ	532	;# 
  1868     0215                     T3GCON          equ	533	;# 
  1869     0215                     PR3             equ	533	;# 
  1870     0216                     T3GATE          equ	534	;# 
  1871     0216                     TMR3GATE        equ	534	;# 
  1872     0217                     T3CLK           equ	535	;# 
  1873     0217                     TMR3CLK         equ	535	;# 
  1874     0218                     TMR5            equ	536	;# 
  1875     0218                     TMR5L           equ	536	;# 
  1876     0219                     TMR5H           equ	537	;# 
  1877     021A                     T5CON           equ	538	;# 
  1878     021B                     T5GCON          equ	539	;# 
  1879     021B                     PR5             equ	539	;# 
  1880     021C                     T5GATE          equ	540	;# 
  1881     021C                     TMR5GATE        equ	540	;# 
  1882     021D                     T5CLK           equ	541	;# 
  1883     021D                     TMR5CLK         equ	541	;# 
  1884     021E                     CCPTMRS0        equ	542	;# 
  1885     021F                     CCPTMRS1        equ	543	;# 
  1886     028C                     T2TMR           equ	652	;# 
  1887     028C                     TMR2            equ	652	;# 
  1888     028D                     T2PR            equ	653	;# 
  1889     028D                     PR2             equ	653	;# 
  1890     028E                     T2CON           equ	654	;# 
  1891     028F                     T2HLT           equ	655	;# 
  1892     0290                     T2CLKCON        equ	656	;# 
  1893     0290                     T2CLK           equ	656	;# 
  1894     0291                     T2RST           equ	657	;# 
  1895     0292                     T4TMR           equ	658	;# 
  1896     0292                     TMR4            equ	658	;# 
  1897     0293                     T4PR            equ	659	;# 
  1898     0293                     PR4             equ	659	;# 
  1899     0294                     T4CON           equ	660	;# 
  1900     0295                     T4HLT           equ	661	;# 
  1901     0296                     T4CLKCON        equ	662	;# 
  1902     0296                     T4CLK           equ	662	;# 
  1903     0297                     T4RST           equ	663	;# 
  1904     0298                     T6TMR           equ	664	;# 
  1905     0298                     TMR6            equ	664	;# 
  1906     0299                     T6PR            equ	665	;# 
  1907     0299                     PR6             equ	665	;# 
  1908     029A                     T6CON           equ	666	;# 
  1909     029B                     T6HLT           equ	667	;# 
  1910     029C                     T6CLKCON        equ	668	;# 
  1911     029C                     T6CLK           equ	668	;# 
  1912     029D                     T6RST           equ	669	;# 
  1913     030C                     CCPR1           equ	780	;# 
  1914     030C                     CCPR1L          equ	780	;# 
  1915     030D                     CCPR1H          equ	781	;# 
  1916     030E                     CCP1CON         equ	782	;# 
  1917     030F                     CCP1CAP         equ	783	;# 
  1918     0310                     CCPR2           equ	784	;# 
  1919     0310                     CCPR2L          equ	784	;# 
  1920     0311                     CCPR2H          equ	785	;# 
  1921     0312                     CCP2CON         equ	786	;# 
  1922     0313                     CCP2CAP         equ	787	;# 
  1923     0314                     CCPR3           equ	788	;# 
  1924     0314                     CCPR3L          equ	788	;# 
  1925     0315                     CCPR3H          equ	789	;# 
  1926     0316                     CCP3CON         equ	790	;# 
  1927     0317                     CCP3CAP         equ	791	;# 
  1928     0318                     CCPR4           equ	792	;# 
  1929     0318                     CCPR4L          equ	792	;# 
  1930     0319                     CCPR4H          equ	793	;# 
  1931     031A                     CCP4CON         equ	794	;# 
  1932     031B                     CCP4CAP         equ	795	;# 
  1933     031C                     CCPR5           equ	796	;# 
  1934     031C                     CCPR5L          equ	796	;# 
  1935     031D                     CCPR5H          equ	797	;# 
  1936     031E                     CCP5CON         equ	798	;# 
  1937     031F                     CCP5CAP         equ	799	;# 
  1938     038C                     PWM6DC          equ	908	;# 
  1939     038C                     PWM6DCL         equ	908	;# 
  1940     038D                     PWM6DCH         equ	909	;# 
  1941     038E                     PWM6CON         equ	910	;# 
  1942     0390                     PWM7DC          equ	912	;# 
  1943     0390                     PWM7DCL         equ	912	;# 
  1944     0391                     PWM7DCH         equ	913	;# 
  1945     0392                     PWM7CON         equ	914	;# 
  1946     040C                     SCANLADRL       equ	1036	;# 
  1947     040D                     SCANLADRH       equ	1037	;# 
  1948     040E                     SCANHADRL       equ	1038	;# 
  1949     040F                     SCANHADRH       equ	1039	;# 
  1950     0410                     SCANCON0        equ	1040	;# 
  1951     0411                     SCANTRIG        equ	1041	;# 
  1952     0416                     CRCDATA         equ	1046	;# 
  1953     0416                     CRCDATL         equ	1046	;# 
  1954     0417                     CRCDATH         equ	1047	;# 
  1955     0418                     CRCACC          equ	1048	;# 
  1956     0418                     CRCACCL         equ	1048	;# 
  1957     0419                     CRCACCH         equ	1049	;# 
  1958     041A                     CRCSHFT         equ	1050	;# 
  1959     041A                     CRCSHIFTL       equ	1050	;# 
  1960     041B                     CRCSHIFTH       equ	1051	;# 
  1961     041C                     CRCXOR          equ	1052	;# 
  1962     041C                     CRCXORL         equ	1052	;# 
  1963     041D                     CRCXORH         equ	1053	;# 
  1964     041E                     CRCCON0         equ	1054	;# 
  1965     041F                     CRCCON1         equ	1055	;# 
  1966     048C                     SMT1TMR         equ	1164	;# 
  1967     048C                     SMT1TMRL        equ	1164	;# 
  1968     048D                     SMT1TMRH        equ	1165	;# 
  1969     048E                     SMT1TMRU        equ	1166	;# 
  1970     048F                     SMT1CPR         equ	1167	;# 
  1971     048F                     SMT1CPRL        equ	1167	;# 
  1972     0490                     SMT1CPRH        equ	1168	;# 
  1973     0491                     SMT1CPRU        equ	1169	;# 
  1974     0492                     SMT1CPW         equ	1170	;# 
  1975     0492                     SMT1CPWL        equ	1170	;# 
  1976     0493                     SMT1CPWH        equ	1171	;# 
  1977     0494                     SMT1CPWU        equ	1172	;# 
  1978     0495                     SMT1PR          equ	1173	;# 
  1979     0495                     SMT1PRL         equ	1173	;# 
  1980     0496                     SMT1PRH         equ	1174	;# 
  1981     0497                     SMT1PRU         equ	1175	;# 
  1982     0498                     SMT1CON0        equ	1176	;# 
  1983     0499                     SMT1CON1        equ	1177	;# 
  1984     049A                     SMT1STAT        equ	1178	;# 
  1985     049B                     SMT1CLK         equ	1179	;# 
  1986     049C                     SMT1SIG         equ	1180	;# 
  1987     049D                     SMT1WIN         equ	1181	;# 
  1988     050C                     SMT2TMR         equ	1292	;# 
  1989     050C                     SMT2TMRL        equ	1292	;# 
  1990     050D                     SMT2TMRH        equ	1293	;# 
  1991     050E                     SMT2TMRU        equ	1294	;# 
  1992     050F                     SMT2CPR         equ	1295	;# 
  1993     050F                     SMT2CPRL        equ	1295	;# 
  1994     0510                     SMT2CPRH        equ	1296	;# 
  1995     0511                     SMT2CPRU        equ	1297	;# 
  1996     0512                     SMT2CPW         equ	1298	;# 
  1997     0512                     SMT2CPWL        equ	1298	;# 
  1998     0513                     SMT2CPWH        equ	1299	;# 
  1999     0514                     SMT2CPWU        equ	1300	;# 
  2000     0515                     SMT2PR          equ	1301	;# 
  2001     0515                     SMT2PRL         equ	1301	;# 
  2002     0516                     SMT2PRH         equ	1302	;# 
  2003     0517                     SMT2PRU         equ	1303	;# 
  2004     0518                     SMT2CON0        equ	1304	;# 
  2005     0519                     SMT2CON1        equ	1305	;# 
  2006     051A                     SMT2STAT        equ	1306	;# 
  2007     051B                     SMT2CLK         equ	1307	;# 
  2008     051C                     SMT2SIG         equ	1308	;# 
  2009     051D                     SMT2WIN         equ	1309	;# 
  2010     058C                     NCO1ACC         equ	1420	;# 
  2011     058C                     NCO1ACCL        equ	1420	;# 
  2012     058D                     NCO1ACCH        equ	1421	;# 
  2013     058E                     NCO1ACCU        equ	1422	;# 
  2014     058F                     NCO1INC         equ	1423	;# 
  2015     058F                     NCO1INCL        equ	1423	;# 
  2016     0590                     NCO1INCH        equ	1424	;# 
  2017     0591                     NCO1INCU        equ	1425	;# 
  2018     0592                     NCO1CON         equ	1426	;# 
  2019     0593                     NCO1CLK         equ	1427	;# 
  2020     060C                     CWG1CLKCON      equ	1548	;# 
  2021     060D                     CWG1ISM         equ	1549	;# 
  2022     060E                     CWG1DBR         equ	1550	;# 
  2023     060F                     CWG1DBF         equ	1551	;# 
  2024     0610                     CWG1CON0        equ	1552	;# 
  2025     0611                     CWG1CON1        equ	1553	;# 
  2026     0612                     CWG1AS0         equ	1554	;# 
  2027     0613                     CWG1AS1         equ	1555	;# 
  2028     0614                     CWG1STR         equ	1556	;# 
  2029     0616                     CWG2CLKCON      equ	1558	;# 
  2030     0617                     CWG2ISM         equ	1559	;# 
  2031     0618                     CWG2DBR         equ	1560	;# 
  2032     0619                     CWG2DBF         equ	1561	;# 
  2033     061A                     CWG2CON0        equ	1562	;# 
  2034     061B                     CWG2CON1        equ	1563	;# 
  2035     061C                     CWG2AS0         equ	1564	;# 
  2036     061D                     CWG2AS1         equ	1565	;# 
  2037     061E                     CWG2STR         equ	1566	;# 
  2038     068C                     CWG3CLKCON      equ	1676	;# 
  2039     068D                     CWG3ISM         equ	1677	;# 
  2040     068E                     CWG3DBR         equ	1678	;# 
  2041     068F                     CWG3DBF         equ	1679	;# 
  2042     0690                     CWG3CON0        equ	1680	;# 
  2043     0691                     CWG3CON1        equ	1681	;# 
  2044     0692                     CWG3AS0         equ	1682	;# 
  2045     0693                     CWG3AS1         equ	1683	;# 
  2046     0694                     CWG3STR         equ	1684	;# 
  2047     070C                     PIR0            equ	1804	;# 
  2048     070D                     PIR1            equ	1805	;# 
  2049     070E                     PIR2            equ	1806	;# 
  2050     070F                     PIR3            equ	1807	;# 
  2051     0710                     PIR4            equ	1808	;# 
  2052     0711                     PIR5            equ	1809	;# 
  2053     0712                     PIR6            equ	1810	;# 
  2054     0713                     PIR7            equ	1811	;# 
  2055     0714                     PIR8            equ	1812	;# 
  2056     0716                     PIE0            equ	1814	;# 
  2057     0717                     PIE1            equ	1815	;# 
  2058     0718                     PIE2            equ	1816	;# 
  2059     0719                     PIE3            equ	1817	;# 
  2060     071A                     PIE4            equ	1818	;# 
  2061     071B                     PIE5            equ	1819	;# 
  2062     071C                     PIE6            equ	1820	;# 
  2063     071D                     PIE7            equ	1821	;# 
  2064     071E                     PIE8            equ	1822	;# 
  2065     0796                     PMD0            equ	1942	;# 
  2066     0797                     PMD1            equ	1943	;# 
  2067     0798                     PMD2            equ	1944	;# 
  2068     0799                     PMD3            equ	1945	;# 
  2069     079A                     PMD4            equ	1946	;# 
  2070     079B                     PMD5            equ	1947	;# 
  2071     080C                     WDTCON0         equ	2060	;# 
  2072     080D                     WDTCON1         equ	2061	;# 
  2073     080E                     WDTPSL          equ	2062	;# 
  2074     080F                     WDTPSH          equ	2063	;# 
  2075     0810                     WDTTMR          equ	2064	;# 
  2076     0811                     BORCON          equ	2065	;# 
  2077     0812                     VREGCON         equ	2066	;# 
  2078     0813                     PCON0           equ	2067	;# 
  2079     0814                     CCDCON          equ	2068	;# 
  2080     081A                     NVMADRL         equ	2074	;# 
  2081     081B                     NVMADRH         equ	2075	;# 
  2082     081C                     NVMDATL         equ	2076	;# 
  2083     081D                     NVMDATH         equ	2077	;# 
  2084     081E                     NVMCON1         equ	2078	;# 
  2085     081F                     NVMCON2         equ	2079	;# 
  2086     088C                     CPUDOZE         equ	2188	;# 
  2087     088D                     OSCCON1         equ	2189	;# 
  2088     088E                     OSCCON2         equ	2190	;# 
  2089     088F                     OSCCON3         equ	2191	;# 
  2090     0890                     OSCSTAT         equ	2192	;# 
  2091     0891                     OSCEN           equ	2193	;# 
  2092     0892                     OSCTUNE         equ	2194	;# 
  2093     0893                     OSCFRQ          equ	2195	;# 
  2094     0895                     CLKRCON         equ	2197	;# 
  2095     0896                     CLKRCLK         equ	2198	;# 
  2096     0897                     MDCON0          equ	2199	;# 
  2097     0898                     MDCON1          equ	2200	;# 
  2098     0899                     MDSRC           equ	2201	;# 
  2099     089A                     MDCARL          equ	2202	;# 
  2100     089B                     MDCARH          equ	2203	;# 
  2101     090C                     FVRCON          equ	2316	;# 
  2102     090E                     DAC1CON0        equ	2318	;# 
  2103     090F                     DAC1CON1        equ	2319	;# 
  2104     091F                     ZCD1CON         equ	2335	;# 
  2105     091F                     ZCDCON          equ	2335	;# 
  2106     098F                     CMOUT           equ	2447	;# 
  2107     098F                     CMSTAT          equ	2447	;# 
  2108     0990                     CM1CON0         equ	2448	;# 
  2109     0991                     CM1CON1         equ	2449	;# 
  2110     0992                     CM1NSEL         equ	2450	;# 
  2111     0993                     CM1PSEL         equ	2451	;# 
  2112     0994                     CM2CON0         equ	2452	;# 
  2113     0995                     CM2CON1         equ	2453	;# 
  2114     0996                     CM2NSEL         equ	2454	;# 
  2115     0997                     CM2PSEL         equ	2455	;# 
  2116     0E0F                     CLCDATA         equ	3599	;# 
  2117     0E10                     CLC1CON         equ	3600	;# 
  2118     0E11                     CLC1POL         equ	3601	;# 
  2119     0E12                     CLC1SEL0        equ	3602	;# 
  2120     0E13                     CLC1SEL1        equ	3603	;# 
  2121     0E14                     CLC1SEL2        equ	3604	;# 
  2122     0E15                     CLC1SEL3        equ	3605	;# 
  2123     0E16                     CLC1GLS0        equ	3606	;# 
  2124     0E17                     CLC1GLS1        equ	3607	;# 
  2125     0E18                     CLC1GLS2        equ	3608	;# 
  2126     0E19                     CLC1GLS3        equ	3609	;# 
  2127     0E1A                     CLC2CON         equ	3610	;# 
  2128     0E1B                     CLC2POL         equ	3611	;# 
  2129     0E1C                     CLC2SEL0        equ	3612	;# 
  2130     0E1D                     CLC2SEL1        equ	3613	;# 
  2131     0E1E                     CLC2SEL2        equ	3614	;# 
  2132     0E1F                     CLC2SEL3        equ	3615	;# 
  2133     0E20                     CLC2GLS0        equ	3616	;# 
  2134     0E21                     CLC2GLS1        equ	3617	;# 
  2135     0E22                     CLC2GLS2        equ	3618	;# 
  2136     0E23                     CLC2GLS3        equ	3619	;# 
  2137     0E24                     CLC3CON         equ	3620	;# 
  2138     0E25                     CLC3POL         equ	3621	;# 
  2139     0E26                     CLC3SEL0        equ	3622	;# 
  2140     0E27                     CLC3SEL1        equ	3623	;# 
  2141     0E28                     CLC3SEL2        equ	3624	;# 
  2142     0E29                     CLC3SEL3        equ	3625	;# 
  2143     0E2A                     CLC3GLS0        equ	3626	;# 
  2144     0E2B                     CLC3GLS1        equ	3627	;# 
  2145     0E2C                     CLC3GLS2        equ	3628	;# 
  2146     0E2D                     CLC3GLS3        equ	3629	;# 
  2147     0E2E                     CLC4CON         equ	3630	;# 
  2148     0E2F                     CLC4POL         equ	3631	;# 
  2149     0E30                     CLC4SEL0        equ	3632	;# 
  2150     0E31                     CLC4SEL1        equ	3633	;# 
  2151     0E32                     CLC4SEL2        equ	3634	;# 
  2152     0E33                     CLC4SEL3        equ	3635	;# 
  2153     0E34                     CLC4GLS0        equ	3636	;# 
  2154     0E35                     CLC4GLS1        equ	3637	;# 
  2155     0E36                     CLC4GLS2        equ	3638	;# 
  2156     0E37                     CLC4GLS3        equ	3639	;# 
  2157     0E8F                     PPSLOCK         equ	3727	;# 
  2158     0E90                     INTPPS          equ	3728	;# 
  2159     0E91                     T0CKIPPS        equ	3729	;# 
  2160     0E92                     T1CKIPPS        equ	3730	;# 
  2161     0E93                     T1GPPS          equ	3731	;# 
  2162     0E94                     T3CKIPPS        equ	3732	;# 
  2163     0E95                     T3GPPS          equ	3733	;# 
  2164     0E96                     T5CKIPPS        equ	3734	;# 
  2165     0E97                     T5GPPS          equ	3735	;# 
  2166     0E9C                     T2AINPPS        equ	3740	;# 
  2167     0E9D                     T4AINPPS        equ	3741	;# 
  2168     0E9E                     T6AINPPS        equ	3742	;# 
  2169     0EA1                     CCP1PPS         equ	3745	;# 
  2170     0EA2                     CCP2PPS         equ	3746	;# 
  2171     0EA3                     CCP3PPS         equ	3747	;# 
  2172     0EA4                     CCP4PPS         equ	3748	;# 
  2173     0EA5                     CCP5PPS         equ	3749	;# 
  2174     0EA9                     SMT1WINPPS      equ	3753	;# 
  2175     0EAA                     SMT1SIGPPS      equ	3754	;# 
  2176     0EAB                     SMT2WINPPS      equ	3755	;# 
  2177     0EAC                     SMT2SIGPPS      equ	3756	;# 
  2178     0EB1                     CWG1PPS         equ	3761	;# 
  2179     0EB2                     CWG2PPS         equ	3762	;# 
  2180     0EB3                     CWG3PPS         equ	3763	;# 
  2181     0EB8                     MDCARLPPS       equ	3768	;# 
  2182     0EB9                     MDCARHPPS       equ	3769	;# 
  2183     0EBA                     MDSRCPPS        equ	3770	;# 
  2184     0EBB                     CLCIN0PPS       equ	3771	;# 
  2185     0EBC                     CLCIN1PPS       equ	3772	;# 
  2186     0EBD                     CLCIN2PPS       equ	3773	;# 
  2187     0EBE                     CLCIN3PPS       equ	3774	;# 
  2188     0EC3                     ADCACTPPS       equ	3779	;# 
  2189     0EC5                     SSP1CLKPPS      equ	3781	;# 
  2190     0EC6                     SSP1DATPPS      equ	3782	;# 
  2191     0EC7                     SSP1SSPPS       equ	3783	;# 
  2192     0EC8                     SSP2CLKPPS      equ	3784	;# 
  2193     0EC9                     SSP2DATPPS      equ	3785	;# 
  2194     0ECA                     SSP2SSPPS       equ	3786	;# 
  2195     0ECB                     RXPPS           equ	3787	;# 
  2196     0ECC                     TXPPS           equ	3788	;# 
  2197     0F10                     RA0PPS          equ	3856	;# 
  2198     0F11                     RA1PPS          equ	3857	;# 
  2199     0F12                     RA2PPS          equ	3858	;# 
  2200     0F13                     RA3PPS          equ	3859	;# 
  2201     0F14                     RA4PPS          equ	3860	;# 
  2202     0F15                     RA5PPS          equ	3861	;# 
  2203     0F16                     RA6PPS          equ	3862	;# 
  2204     0F17                     RA7PPS          equ	3863	;# 
  2205     0F18                     RB0PPS          equ	3864	;# 
  2206     0F19                     RB1PPS          equ	3865	;# 
  2207     0F1A                     RB2PPS          equ	3866	;# 
  2208     0F1B                     RB3PPS          equ	3867	;# 
  2209     0F1C                     RB4PPS          equ	3868	;# 
  2210     0F1D                     RB5PPS          equ	3869	;# 
  2211     0F1E                     RB6PPS          equ	3870	;# 
  2212     0F1F                     RB7PPS          equ	3871	;# 
  2213     0F20                     RC0PPS          equ	3872	;# 
  2214     0F21                     RC1PPS          equ	3873	;# 
  2215     0F22                     RC2PPS          equ	3874	;# 
  2216     0F23                     RC3PPS          equ	3875	;# 
  2217     0F24                     RC4PPS          equ	3876	;# 
  2218     0F25                     RC5PPS          equ	3877	;# 
  2219     0F26                     RC6PPS          equ	3878	;# 
  2220     0F27                     RC7PPS          equ	3879	;# 
  2221     0F28                     RD0PPS          equ	3880	;# 
  2222     0F29                     RD1PPS          equ	3881	;# 
  2223     0F2A                     RD2PPS          equ	3882	;# 
  2224     0F2B                     RD3PPS          equ	3883	;# 
  2225     0F2C                     RD4PPS          equ	3884	;# 
  2226     0F2D                     RD5PPS          equ	3885	;# 
  2227     0F2E                     RD6PPS          equ	3886	;# 
  2228     0F2F                     RD7PPS          equ	3887	;# 
  2229     0F30                     RE0PPS          equ	3888	;# 
  2230     0F31                     RE1PPS          equ	3889	;# 
  2231     0F32                     RE2PPS          equ	3890	;# 
  2232     0F38                     ANSELA          equ	3896	;# 
  2233     0F39                     WPUA            equ	3897	;# 
  2234     0F3A                     ODCONA          equ	3898	;# 
  2235     0F3B                     SLRCONA         equ	3899	;# 
  2236     0F3C                     INLVLA          equ	3900	;# 
  2237     0F3D                     IOCAP           equ	3901	;# 
  2238     0F3E                     IOCAN           equ	3902	;# 
  2239     0F3F                     IOCAF           equ	3903	;# 
  2240     0F40                     CCDNA           equ	3904	;# 
  2241     0F41                     CCDPA           equ	3905	;# 
  2242     0F43                     ANSELB          equ	3907	;# 
  2243     0F44                     WPUB            equ	3908	;# 
  2244     0F45                     ODCONB          equ	3909	;# 
  2245     0F46                     SLRCONB         equ	3910	;# 
  2246     0F47                     INLVLB          equ	3911	;# 
  2247     0F48                     IOCBP           equ	3912	;# 
  2248     0F49                     IOCBN           equ	3913	;# 
  2249     0F4A                     IOCBF           equ	3914	;# 
  2250     0F4B                     CCDNB           equ	3915	;# 
  2251     0F4C                     CCDPB           equ	3916	;# 
  2252     0F4E                     ANSELC          equ	3918	;# 
  2253     0F4F                     WPUC            equ	3919	;# 
  2254     0F50                     ODCONC          equ	3920	;# 
  2255     0F51                     SLRCONC         equ	3921	;# 
  2256     0F52                     INLVLC          equ	3922	;# 
  2257     0F53                     IOCCP           equ	3923	;# 
  2258     0F54                     IOCCN           equ	3924	;# 
  2259     0F55                     IOCCF           equ	3925	;# 
  2260     0F56                     CCDNC           equ	3926	;# 
  2261     0F57                     CCDPC           equ	3927	;# 
  2262     0F59                     ANSELD          equ	3929	;# 
  2263     0F5A                     WPUD            equ	3930	;# 
  2264     0F5B                     ODCOND          equ	3931	;# 
  2265     0F5C                     SLRCOND         equ	3932	;# 
  2266     0F5D                     INLVLD          equ	3933	;# 
  2267     0F61                     CCDND           equ	3937	;# 
  2268     0F62                     CCDPD           equ	3938	;# 
  2269     0F64                     ANSELE          equ	3940	;# 
  2270     0F65                     WPUE            equ	3941	;# 
  2271     0F66                     ODCONE          equ	3942	;# 
  2272     0F67                     SLRCONE         equ	3943	;# 
  2273     0F68                     INLVLE          equ	3944	;# 
  2274     0F69                     IOCEP           equ	3945	;# 
  2275     0F6A                     IOCEN           equ	3946	;# 
  2276     0F6B                     IOCEF           equ	3947	;# 
  2277     0F6C                     CCDNE           equ	3948	;# 
  2278     0F6D                     CCDPE           equ	3949	;# 
  2279     0FE4                     STATUS_SHAD     equ	4068	;# 
  2280     0FE5                     WREG_SHAD       equ	4069	;# 
  2281     0FE6                     BSR_SHAD        equ	4070	;# 
  2282     0FE7                     PCLATH_SHAD     equ	4071	;# 
  2283     0FE8                     FSR0L_SHAD      equ	4072	;# 
  2284     0FE9                     FSR0H_SHAD      equ	4073	;# 
  2285     0FEA                     FSR1L_SHAD      equ	4074	;# 
  2286     0FEB                     FSR1H_SHAD      equ	4075	;# 
  2287     0FED                     STKPTR          equ	4077	;# 
  2288     0FEE                     TOSL            equ	4078	;# 
  2289     0FEF                     TOSH            equ	4079	;# 
  2290     0000                     INDF0           equ	0	;# 
  2291     0001                     INDF1           equ	1	;# 
  2292     0002                     PCL             equ	2	;# 
  2293     0003                     STATUS          equ	3	;# 
  2294     0004                     FSR0L           equ	4	;# 
  2295     0005                     FSR0H           equ	5	;# 
  2296     0006                     FSR1L           equ	6	;# 
  2297     0007                     FSR1H           equ	7	;# 
  2298     0008                     BSR             equ	8	;# 
  2299     0009                     WREG            equ	9	;# 
  2300     000A                     PCLATH          equ	10	;# 
  2301     000B                     INTCON          equ	11	;# 
  2302     000C                     PORTA           equ	12	;# 
  2303     000D                     PORTB           equ	13	;# 
  2304     000E                     PORTC           equ	14	;# 
  2305     000F                     PORTD           equ	15	;# 
  2306     0010                     PORTE           equ	16	;# 
  2307     0011                     TRISA           equ	17	;# 
  2308     0012                     TRISB           equ	18	;# 
  2309     0013                     TRISC           equ	19	;# 
  2310     0014                     TRISD           equ	20	;# 
  2311     0015                     TRISE           equ	21	;# 
  2312     0016                     LATA            equ	22	;# 
  2313     0017                     LATB            equ	23	;# 
  2314     0018                     LATC            equ	24	;# 
  2315     0019                     LATD            equ	25	;# 
  2316     001A                     LATE            equ	26	;# 
  2317     001C                     TMR0L           equ	28	;# 
  2318     001C                     TMR0            equ	28	;# 
  2319     001D                     TMR0H           equ	29	;# 
  2320     001D                     PR0             equ	29	;# 
  2321     001E                     T0CON0          equ	30	;# 
  2322     001F                     T0CON1          equ	31	;# 
  2323     008C                     ADRES           equ	140	;# 
  2324     008C                     ADRESL          equ	140	;# 
  2325     008D                     ADRESH          equ	141	;# 
  2326     008E                     ADPREV          equ	142	;# 
  2327     008E                     ADPREVL         equ	142	;# 
  2328     008F                     ADPREVH         equ	143	;# 
  2329     0090                     ADACC           equ	144	;# 
  2330     0090                     ADACCL          equ	144	;# 
  2331     0091                     ADACCH          equ	145	;# 
  2332     0093                     ADCON0          equ	147	;# 
  2333     0094                     ADCON1          equ	148	;# 
  2334     0095                     ADCON2          equ	149	;# 
  2335     0096                     ADCON3          equ	150	;# 
  2336     0097                     ADSTAT          equ	151	;# 
  2337     0098                     ADCLK           equ	152	;# 
  2338     0099                     ADACT           equ	153	;# 
  2339     009A                     ADREF           equ	154	;# 
  2340     009B                     ADCAP           equ	155	;# 
  2341     009C                     ADPRE           equ	156	;# 
  2342     009D                     ADACQ           equ	157	;# 
  2343     009E                     ADPCH           equ	158	;# 
  2344     010C                     ADCNT           equ	268	;# 
  2345     010D                     ADRPT           equ	269	;# 
  2346     010E                     ADLTH           equ	270	;# 
  2347     010E                     ADLTHL          equ	270	;# 
  2348     010F                     ADLTHH          equ	271	;# 
  2349     0110                     ADUTH           equ	272	;# 
  2350     0110                     ADUTHL          equ	272	;# 
  2351     0111                     ADUTHH          equ	273	;# 
  2352     0112                     ADSTPT          equ	274	;# 
  2353     0112                     ADSTPTL         equ	274	;# 
  2354     0113                     ADSTPTH         equ	275	;# 
  2355     0114                     ADFLTR          equ	276	;# 
  2356     0114                     ADFLTRL         equ	276	;# 
  2357     0115                     ADFLTRH         equ	277	;# 
  2358     0116                     ADERR           equ	278	;# 
  2359     0116                     ADERRL          equ	278	;# 
  2360     0117                     ADERRH          equ	279	;# 
  2361     0119                     RC1REG          equ	281	;# 
  2362     0119                     RCREG           equ	281	;# 
  2363     0119                     RCREG1          equ	281	;# 
  2364     011A                     TX1REG          equ	282	;# 
  2365     011A                     TXREG1          equ	282	;# 
  2366     011A                     TXREG           equ	282	;# 
  2367     011B                     SP1BRG          equ	283	;# 
  2368     011B                     SP1BRGL         equ	283	;# 
  2369     011B                     SPBRG           equ	283	;# 
  2370     011B                     SPBRG1          equ	283	;# 
  2371     011B                     SPBRGL          equ	283	;# 
  2372     011C                     SP1BRGH         equ	284	;# 
  2373     011C                     SPBRGH          equ	284	;# 
  2374     011C                     SPBRGH1         equ	284	;# 
  2375     011D                     RC1STA          equ	285	;# 
  2376     011D                     RCSTA1          equ	285	;# 
  2377     011D                     RCSTA           equ	285	;# 
  2378     011E                     TX1STA          equ	286	;# 
  2379     011E                     TXSTA1          equ	286	;# 
  2380     011E                     TXSTA           equ	286	;# 
  2381     011F                     BAUD1CON        equ	287	;# 
  2382     011F                     BAUDCON1        equ	287	;# 
  2383     011F                     BAUDCTL1        equ	287	;# 
  2384     011F                     BAUDCON         equ	287	;# 
  2385     011F                     BAUDCTL         equ	287	;# 
  2386     018C                     SSP1BUF         equ	396	;# 
  2387     018D                     SSP1ADD         equ	397	;# 
  2388     018E                     SSP1MSK         equ	398	;# 
  2389     018F                     SSP1STAT        equ	399	;# 
  2390     0190                     SSP1CON1        equ	400	;# 
  2391     0191                     SSP1CON2        equ	401	;# 
  2392     0192                     SSP1CON3        equ	402	;# 
  2393     0196                     SSP2BUF         equ	406	;# 
  2394     0197                     SSP2ADD         equ	407	;# 
  2395     0198                     SSP2MSK         equ	408	;# 
  2396     0199                     SSP2STAT        equ	409	;# 
  2397     019A                     SSP2CON1        equ	410	;# 
  2398     019B                     SSP2CON2        equ	411	;# 
  2399     019C                     SSP2CON3        equ	412	;# 
  2400     020C                     TMR1            equ	524	;# 
  2401     020C                     TMR1L           equ	524	;# 
  2402     020D                     TMR1H           equ	525	;# 
  2403     020E                     T1CON           equ	526	;# 
  2404     020F                     T1GCON          equ	527	;# 
  2405     020F                     PR1             equ	527	;# 
  2406     0210                     T1GATE          equ	528	;# 
  2407     0210                     TMR1GATE        equ	528	;# 
  2408     0211                     T1CLK           equ	529	;# 
  2409     0211                     TMR1CLK         equ	529	;# 
  2410     0212                     TMR3            equ	530	;# 
  2411     0212                     TMR3L           equ	530	;# 
  2412     0213                     TMR3H           equ	531	;# 
  2413     0214                     T3CON           equ	532	;# 
  2414     0215                     T3GCON          equ	533	;# 
  2415     0215                     PR3             equ	533	;# 
  2416     0216                     T3GATE          equ	534	;# 
  2417     0216                     TMR3GATE        equ	534	;# 
  2418     0217                     T3CLK           equ	535	;# 
  2419     0217                     TMR3CLK         equ	535	;# 
  2420     0218                     TMR5            equ	536	;# 
  2421     0218                     TMR5L           equ	536	;# 
  2422     0219                     TMR5H           equ	537	;# 
  2423     021A                     T5CON           equ	538	;# 
  2424     021B                     T5GCON          equ	539	;# 
  2425     021B                     PR5             equ	539	;# 
  2426     021C                     T5GATE          equ	540	;# 
  2427     021C                     TMR5GATE        equ	540	;# 
  2428     021D                     T5CLK           equ	541	;# 
  2429     021D                     TMR5CLK         equ	541	;# 
  2430     021E                     CCPTMRS0        equ	542	;# 
  2431     021F                     CCPTMRS1        equ	543	;# 
  2432     028C                     T2TMR           equ	652	;# 
  2433     028C                     TMR2            equ	652	;# 
  2434     028D                     T2PR            equ	653	;# 
  2435     028D                     PR2             equ	653	;# 
  2436     028E                     T2CON           equ	654	;# 
  2437     028F                     T2HLT           equ	655	;# 
  2438     0290                     T2CLKCON        equ	656	;# 
  2439     0290                     T2CLK           equ	656	;# 
  2440     0291                     T2RST           equ	657	;# 
  2441     0292                     T4TMR           equ	658	;# 
  2442     0292                     TMR4            equ	658	;# 
  2443     0293                     T4PR            equ	659	;# 
  2444     0293                     PR4             equ	659	;# 
  2445     0294                     T4CON           equ	660	;# 
  2446     0295                     T4HLT           equ	661	;# 
  2447     0296                     T4CLKCON        equ	662	;# 
  2448     0296                     T4CLK           equ	662	;# 
  2449     0297                     T4RST           equ	663	;# 
  2450     0298                     T6TMR           equ	664	;# 
  2451     0298                     TMR6            equ	664	;# 
  2452     0299                     T6PR            equ	665	;# 
  2453     0299                     PR6             equ	665	;# 
  2454     029A                     T6CON           equ	666	;# 
  2455     029B                     T6HLT           equ	667	;# 
  2456     029C                     T6CLKCON        equ	668	;# 
  2457     029C                     T6CLK           equ	668	;# 
  2458     029D                     T6RST           equ	669	;# 
  2459     030C                     CCPR1           equ	780	;# 
  2460     030C                     CCPR1L          equ	780	;# 
  2461     030D                     CCPR1H          equ	781	;# 
  2462     030E                     CCP1CON         equ	782	;# 
  2463     030F                     CCP1CAP         equ	783	;# 
  2464     0310                     CCPR2           equ	784	;# 
  2465     0310                     CCPR2L          equ	784	;# 
  2466     0311                     CCPR2H          equ	785	;# 
  2467     0312                     CCP2CON         equ	786	;# 
  2468     0313                     CCP2CAP         equ	787	;# 
  2469     0314                     CCPR3           equ	788	;# 
  2470     0314                     CCPR3L          equ	788	;# 
  2471     0315                     CCPR3H          equ	789	;# 
  2472     0316                     CCP3CON         equ	790	;# 
  2473     0317                     CCP3CAP         equ	791	;# 
  2474     0318                     CCPR4           equ	792	;# 
  2475     0318                     CCPR4L          equ	792	;# 
  2476     0319                     CCPR4H          equ	793	;# 
  2477     031A                     CCP4CON         equ	794	;# 
  2478     031B                     CCP4CAP         equ	795	;# 
  2479     031C                     CCPR5           equ	796	;# 
  2480     031C                     CCPR5L          equ	796	;# 
  2481     031D                     CCPR5H          equ	797	;# 
  2482     031E                     CCP5CON         equ	798	;# 
  2483     031F                     CCP5CAP         equ	799	;# 
  2484     038C                     PWM6DC          equ	908	;# 
  2485     038C                     PWM6DCL         equ	908	;# 
  2486     038D                     PWM6DCH         equ	909	;# 
  2487     038E                     PWM6CON         equ	910	;# 
  2488     0390                     PWM7DC          equ	912	;# 
  2489     0390                     PWM7DCL         equ	912	;# 
  2490     0391                     PWM7DCH         equ	913	;# 
  2491     0392                     PWM7CON         equ	914	;# 
  2492     040C                     SCANLADRL       equ	1036	;# 
  2493     040D                     SCANLADRH       equ	1037	;# 
  2494     040E                     SCANHADRL       equ	1038	;# 
  2495     040F                     SCANHADRH       equ	1039	;# 
  2496     0410                     SCANCON0        equ	1040	;# 
  2497     0411                     SCANTRIG        equ	1041	;# 
  2498     0416                     CRCDATA         equ	1046	;# 
  2499     0416                     CRCDATL         equ	1046	;# 
  2500     0417                     CRCDATH         equ	1047	;# 
  2501     0418                     CRCACC          equ	1048	;# 
  2502     0418                     CRCACCL         equ	1048	;# 
  2503     0419                     CRCACCH         equ	1049	;# 
  2504     041A                     CRCSHFT         equ	1050	;# 
  2505     041A                     CRCSHIFTL       equ	1050	;# 
  2506     041B                     CRCSHIFTH       equ	1051	;# 
  2507     041C                     CRCXOR          equ	1052	;# 
  2508     041C                     CRCXORL         equ	1052	;# 
  2509     041D                     CRCXORH         equ	1053	;# 
  2510     041E                     CRCCON0         equ	1054	;# 
  2511     041F                     CRCCON1         equ	1055	;# 
  2512     048C                     SMT1TMR         equ	1164	;# 
  2513     048C                     SMT1TMRL        equ	1164	;# 
  2514     048D                     SMT1TMRH        equ	1165	;# 
  2515     048E                     SMT1TMRU        equ	1166	;# 
  2516     048F                     SMT1CPR         equ	1167	;# 
  2517     048F                     SMT1CPRL        equ	1167	;# 
  2518     0490                     SMT1CPRH        equ	1168	;# 
  2519     0491                     SMT1CPRU        equ	1169	;# 
  2520     0492                     SMT1CPW         equ	1170	;# 
  2521     0492                     SMT1CPWL        equ	1170	;# 
  2522     0493                     SMT1CPWH        equ	1171	;# 
  2523     0494                     SMT1CPWU        equ	1172	;# 
  2524     0495                     SMT1PR          equ	1173	;# 
  2525     0495                     SMT1PRL         equ	1173	;# 
  2526     0496                     SMT1PRH         equ	1174	;# 
  2527     0497                     SMT1PRU         equ	1175	;# 
  2528     0498                     SMT1CON0        equ	1176	;# 
  2529     0499                     SMT1CON1        equ	1177	;# 
  2530     049A                     SMT1STAT        equ	1178	;# 
  2531     049B                     SMT1CLK         equ	1179	;# 
  2532     049C                     SMT1SIG         equ	1180	;# 
  2533     049D                     SMT1WIN         equ	1181	;# 
  2534     050C                     SMT2TMR         equ	1292	;# 
  2535     050C                     SMT2TMRL        equ	1292	;# 
  2536     050D                     SMT2TMRH        equ	1293	;# 
  2537     050E                     SMT2TMRU        equ	1294	;# 
  2538     050F                     SMT2CPR         equ	1295	;# 
  2539     050F                     SMT2CPRL        equ	1295	;# 
  2540     0510                     SMT2CPRH        equ	1296	;# 
  2541     0511                     SMT2CPRU        equ	1297	;# 
  2542     0512                     SMT2CPW         equ	1298	;# 
  2543     0512                     SMT2CPWL        equ	1298	;# 
  2544     0513                     SMT2CPWH        equ	1299	;# 
  2545     0514                     SMT2CPWU        equ	1300	;# 
  2546     0515                     SMT2PR          equ	1301	;# 
  2547     0515                     SMT2PRL         equ	1301	;# 
  2548     0516                     SMT2PRH         equ	1302	;# 
  2549     0517                     SMT2PRU         equ	1303	;# 
  2550     0518                     SMT2CON0        equ	1304	;# 
  2551     0519                     SMT2CON1        equ	1305	;# 
  2552     051A                     SMT2STAT        equ	1306	;# 
  2553     051B                     SMT2CLK         equ	1307	;# 
  2554     051C                     SMT2SIG         equ	1308	;# 
  2555     051D                     SMT2WIN         equ	1309	;# 
  2556     058C                     NCO1ACC         equ	1420	;# 
  2557     058C                     NCO1ACCL        equ	1420	;# 
  2558     058D                     NCO1ACCH        equ	1421	;# 
  2559     058E                     NCO1ACCU        equ	1422	;# 
  2560     058F                     NCO1INC         equ	1423	;# 
  2561     058F                     NCO1INCL        equ	1423	;# 
  2562     0590                     NCO1INCH        equ	1424	;# 
  2563     0591                     NCO1INCU        equ	1425	;# 
  2564     0592                     NCO1CON         equ	1426	;# 
  2565     0593                     NCO1CLK         equ	1427	;# 
  2566     060C                     CWG1CLKCON      equ	1548	;# 
  2567     060D                     CWG1ISM         equ	1549	;# 
  2568     060E                     CWG1DBR         equ	1550	;# 
  2569     060F                     CWG1DBF         equ	1551	;# 
  2570     0610                     CWG1CON0        equ	1552	;# 
  2571     0611                     CWG1CON1        equ	1553	;# 
  2572     0612                     CWG1AS0         equ	1554	;# 
  2573     0613                     CWG1AS1         equ	1555	;# 
  2574     0614                     CWG1STR         equ	1556	;# 
  2575     0616                     CWG2CLKCON      equ	1558	;# 
  2576     0617                     CWG2ISM         equ	1559	;# 
  2577     0618                     CWG2DBR         equ	1560	;# 
  2578     0619                     CWG2DBF         equ	1561	;# 
  2579     061A                     CWG2CON0        equ	1562	;# 
  2580     061B                     CWG2CON1        equ	1563	;# 
  2581     061C                     CWG2AS0         equ	1564	;# 
  2582     061D                     CWG2AS1         equ	1565	;# 
  2583     061E                     CWG2STR         equ	1566	;# 
  2584     068C                     CWG3CLKCON      equ	1676	;# 
  2585     068D                     CWG3ISM         equ	1677	;# 
  2586     068E                     CWG3DBR         equ	1678	;# 
  2587     068F                     CWG3DBF         equ	1679	;# 
  2588     0690                     CWG3CON0        equ	1680	;# 
  2589     0691                     CWG3CON1        equ	1681	;# 
  2590     0692                     CWG3AS0         equ	1682	;# 
  2591     0693                     CWG3AS1         equ	1683	;# 
  2592     0694                     CWG3STR         equ	1684	;# 
  2593     070C                     PIR0            equ	1804	;# 
  2594     070D                     PIR1            equ	1805	;# 
  2595     070E                     PIR2            equ	1806	;# 
  2596     070F                     PIR3            equ	1807	;# 
  2597     0710                     PIR4            equ	1808	;# 
  2598     0711                     PIR5            equ	1809	;# 
  2599     0712                     PIR6            equ	1810	;# 
  2600     0713                     PIR7            equ	1811	;# 
  2601     0714                     PIR8            equ	1812	;# 
  2602     0716                     PIE0            equ	1814	;# 
  2603     0717                     PIE1            equ	1815	;# 
  2604     0718                     PIE2            equ	1816	;# 
  2605     0719                     PIE3            equ	1817	;# 
  2606     071A                     PIE4            equ	1818	;# 
  2607     071B                     PIE5            equ	1819	;# 
  2608     071C                     PIE6            equ	1820	;# 
  2609     071D                     PIE7            equ	1821	;# 
  2610     071E                     PIE8            equ	1822	;# 
  2611     0796                     PMD0            equ	1942	;# 
  2612     0797                     PMD1            equ	1943	;# 
  2613     0798                     PMD2            equ	1944	;# 
  2614     0799                     PMD3            equ	1945	;# 
  2615     079A                     PMD4            equ	1946	;# 
  2616     079B                     PMD5            equ	1947	;# 
  2617     080C                     WDTCON0         equ	2060	;# 
  2618     080D                     WDTCON1         equ	2061	;# 
  2619     080E                     WDTPSL          equ	2062	;# 
  2620     080F                     WDTPSH          equ	2063	;# 
  2621     0810                     WDTTMR          equ	2064	;# 
  2622     0811                     BORCON          equ	2065	;# 
  2623     0812                     VREGCON         equ	2066	;# 
  2624     0813                     PCON0           equ	2067	;# 
  2625     0814                     CCDCON          equ	2068	;# 
  2626     081A                     NVMADRL         equ	2074	;# 
  2627     081B                     NVMADRH         equ	2075	;# 
  2628     081C                     NVMDATL         equ	2076	;# 
  2629     081D                     NVMDATH         equ	2077	;# 
  2630     081E                     NVMCON1         equ	2078	;# 
  2631     081F                     NVMCON2         equ	2079	;# 
  2632     088C                     CPUDOZE         equ	2188	;# 
  2633     088D                     OSCCON1         equ	2189	;# 
  2634     088E                     OSCCON2         equ	2190	;# 
  2635     088F                     OSCCON3         equ	2191	;# 
  2636     0890                     OSCSTAT         equ	2192	;# 
  2637     0891                     OSCEN           equ	2193	;# 
  2638     0892                     OSCTUNE         equ	2194	;# 
  2639     0893                     OSCFRQ          equ	2195	;# 
  2640     0895                     CLKRCON         equ	2197	;# 
  2641     0896                     CLKRCLK         equ	2198	;# 
  2642     0897                     MDCON0          equ	2199	;# 
  2643     0898                     MDCON1          equ	2200	;# 
  2644     0899                     MDSRC           equ	2201	;# 
  2645     089A                     MDCARL          equ	2202	;# 
  2646     089B                     MDCARH          equ	2203	;# 
  2647     090C                     FVRCON          equ	2316	;# 
  2648     090E                     DAC1CON0        equ	2318	;# 
  2649     090F                     DAC1CON1        equ	2319	;# 
  2650     091F                     ZCD1CON         equ	2335	;# 
  2651     091F                     ZCDCON          equ	2335	;# 
  2652     098F                     CMOUT           equ	2447	;# 
  2653     098F                     CMSTAT          equ	2447	;# 
  2654     0990                     CM1CON0         equ	2448	;# 
  2655     0991                     CM1CON1         equ	2449	;# 
  2656     0992                     CM1NSEL         equ	2450	;# 
  2657     0993                     CM1PSEL         equ	2451	;# 
  2658     0994                     CM2CON0         equ	2452	;# 
  2659     0995                     CM2CON1         equ	2453	;# 
  2660     0996                     CM2NSEL         equ	2454	;# 
  2661     0997                     CM2PSEL         equ	2455	;# 
  2662     0E0F                     CLCDATA         equ	3599	;# 
  2663     0E10                     CLC1CON         equ	3600	;# 
  2664     0E11                     CLC1POL         equ	3601	;# 
  2665     0E12                     CLC1SEL0        equ	3602	;# 
  2666     0E13                     CLC1SEL1        equ	3603	;# 
  2667     0E14                     CLC1SEL2        equ	3604	;# 
  2668     0E15                     CLC1SEL3        equ	3605	;# 
  2669     0E16                     CLC1GLS0        equ	3606	;# 
  2670     0E17                     CLC1GLS1        equ	3607	;# 
  2671     0E18                     CLC1GLS2        equ	3608	;# 
  2672     0E19                     CLC1GLS3        equ	3609	;# 
  2673     0E1A                     CLC2CON         equ	3610	;# 
  2674     0E1B                     CLC2POL         equ	3611	;# 
  2675     0E1C                     CLC2SEL0        equ	3612	;# 
  2676     0E1D                     CLC2SEL1        equ	3613	;# 
  2677     0E1E                     CLC2SEL2        equ	3614	;# 
  2678     0E1F                     CLC2SEL3        equ	3615	;# 
  2679     0E20                     CLC2GLS0        equ	3616	;# 
  2680     0E21                     CLC2GLS1        equ	3617	;# 
  2681     0E22                     CLC2GLS2        equ	3618	;# 
  2682     0E23                     CLC2GLS3        equ	3619	;# 
  2683     0E24                     CLC3CON         equ	3620	;# 
  2684     0E25                     CLC3POL         equ	3621	;# 
  2685     0E26                     CLC3SEL0        equ	3622	;# 
  2686     0E27                     CLC3SEL1        equ	3623	;# 
  2687     0E28                     CLC3SEL2        equ	3624	;# 
  2688     0E29                     CLC3SEL3        equ	3625	;# 
  2689     0E2A                     CLC3GLS0        equ	3626	;# 
  2690     0E2B                     CLC3GLS1        equ	3627	;# 
  2691     0E2C                     CLC3GLS2        equ	3628	;# 
  2692     0E2D                     CLC3GLS3        equ	3629	;# 
  2693     0E2E                     CLC4CON         equ	3630	;# 
  2694     0E2F                     CLC4POL         equ	3631	;# 
  2695     0E30                     CLC4SEL0        equ	3632	;# 
  2696     0E31                     CLC4SEL1        equ	3633	;# 
  2697     0E32                     CLC4SEL2        equ	3634	;# 
  2698     0E33                     CLC4SEL3        equ	3635	;# 
  2699     0E34                     CLC4GLS0        equ	3636	;# 
  2700     0E35                     CLC4GLS1        equ	3637	;# 
  2701     0E36                     CLC4GLS2        equ	3638	;# 
  2702     0E37                     CLC4GLS3        equ	3639	;# 
  2703     0E8F                     PPSLOCK         equ	3727	;# 
  2704     0E90                     INTPPS          equ	3728	;# 
  2705     0E91                     T0CKIPPS        equ	3729	;# 
  2706     0E92                     T1CKIPPS        equ	3730	;# 
  2707     0E93                     T1GPPS          equ	3731	;# 
  2708     0E94                     T3CKIPPS        equ	3732	;# 
  2709     0E95                     T3GPPS          equ	3733	;# 
  2710     0E96                     T5CKIPPS        equ	3734	;# 
  2711     0E97                     T5GPPS          equ	3735	;# 
  2712     0E9C                     T2AINPPS        equ	3740	;# 
  2713     0E9D                     T4AINPPS        equ	3741	;# 
  2714     0E9E                     T6AINPPS        equ	3742	;# 
  2715     0EA1                     CCP1PPS         equ	3745	;# 
  2716     0EA2                     CCP2PPS         equ	3746	;# 
  2717     0EA3                     CCP3PPS         equ	3747	;# 
  2718     0EA4                     CCP4PPS         equ	3748	;# 
  2719     0EA5                     CCP5PPS         equ	3749	;# 
  2720     0EA9                     SMT1WINPPS      equ	3753	;# 
  2721     0EAA                     SMT1SIGPPS      equ	3754	;# 
  2722     0EAB                     SMT2WINPPS      equ	3755	;# 
  2723     0EAC                     SMT2SIGPPS      equ	3756	;# 
  2724     0EB1                     CWG1PPS         equ	3761	;# 
  2725     0EB2                     CWG2PPS         equ	3762	;# 
  2726     0EB3                     CWG3PPS         equ	3763	;# 
  2727     0EB8                     MDCARLPPS       equ	3768	;# 
  2728     0EB9                     MDCARHPPS       equ	3769	;# 
  2729     0EBA                     MDSRCPPS        equ	3770	;# 
  2730     0EBB                     CLCIN0PPS       equ	3771	;# 
  2731     0EBC                     CLCIN1PPS       equ	3772	;# 
  2732     0EBD                     CLCIN2PPS       equ	3773	;# 
  2733     0EBE                     CLCIN3PPS       equ	3774	;# 
  2734     0EC3                     ADCACTPPS       equ	3779	;# 
  2735     0EC5                     SSP1CLKPPS      equ	3781	;# 
  2736     0EC6                     SSP1DATPPS      equ	3782	;# 
  2737     0EC7                     SSP1SSPPS       equ	3783	;# 
  2738     0EC8                     SSP2CLKPPS      equ	3784	;# 
  2739     0EC9                     SSP2DATPPS      equ	3785	;# 
  2740     0ECA                     SSP2SSPPS       equ	3786	;# 
  2741     0ECB                     RXPPS           equ	3787	;# 
  2742     0ECC                     TXPPS           equ	3788	;# 
  2743     0F10                     RA0PPS          equ	3856	;# 
  2744     0F11                     RA1PPS          equ	3857	;# 
  2745     0F12                     RA2PPS          equ	3858	;# 
  2746     0F13                     RA3PPS          equ	3859	;# 
  2747     0F14                     RA4PPS          equ	3860	;# 
  2748     0F15                     RA5PPS          equ	3861	;# 
  2749     0F16                     RA6PPS          equ	3862	;# 
  2750     0F17                     RA7PPS          equ	3863	;# 
  2751     0F18                     RB0PPS          equ	3864	;# 
  2752     0F19                     RB1PPS          equ	3865	;# 
  2753     0F1A                     RB2PPS          equ	3866	;# 
  2754     0F1B                     RB3PPS          equ	3867	;# 
  2755     0F1C                     RB4PPS          equ	3868	;# 
  2756     0F1D                     RB5PPS          equ	3869	;# 
  2757     0F1E                     RB6PPS          equ	3870	;# 
  2758     0F1F                     RB7PPS          equ	3871	;# 
  2759     0F20                     RC0PPS          equ	3872	;# 
  2760     0F21                     RC1PPS          equ	3873	;# 
  2761     0F22                     RC2PPS          equ	3874	;# 
  2762     0F23                     RC3PPS          equ	3875	;# 
  2763     0F24                     RC4PPS          equ	3876	;# 
  2764     0F25                     RC5PPS          equ	3877	;# 
  2765     0F26                     RC6PPS          equ	3878	;# 
  2766     0F27                     RC7PPS          equ	3879	;# 
  2767     0F28                     RD0PPS          equ	3880	;# 
  2768     0F29                     RD1PPS          equ	3881	;# 
  2769     0F2A                     RD2PPS          equ	3882	;# 
  2770     0F2B                     RD3PPS          equ	3883	;# 
  2771     0F2C                     RD4PPS          equ	3884	;# 
  2772     0F2D                     RD5PPS          equ	3885	;# 
  2773     0F2E                     RD6PPS          equ	3886	;# 
  2774     0F2F                     RD7PPS          equ	3887	;# 
  2775     0F30                     RE0PPS          equ	3888	;# 
  2776     0F31                     RE1PPS          equ	3889	;# 
  2777     0F32                     RE2PPS          equ	3890	;# 
  2778     0F38                     ANSELA          equ	3896	;# 
  2779     0F39                     WPUA            equ	3897	;# 
  2780     0F3A                     ODCONA          equ	3898	;# 
  2781     0F3B                     SLRCONA         equ	3899	;# 
  2782     0F3C                     INLVLA          equ	3900	;# 
  2783     0F3D                     IOCAP           equ	3901	;# 
  2784     0F3E                     IOCAN           equ	3902	;# 
  2785     0F3F                     IOCAF           equ	3903	;# 
  2786     0F40                     CCDNA           equ	3904	;# 
  2787     0F41                     CCDPA           equ	3905	;# 
  2788     0F43                     ANSELB          equ	3907	;# 
  2789     0F44                     WPUB            equ	3908	;# 
  2790     0F45                     ODCONB          equ	3909	;# 
  2791     0F46                     SLRCONB         equ	3910	;# 
  2792     0F47                     INLVLB          equ	3911	;# 
  2793     0F48                     IOCBP           equ	3912	;# 
  2794     0F49                     IOCBN           equ	3913	;# 
  2795     0F4A                     IOCBF           equ	3914	;# 
  2796     0F4B                     CCDNB           equ	3915	;# 
  2797     0F4C                     CCDPB           equ	3916	;# 
  2798     0F4E                     ANSELC          equ	3918	;# 
  2799     0F4F                     WPUC            equ	3919	;# 
  2800     0F50                     ODCONC          equ	3920	;# 
  2801     0F51                     SLRCONC         equ	3921	;# 
  2802     0F52                     INLVLC          equ	3922	;# 
  2803     0F53                     IOCCP           equ	3923	;# 
  2804     0F54                     IOCCN           equ	3924	;# 
  2805     0F55                     IOCCF           equ	3925	;# 
  2806     0F56                     CCDNC           equ	3926	;# 
  2807     0F57                     CCDPC           equ	3927	;# 
  2808     0F59                     ANSELD          equ	3929	;# 
  2809     0F5A                     WPUD            equ	3930	;# 
  2810     0F5B                     ODCOND          equ	3931	;# 
  2811     0F5C                     SLRCOND         equ	3932	;# 
  2812     0F5D                     INLVLD          equ	3933	;# 
  2813     0F61                     CCDND           equ	3937	;# 
  2814     0F62                     CCDPD           equ	3938	;# 
  2815     0F64                     ANSELE          equ	3940	;# 
  2816     0F65                     WPUE            equ	3941	;# 
  2817     0F66                     ODCONE          equ	3942	;# 
  2818     0F67                     SLRCONE         equ	3943	;# 
  2819     0F68                     INLVLE          equ	3944	;# 
  2820     0F69                     IOCEP           equ	3945	;# 
  2821     0F6A                     IOCEN           equ	3946	;# 
  2822     0F6B                     IOCEF           equ	3947	;# 
  2823     0F6C                     CCDNE           equ	3948	;# 
  2824     0F6D                     CCDPE           equ	3949	;# 
  2825     0FE4                     STATUS_SHAD     equ	4068	;# 
  2826     0FE5                     WREG_SHAD       equ	4069	;# 
  2827     0FE6                     BSR_SHAD        equ	4070	;# 
  2828     0FE7                     PCLATH_SHAD     equ	4071	;# 
  2829     0FE8                     FSR0L_SHAD      equ	4072	;# 
  2830     0FE9                     FSR0H_SHAD      equ	4073	;# 
  2831     0FEA                     FSR1L_SHAD      equ	4074	;# 
  2832     0FEB                     FSR1H_SHAD      equ	4075	;# 
  2833     0FED                     STKPTR          equ	4077	;# 
  2834     0FEE                     TOSL            equ	4078	;# 
  2835     0FEF                     TOSH            equ	4079	;# 
  2836     0000                     INDF0           equ	0	;# 
  2837     0001                     INDF1           equ	1	;# 
  2838     0002                     PCL             equ	2	;# 
  2839     0003                     STATUS          equ	3	;# 
  2840     0004                     FSR0L           equ	4	;# 
  2841     0005                     FSR0H           equ	5	;# 
  2842     0006                     FSR1L           equ	6	;# 
  2843     0007                     FSR1H           equ	7	;# 
  2844     0008                     BSR             equ	8	;# 
  2845     0009                     WREG            equ	9	;# 
  2846     000A                     PCLATH          equ	10	;# 
  2847     000B                     INTCON          equ	11	;# 
  2848     000C                     PORTA           equ	12	;# 
  2849     000D                     PORTB           equ	13	;# 
  2850     000E                     PORTC           equ	14	;# 
  2851     000F                     PORTD           equ	15	;# 
  2852     0010                     PORTE           equ	16	;# 
  2853     0011                     TRISA           equ	17	;# 
  2854     0012                     TRISB           equ	18	;# 
  2855     0013                     TRISC           equ	19	;# 
  2856     0014                     TRISD           equ	20	;# 
  2857     0015                     TRISE           equ	21	;# 
  2858     0016                     LATA            equ	22	;# 
  2859     0017                     LATB            equ	23	;# 
  2860     0018                     LATC            equ	24	;# 
  2861     0019                     LATD            equ	25	;# 
  2862     001A                     LATE            equ	26	;# 
  2863     001C                     TMR0L           equ	28	;# 
  2864     001C                     TMR0            equ	28	;# 
  2865     001D                     TMR0H           equ	29	;# 
  2866     001D                     PR0             equ	29	;# 
  2867     001E                     T0CON0          equ	30	;# 
  2868     001F                     T0CON1          equ	31	;# 
  2869     008C                     ADRES           equ	140	;# 
  2870     008C                     ADRESL          equ	140	;# 
  2871     008D                     ADRESH          equ	141	;# 
  2872     008E                     ADPREV          equ	142	;# 
  2873     008E                     ADPREVL         equ	142	;# 
  2874     008F                     ADPREVH         equ	143	;# 
  2875     0090                     ADACC           equ	144	;# 
  2876     0090                     ADACCL          equ	144	;# 
  2877     0091                     ADACCH          equ	145	;# 
  2878     0093                     ADCON0          equ	147	;# 
  2879     0094                     ADCON1          equ	148	;# 
  2880     0095                     ADCON2          equ	149	;# 
  2881     0096                     ADCON3          equ	150	;# 
  2882     0097                     ADSTAT          equ	151	;# 
  2883     0098                     ADCLK           equ	152	;# 
  2884     0099                     ADACT           equ	153	;# 
  2885     009A                     ADREF           equ	154	;# 
  2886     009B                     ADCAP           equ	155	;# 
  2887     009C                     ADPRE           equ	156	;# 
  2888     009D                     ADACQ           equ	157	;# 
  2889     009E                     ADPCH           equ	158	;# 
  2890     010C                     ADCNT           equ	268	;# 
  2891     010D                     ADRPT           equ	269	;# 
  2892     010E                     ADLTH           equ	270	;# 
  2893     010E                     ADLTHL          equ	270	;# 
  2894     010F                     ADLTHH          equ	271	;# 
  2895     0110                     ADUTH           equ	272	;# 
  2896     0110                     ADUTHL          equ	272	;# 
  2897     0111                     ADUTHH          equ	273	;# 
  2898     0112                     ADSTPT          equ	274	;# 
  2899     0112                     ADSTPTL         equ	274	;# 
  2900     0113                     ADSTPTH         equ	275	;# 
  2901     0114                     ADFLTR          equ	276	;# 
  2902     0114                     ADFLTRL         equ	276	;# 
  2903     0115                     ADFLTRH         equ	277	;# 
  2904     0116                     ADERR           equ	278	;# 
  2905     0116                     ADERRL          equ	278	;# 
  2906     0117                     ADERRH          equ	279	;# 
  2907     0119                     RC1REG          equ	281	;# 
  2908     0119                     RCREG           equ	281	;# 
  2909     0119                     RCREG1          equ	281	;# 
  2910     011A                     TX1REG          equ	282	;# 
  2911     011A                     TXREG1          equ	282	;# 
  2912     011A                     TXREG           equ	282	;# 
  2913     011B                     SP1BRG          equ	283	;# 
  2914     011B                     SP1BRGL         equ	283	;# 
  2915     011B                     SPBRG           equ	283	;# 
  2916     011B                     SPBRG1          equ	283	;# 
  2917     011B                     SPBRGL          equ	283	;# 
  2918     011C                     SP1BRGH         equ	284	;# 
  2919     011C                     SPBRGH          equ	284	;# 
  2920     011C                     SPBRGH1         equ	284	;# 
  2921     011D                     RC1STA          equ	285	;# 
  2922     011D                     RCSTA1          equ	285	;# 
  2923     011D                     RCSTA           equ	285	;# 
  2924     011E                     TX1STA          equ	286	;# 
  2925     011E                     TXSTA1          equ	286	;# 
  2926     011E                     TXSTA           equ	286	;# 
  2927     011F                     BAUD1CON        equ	287	;# 
  2928     011F                     BAUDCON1        equ	287	;# 
  2929     011F                     BAUDCTL1        equ	287	;# 
  2930     011F                     BAUDCON         equ	287	;# 
  2931     011F                     BAUDCTL         equ	287	;# 
  2932     018C                     SSP1BUF         equ	396	;# 
  2933     018D                     SSP1ADD         equ	397	;# 
  2934     018E                     SSP1MSK         equ	398	;# 
  2935     018F                     SSP1STAT        equ	399	;# 
  2936     0190                     SSP1CON1        equ	400	;# 
  2937     0191                     SSP1CON2        equ	401	;# 
  2938     0192                     SSP1CON3        equ	402	;# 
  2939     0196                     SSP2BUF         equ	406	;# 
  2940     0197                     SSP2ADD         equ	407	;# 
  2941     0198                     SSP2MSK         equ	408	;# 
  2942     0199                     SSP2STAT        equ	409	;# 
  2943     019A                     SSP2CON1        equ	410	;# 
  2944     019B                     SSP2CON2        equ	411	;# 
  2945     019C                     SSP2CON3        equ	412	;# 
  2946     020C                     TMR1            equ	524	;# 
  2947     020C                     TMR1L           equ	524	;# 
  2948     020D                     TMR1H           equ	525	;# 
  2949     020E                     T1CON           equ	526	;# 
  2950     020F                     T1GCON          equ	527	;# 
  2951     020F                     PR1             equ	527	;# 
  2952     0210                     T1GATE          equ	528	;# 
  2953     0210                     TMR1GATE        equ	528	;# 
  2954     0211                     T1CLK           equ	529	;# 
  2955     0211                     TMR1CLK         equ	529	;# 
  2956     0212                     TMR3            equ	530	;# 
  2957     0212                     TMR3L           equ	530	;# 
  2958     0213                     TMR3H           equ	531	;# 
  2959     0214                     T3CON           equ	532	;# 
  2960     0215                     T3GCON          equ	533	;# 
  2961     0215                     PR3             equ	533	;# 
  2962     0216                     T3GATE          equ	534	;# 
  2963     0216                     TMR3GATE        equ	534	;# 
  2964     0217                     T3CLK           equ	535	;# 
  2965     0217                     TMR3CLK         equ	535	;# 
  2966     0218                     TMR5            equ	536	;# 
  2967     0218                     TMR5L           equ	536	;# 
  2968     0219                     TMR5H           equ	537	;# 
  2969     021A                     T5CON           equ	538	;# 
  2970     021B                     T5GCON          equ	539	;# 
  2971     021B                     PR5             equ	539	;# 
  2972     021C                     T5GATE          equ	540	;# 
  2973     021C                     TMR5GATE        equ	540	;# 
  2974     021D                     T5CLK           equ	541	;# 
  2975     021D                     TMR5CLK         equ	541	;# 
  2976     021E                     CCPTMRS0        equ	542	;# 
  2977     021F                     CCPTMRS1        equ	543	;# 
  2978     028C                     T2TMR           equ	652	;# 
  2979     028C                     TMR2            equ	652	;# 
  2980     028D                     T2PR            equ	653	;# 
  2981     028D                     PR2             equ	653	;# 
  2982     028E                     T2CON           equ	654	;# 
  2983     028F                     T2HLT           equ	655	;# 
  2984     0290                     T2CLKCON        equ	656	;# 
  2985     0290                     T2CLK           equ	656	;# 
  2986     0291                     T2RST           equ	657	;# 
  2987     0292                     T4TMR           equ	658	;# 
  2988     0292                     TMR4            equ	658	;# 
  2989     0293                     T4PR            equ	659	;# 
  2990     0293                     PR4             equ	659	;# 
  2991     0294                     T4CON           equ	660	;# 
  2992     0295                     T4HLT           equ	661	;# 
  2993     0296                     T4CLKCON        equ	662	;# 
  2994     0296                     T4CLK           equ	662	;# 
  2995     0297                     T4RST           equ	663	;# 
  2996     0298                     T6TMR           equ	664	;# 
  2997     0298                     TMR6            equ	664	;# 
  2998     0299                     T6PR            equ	665	;# 
  2999     0299                     PR6             equ	665	;# 
  3000     029A                     T6CON           equ	666	;# 
  3001     029B                     T6HLT           equ	667	;# 
  3002     029C                     T6CLKCON        equ	668	;# 
  3003     029C                     T6CLK           equ	668	;# 
  3004     029D                     T6RST           equ	669	;# 
  3005     030C                     CCPR1           equ	780	;# 
  3006     030C                     CCPR1L          equ	780	;# 
  3007     030D                     CCPR1H          equ	781	;# 
  3008     030E                     CCP1CON         equ	782	;# 
  3009     030F                     CCP1CAP         equ	783	;# 
  3010     0310                     CCPR2           equ	784	;# 
  3011     0310                     CCPR2L          equ	784	;# 
  3012     0311                     CCPR2H          equ	785	;# 
  3013     0312                     CCP2CON         equ	786	;# 
  3014     0313                     CCP2CAP         equ	787	;# 
  3015     0314                     CCPR3           equ	788	;# 
  3016     0314                     CCPR3L          equ	788	;# 
  3017     0315                     CCPR3H          equ	789	;# 
  3018     0316                     CCP3CON         equ	790	;# 
  3019     0317                     CCP3CAP         equ	791	;# 
  3020     0318                     CCPR4           equ	792	;# 
  3021     0318                     CCPR4L          equ	792	;# 
  3022     0319                     CCPR4H          equ	793	;# 
  3023     031A                     CCP4CON         equ	794	;# 
  3024     031B                     CCP4CAP         equ	795	;# 
  3025     031C                     CCPR5           equ	796	;# 
  3026     031C                     CCPR5L          equ	796	;# 
  3027     031D                     CCPR5H          equ	797	;# 
  3028     031E                     CCP5CON         equ	798	;# 
  3029     031F                     CCP5CAP         equ	799	;# 
  3030     038C                     PWM6DC          equ	908	;# 
  3031     038C                     PWM6DCL         equ	908	;# 
  3032     038D                     PWM6DCH         equ	909	;# 
  3033     038E                     PWM6CON         equ	910	;# 
  3034     0390                     PWM7DC          equ	912	;# 
  3035     0390                     PWM7DCL         equ	912	;# 
  3036     0391                     PWM7DCH         equ	913	;# 
  3037     0392                     PWM7CON         equ	914	;# 
  3038     040C                     SCANLADRL       equ	1036	;# 
  3039     040D                     SCANLADRH       equ	1037	;# 
  3040     040E                     SCANHADRL       equ	1038	;# 
  3041     040F                     SCANHADRH       equ	1039	;# 
  3042     0410                     SCANCON0        equ	1040	;# 
  3043     0411                     SCANTRIG        equ	1041	;# 
  3044     0416                     CRCDATA         equ	1046	;# 
  3045     0416                     CRCDATL         equ	1046	;# 
  3046     0417                     CRCDATH         equ	1047	;# 
  3047     0418                     CRCACC          equ	1048	;# 
  3048     0418                     CRCACCL         equ	1048	;# 
  3049     0419                     CRCACCH         equ	1049	;# 
  3050     041A                     CRCSHFT         equ	1050	;# 
  3051     041A                     CRCSHIFTL       equ	1050	;# 
  3052     041B                     CRCSHIFTH       equ	1051	;# 
  3053     041C                     CRCXOR          equ	1052	;# 
  3054     041C                     CRCXORL         equ	1052	;# 
  3055     041D                     CRCXORH         equ	1053	;# 
  3056     041E                     CRCCON0         equ	1054	;# 
  3057     041F                     CRCCON1         equ	1055	;# 
  3058     048C                     SMT1TMR         equ	1164	;# 
  3059     048C                     SMT1TMRL        equ	1164	;# 
  3060     048D                     SMT1TMRH        equ	1165	;# 
  3061     048E                     SMT1TMRU        equ	1166	;# 
  3062     048F                     SMT1CPR         equ	1167	;# 
  3063     048F                     SMT1CPRL        equ	1167	;# 
  3064     0490                     SMT1CPRH        equ	1168	;# 
  3065     0491                     SMT1CPRU        equ	1169	;# 
  3066     0492                     SMT1CPW         equ	1170	;# 
  3067     0492                     SMT1CPWL        equ	1170	;# 
  3068     0493                     SMT1CPWH        equ	1171	;# 
  3069     0494                     SMT1CPWU        equ	1172	;# 
  3070     0495                     SMT1PR          equ	1173	;# 
  3071     0495                     SMT1PRL         equ	1173	;# 
  3072     0496                     SMT1PRH         equ	1174	;# 
  3073     0497                     SMT1PRU         equ	1175	;# 
  3074     0498                     SMT1CON0        equ	1176	;# 
  3075     0499                     SMT1CON1        equ	1177	;# 
  3076     049A                     SMT1STAT        equ	1178	;# 
  3077     049B                     SMT1CLK         equ	1179	;# 
  3078     049C                     SMT1SIG         equ	1180	;# 
  3079     049D                     SMT1WIN         equ	1181	;# 
  3080     050C                     SMT2TMR         equ	1292	;# 
  3081     050C                     SMT2TMRL        equ	1292	;# 
  3082     050D                     SMT2TMRH        equ	1293	;# 
  3083     050E                     SMT2TMRU        equ	1294	;# 
  3084     050F                     SMT2CPR         equ	1295	;# 
  3085     050F                     SMT2CPRL        equ	1295	;# 
  3086     0510                     SMT2CPRH        equ	1296	;# 
  3087     0511                     SMT2CPRU        equ	1297	;# 
  3088     0512                     SMT2CPW         equ	1298	;# 
  3089     0512                     SMT2CPWL        equ	1298	;# 
  3090     0513                     SMT2CPWH        equ	1299	;# 
  3091     0514                     SMT2CPWU        equ	1300	;# 
  3092     0515                     SMT2PR          equ	1301	;# 
  3093     0515                     SMT2PRL         equ	1301	;# 
  3094     0516                     SMT2PRH         equ	1302	;# 
  3095     0517                     SMT2PRU         equ	1303	;# 
  3096     0518                     SMT2CON0        equ	1304	;# 
  3097     0519                     SMT2CON1        equ	1305	;# 
  3098     051A                     SMT2STAT        equ	1306	;# 
  3099     051B                     SMT2CLK         equ	1307	;# 
  3100     051C                     SMT2SIG         equ	1308	;# 
  3101     051D                     SMT2WIN         equ	1309	;# 
  3102     058C                     NCO1ACC         equ	1420	;# 
  3103     058C                     NCO1ACCL        equ	1420	;# 
  3104     058D                     NCO1ACCH        equ	1421	;# 
  3105     058E                     NCO1ACCU        equ	1422	;# 
  3106     058F                     NCO1INC         equ	1423	;# 
  3107     058F                     NCO1INCL        equ	1423	;# 
  3108     0590                     NCO1INCH        equ	1424	;# 
  3109     0591                     NCO1INCU        equ	1425	;# 
  3110     0592                     NCO1CON         equ	1426	;# 
  3111     0593                     NCO1CLK         equ	1427	;# 
  3112     060C                     CWG1CLKCON      equ	1548	;# 
  3113     060D                     CWG1ISM         equ	1549	;# 
  3114     060E                     CWG1DBR         equ	1550	;# 
  3115     060F                     CWG1DBF         equ	1551	;# 
  3116     0610                     CWG1CON0        equ	1552	;# 
  3117     0611                     CWG1CON1        equ	1553	;# 
  3118     0612                     CWG1AS0         equ	1554	;# 
  3119     0613                     CWG1AS1         equ	1555	;# 
  3120     0614                     CWG1STR         equ	1556	;# 
  3121     0616                     CWG2CLKCON      equ	1558	;# 
  3122     0617                     CWG2ISM         equ	1559	;# 
  3123     0618                     CWG2DBR         equ	1560	;# 
  3124     0619                     CWG2DBF         equ	1561	;# 
  3125     061A                     CWG2CON0        equ	1562	;# 
  3126     061B                     CWG2CON1        equ	1563	;# 
  3127     061C                     CWG2AS0         equ	1564	;# 
  3128     061D                     CWG2AS1         equ	1565	;# 
  3129     061E                     CWG2STR         equ	1566	;# 
  3130     068C                     CWG3CLKCON      equ	1676	;# 
  3131     068D                     CWG3ISM         equ	1677	;# 
  3132     068E                     CWG3DBR         equ	1678	;# 
  3133     068F                     CWG3DBF         equ	1679	;# 
  3134     0690                     CWG3CON0        equ	1680	;# 
  3135     0691                     CWG3CON1        equ	1681	;# 
  3136     0692                     CWG3AS0         equ	1682	;# 
  3137     0693                     CWG3AS1         equ	1683	;# 
  3138     0694                     CWG3STR         equ	1684	;# 
  3139     070C                     PIR0            equ	1804	;# 
  3140     070D                     PIR1            equ	1805	;# 
  3141     070E                     PIR2            equ	1806	;# 
  3142     070F                     PIR3            equ	1807	;# 
  3143     0710                     PIR4            equ	1808	;# 
  3144     0711                     PIR5            equ	1809	;# 
  3145     0712                     PIR6            equ	1810	;# 
  3146     0713                     PIR7            equ	1811	;# 
  3147     0714                     PIR8            equ	1812	;# 
  3148     0716                     PIE0            equ	1814	;# 
  3149     0717                     PIE1            equ	1815	;# 
  3150     0718                     PIE2            equ	1816	;# 
  3151     0719                     PIE3            equ	1817	;# 
  3152     071A                     PIE4            equ	1818	;# 
  3153     071B                     PIE5            equ	1819	;# 
  3154     071C                     PIE6            equ	1820	;# 
  3155     071D                     PIE7            equ	1821	;# 
  3156     071E                     PIE8            equ	1822	;# 
  3157     0796                     PMD0            equ	1942	;# 
  3158     0797                     PMD1            equ	1943	;# 
  3159     0798                     PMD2            equ	1944	;# 
  3160     0799                     PMD3            equ	1945	;# 
  3161     079A                     PMD4            equ	1946	;# 
  3162     079B                     PMD5            equ	1947	;# 
  3163     080C                     WDTCON0         equ	2060	;# 
  3164     080D                     WDTCON1         equ	2061	;# 
  3165     080E                     WDTPSL          equ	2062	;# 
  3166     080F                     WDTPSH          equ	2063	;# 
  3167     0810                     WDTTMR          equ	2064	;# 
  3168     0811                     BORCON          equ	2065	;# 
  3169     0812                     VREGCON         equ	2066	;# 
  3170     0813                     PCON0           equ	2067	;# 
  3171     0814                     CCDCON          equ	2068	;# 
  3172     081A                     NVMADRL         equ	2074	;# 
  3173     081B                     NVMADRH         equ	2075	;# 
  3174     081C                     NVMDATL         equ	2076	;# 
  3175     081D                     NVMDATH         equ	2077	;# 
  3176     081E                     NVMCON1         equ	2078	;# 
  3177     081F                     NVMCON2         equ	2079	;# 
  3178     088C                     CPUDOZE         equ	2188	;# 
  3179     088D                     OSCCON1         equ	2189	;# 
  3180     088E                     OSCCON2         equ	2190	;# 
  3181     088F                     OSCCON3         equ	2191	;# 
  3182     0890                     OSCSTAT         equ	2192	;# 
  3183     0891                     OSCEN           equ	2193	;# 
  3184     0892                     OSCTUNE         equ	2194	;# 
  3185     0893                     OSCFRQ          equ	2195	;# 
  3186     0895                     CLKRCON         equ	2197	;# 
  3187     0896                     CLKRCLK         equ	2198	;# 
  3188     0897                     MDCON0          equ	2199	;# 
  3189     0898                     MDCON1          equ	2200	;# 
  3190     0899                     MDSRC           equ	2201	;# 
  3191     089A                     MDCARL          equ	2202	;# 
  3192     089B                     MDCARH          equ	2203	;# 
  3193     090C                     FVRCON          equ	2316	;# 
  3194     090E                     DAC1CON0        equ	2318	;# 
  3195     090F                     DAC1CON1        equ	2319	;# 
  3196     091F                     ZCD1CON         equ	2335	;# 
  3197     091F                     ZCDCON          equ	2335	;# 
  3198     098F                     CMOUT           equ	2447	;# 
  3199     098F                     CMSTAT          equ	2447	;# 
  3200     0990                     CM1CON0         equ	2448	;# 
  3201     0991                     CM1CON1         equ	2449	;# 
  3202     0992                     CM1NSEL         equ	2450	;# 
  3203     0993                     CM1PSEL         equ	2451	;# 
  3204     0994                     CM2CON0         equ	2452	;# 
  3205     0995                     CM2CON1         equ	2453	;# 
  3206     0996                     CM2NSEL         equ	2454	;# 
  3207     0997                     CM2PSEL         equ	2455	;# 
  3208     0E0F                     CLCDATA         equ	3599	;# 
  3209     0E10                     CLC1CON         equ	3600	;# 
  3210     0E11                     CLC1POL         equ	3601	;# 
  3211     0E12                     CLC1SEL0        equ	3602	;# 
  3212     0E13                     CLC1SEL1        equ	3603	;# 
  3213     0E14                     CLC1SEL2        equ	3604	;# 
  3214     0E15                     CLC1SEL3        equ	3605	;# 
  3215     0E16                     CLC1GLS0        equ	3606	;# 
  3216     0E17                     CLC1GLS1        equ	3607	;# 
  3217     0E18                     CLC1GLS2        equ	3608	;# 
  3218     0E19                     CLC1GLS3        equ	3609	;# 
  3219     0E1A                     CLC2CON         equ	3610	;# 
  3220     0E1B                     CLC2POL         equ	3611	;# 
  3221     0E1C                     CLC2SEL0        equ	3612	;# 
  3222     0E1D                     CLC2SEL1        equ	3613	;# 
  3223     0E1E                     CLC2SEL2        equ	3614	;# 
  3224     0E1F                     CLC2SEL3        equ	3615	;# 
  3225     0E20                     CLC2GLS0        equ	3616	;# 
  3226     0E21                     CLC2GLS1        equ	3617	;# 
  3227     0E22                     CLC2GLS2        equ	3618	;# 
  3228     0E23                     CLC2GLS3        equ	3619	;# 
  3229     0E24                     CLC3CON         equ	3620	;# 
  3230     0E25                     CLC3POL         equ	3621	;# 
  3231     0E26                     CLC3SEL0        equ	3622	;# 
  3232     0E27                     CLC3SEL1        equ	3623	;# 
  3233     0E28                     CLC3SEL2        equ	3624	;# 
  3234     0E29                     CLC3SEL3        equ	3625	;# 
  3235     0E2A                     CLC3GLS0        equ	3626	;# 
  3236     0E2B                     CLC3GLS1        equ	3627	;# 
  3237     0E2C                     CLC3GLS2        equ	3628	;# 
  3238     0E2D                     CLC3GLS3        equ	3629	;# 
  3239     0E2E                     CLC4CON         equ	3630	;# 
  3240     0E2F                     CLC4POL         equ	3631	;# 
  3241     0E30                     CLC4SEL0        equ	3632	;# 
  3242     0E31                     CLC4SEL1        equ	3633	;# 
  3243     0E32                     CLC4SEL2        equ	3634	;# 
  3244     0E33                     CLC4SEL3        equ	3635	;# 
  3245     0E34                     CLC4GLS0        equ	3636	;# 
  3246     0E35                     CLC4GLS1        equ	3637	;# 
  3247     0E36                     CLC4GLS2        equ	3638	;# 
  3248     0E37                     CLC4GLS3        equ	3639	;# 
  3249     0E8F                     PPSLOCK         equ	3727	;# 
  3250     0E90                     INTPPS          equ	3728	;# 
  3251     0E91                     T0CKIPPS        equ	3729	;# 
  3252     0E92                     T1CKIPPS        equ	3730	;# 
  3253     0E93                     T1GPPS          equ	3731	;# 
  3254     0E94                     T3CKIPPS        equ	3732	;# 
  3255     0E95                     T3GPPS          equ	3733	;# 
  3256     0E96                     T5CKIPPS        equ	3734	;# 
  3257     0E97                     T5GPPS          equ	3735	;# 
  3258     0E9C                     T2AINPPS        equ	3740	;# 
  3259     0E9D                     T4AINPPS        equ	3741	;# 
  3260     0E9E                     T6AINPPS        equ	3742	;# 
  3261     0EA1                     CCP1PPS         equ	3745	;# 
  3262     0EA2                     CCP2PPS         equ	3746	;# 
  3263     0EA3                     CCP3PPS         equ	3747	;# 
  3264     0EA4                     CCP4PPS         equ	3748	;# 
  3265     0EA5                     CCP5PPS         equ	3749	;# 
  3266     0EA9                     SMT1WINPPS      equ	3753	;# 
  3267     0EAA                     SMT1SIGPPS      equ	3754	;# 
  3268     0EAB                     SMT2WINPPS      equ	3755	;# 
  3269     0EAC                     SMT2SIGPPS      equ	3756	;# 
  3270     0EB1                     CWG1PPS         equ	3761	;# 
  3271     0EB2                     CWG2PPS         equ	3762	;# 
  3272     0EB3                     CWG3PPS         equ	3763	;# 
  3273     0EB8                     MDCARLPPS       equ	3768	;# 
  3274     0EB9                     MDCARHPPS       equ	3769	;# 
  3275     0EBA                     MDSRCPPS        equ	3770	;# 
  3276     0EBB                     CLCIN0PPS       equ	3771	;# 
  3277     0EBC                     CLCIN1PPS       equ	3772	;# 
  3278     0EBD                     CLCIN2PPS       equ	3773	;# 
  3279     0EBE                     CLCIN3PPS       equ	3774	;# 
  3280     0EC3                     ADCACTPPS       equ	3779	;# 
  3281     0EC5                     SSP1CLKPPS      equ	3781	;# 
  3282     0EC6                     SSP1DATPPS      equ	3782	;# 
  3283     0EC7                     SSP1SSPPS       equ	3783	;# 
  3284     0EC8                     SSP2CLKPPS      equ	3784	;# 
  3285     0EC9                     SSP2DATPPS      equ	3785	;# 
  3286     0ECA                     SSP2SSPPS       equ	3786	;# 
  3287     0ECB                     RXPPS           equ	3787	;# 
  3288     0ECC                     TXPPS           equ	3788	;# 
  3289     0F10                     RA0PPS          equ	3856	;# 
  3290     0F11                     RA1PPS          equ	3857	;# 
  3291     0F12                     RA2PPS          equ	3858	;# 
  3292     0F13                     RA3PPS          equ	3859	;# 
  3293     0F14                     RA4PPS          equ	3860	;# 
  3294     0F15                     RA5PPS          equ	3861	;# 
  3295     0F16                     RA6PPS          equ	3862	;# 
  3296     0F17                     RA7PPS          equ	3863	;# 
  3297     0F18                     RB0PPS          equ	3864	;# 
  3298     0F19                     RB1PPS          equ	3865	;# 
  3299     0F1A                     RB2PPS          equ	3866	;# 
  3300     0F1B                     RB3PPS          equ	3867	;# 
  3301     0F1C                     RB4PPS          equ	3868	;# 
  3302     0F1D                     RB5PPS          equ	3869	;# 
  3303     0F1E                     RB6PPS          equ	3870	;# 
  3304     0F1F                     RB7PPS          equ	3871	;# 
  3305     0F20                     RC0PPS          equ	3872	;# 
  3306     0F21                     RC1PPS          equ	3873	;# 
  3307     0F22                     RC2PPS          equ	3874	;# 
  3308     0F23                     RC3PPS          equ	3875	;# 
  3309     0F24                     RC4PPS          equ	3876	;# 
  3310     0F25                     RC5PPS          equ	3877	;# 
  3311     0F26                     RC6PPS          equ	3878	;# 
  3312     0F27                     RC7PPS          equ	3879	;# 
  3313     0F28                     RD0PPS          equ	3880	;# 
  3314     0F29                     RD1PPS          equ	3881	;# 
  3315     0F2A                     RD2PPS          equ	3882	;# 
  3316     0F2B                     RD3PPS          equ	3883	;# 
  3317     0F2C                     RD4PPS          equ	3884	;# 
  3318     0F2D                     RD5PPS          equ	3885	;# 
  3319     0F2E                     RD6PPS          equ	3886	;# 
  3320     0F2F                     RD7PPS          equ	3887	;# 
  3321     0F30                     RE0PPS          equ	3888	;# 
  3322     0F31                     RE1PPS          equ	3889	;# 
  3323     0F32                     RE2PPS          equ	3890	;# 
  3324     0F38                     ANSELA          equ	3896	;# 
  3325     0F39                     WPUA            equ	3897	;# 
  3326     0F3A                     ODCONA          equ	3898	;# 
  3327     0F3B                     SLRCONA         equ	3899	;# 
  3328     0F3C                     INLVLA          equ	3900	;# 
  3329     0F3D                     IOCAP           equ	3901	;# 
  3330     0F3E                     IOCAN           equ	3902	;# 
  3331     0F3F                     IOCAF           equ	3903	;# 
  3332     0F40                     CCDNA           equ	3904	;# 
  3333     0F41                     CCDPA           equ	3905	;# 
  3334     0F43                     ANSELB          equ	3907	;# 
  3335     0F44                     WPUB            equ	3908	;# 
  3336     0F45                     ODCONB          equ	3909	;# 
  3337     0F46                     SLRCONB         equ	3910	;# 
  3338     0F47                     INLVLB          equ	3911	;# 
  3339     0F48                     IOCBP           equ	3912	;# 
  3340     0F49                     IOCBN           equ	3913	;# 
  3341     0F4A                     IOCBF           equ	3914	;# 
  3342     0F4B                     CCDNB           equ	3915	;# 
  3343     0F4C                     CCDPB           equ	3916	;# 
  3344     0F4E                     ANSELC          equ	3918	;# 
  3345     0F4F                     WPUC            equ	3919	;# 
  3346     0F50                     ODCONC          equ	3920	;# 
  3347     0F51                     SLRCONC         equ	3921	;# 
  3348     0F52                     INLVLC          equ	3922	;# 
  3349     0F53                     IOCCP           equ	3923	;# 
  3350     0F54                     IOCCN           equ	3924	;# 
  3351     0F55                     IOCCF           equ	3925	;# 
  3352     0F56                     CCDNC           equ	3926	;# 
  3353     0F57                     CCDPC           equ	3927	;# 
  3354     0F59                     ANSELD          equ	3929	;# 
  3355     0F5A                     WPUD            equ	3930	;# 
  3356     0F5B                     ODCOND          equ	3931	;# 
  3357     0F5C                     SLRCOND         equ	3932	;# 
  3358     0F5D                     INLVLD          equ	3933	;# 
  3359     0F61                     CCDND           equ	3937	;# 
  3360     0F62                     CCDPD           equ	3938	;# 
  3361     0F64                     ANSELE          equ	3940	;# 
  3362     0F65                     WPUE            equ	3941	;# 
  3363     0F66                     ODCONE          equ	3942	;# 
  3364     0F67                     SLRCONE         equ	3943	;# 
  3365     0F68                     INLVLE          equ	3944	;# 
  3366     0F69                     IOCEP           equ	3945	;# 
  3367     0F6A                     IOCEN           equ	3946	;# 
  3368     0F6B                     IOCEF           equ	3947	;# 
  3369     0F6C                     CCDNE           equ	3948	;# 
  3370     0F6D                     CCDPE           equ	3949	;# 
  3371     0FE4                     STATUS_SHAD     equ	4068	;# 
  3372     0FE5                     WREG_SHAD       equ	4069	;# 
  3373     0FE6                     BSR_SHAD        equ	4070	;# 
  3374     0FE7                     PCLATH_SHAD     equ	4071	;# 
  3375     0FE8                     FSR0L_SHAD      equ	4072	;# 
  3376     0FE9                     FSR0H_SHAD      equ	4073	;# 
  3377     0FEA                     FSR1L_SHAD      equ	4074	;# 
  3378     0FEB                     FSR1H_SHAD      equ	4075	;# 
  3379     0FED                     STKPTR          equ	4077	;# 
  3380     0FEE                     TOSL            equ	4078	;# 
  3381     0FEF                     TOSH            equ	4079	;# 
  3382     0000                     INDF0           equ	0	;# 
  3383     0001                     INDF1           equ	1	;# 
  3384     0002                     PCL             equ	2	;# 
  3385     0003                     STATUS          equ	3	;# 
  3386     0004                     FSR0L           equ	4	;# 
  3387     0005                     FSR0H           equ	5	;# 
  3388     0006                     FSR1L           equ	6	;# 
  3389     0007                     FSR1H           equ	7	;# 
  3390     0008                     BSR             equ	8	;# 
  3391     0009                     WREG            equ	9	;# 
  3392     000A                     PCLATH          equ	10	;# 
  3393     000B                     INTCON          equ	11	;# 
  3394     000C                     PORTA           equ	12	;# 
  3395     000D                     PORTB           equ	13	;# 
  3396     000E                     PORTC           equ	14	;# 
  3397     000F                     PORTD           equ	15	;# 
  3398     0010                     PORTE           equ	16	;# 
  3399     0011                     TRISA           equ	17	;# 
  3400     0012                     TRISB           equ	18	;# 
  3401     0013                     TRISC           equ	19	;# 
  3402     0014                     TRISD           equ	20	;# 
  3403     0015                     TRISE           equ	21	;# 
  3404     0016                     LATA            equ	22	;# 
  3405     0017                     LATB            equ	23	;# 
  3406     0018                     LATC            equ	24	;# 
  3407     0019                     LATD            equ	25	;# 
  3408     001A                     LATE            equ	26	;# 
  3409     001C                     TMR0L           equ	28	;# 
  3410     001C                     TMR0            equ	28	;# 
  3411     001D                     TMR0H           equ	29	;# 
  3412     001D                     PR0             equ	29	;# 
  3413     001E                     T0CON0          equ	30	;# 
  3414     001F                     T0CON1          equ	31	;# 
  3415     008C                     ADRES           equ	140	;# 
  3416     008C                     ADRESL          equ	140	;# 
  3417     008D                     ADRESH          equ	141	;# 
  3418     008E                     ADPREV          equ	142	;# 
  3419     008E                     ADPREVL         equ	142	;# 
  3420     008F                     ADPREVH         equ	143	;# 
  3421     0090                     ADACC           equ	144	;# 
  3422     0090                     ADACCL          equ	144	;# 
  3423     0091                     ADACCH          equ	145	;# 
  3424     0093                     ADCON0          equ	147	;# 
  3425     0094                     ADCON1          equ	148	;# 
  3426     0095                     ADCON2          equ	149	;# 
  3427     0096                     ADCON3          equ	150	;# 
  3428     0097                     ADSTAT          equ	151	;# 
  3429     0098                     ADCLK           equ	152	;# 
  3430     0099                     ADACT           equ	153	;# 
  3431     009A                     ADREF           equ	154	;# 
  3432     009B                     ADCAP           equ	155	;# 
  3433     009C                     ADPRE           equ	156	;# 
  3434     009D                     ADACQ           equ	157	;# 
  3435     009E                     ADPCH           equ	158	;# 
  3436     010C                     ADCNT           equ	268	;# 
  3437     010D                     ADRPT           equ	269	;# 
  3438     010E                     ADLTH           equ	270	;# 
  3439     010E                     ADLTHL          equ	270	;# 
  3440     010F                     ADLTHH          equ	271	;# 
  3441     0110                     ADUTH           equ	272	;# 
  3442     0110                     ADUTHL          equ	272	;# 
  3443     0111                     ADUTHH          equ	273	;# 
  3444     0112                     ADSTPT          equ	274	;# 
  3445     0112                     ADSTPTL         equ	274	;# 
  3446     0113                     ADSTPTH         equ	275	;# 
  3447     0114                     ADFLTR          equ	276	;# 
  3448     0114                     ADFLTRL         equ	276	;# 
  3449     0115                     ADFLTRH         equ	277	;# 
  3450     0116                     ADERR           equ	278	;# 
  3451     0116                     ADERRL          equ	278	;# 
  3452     0117                     ADERRH          equ	279	;# 
  3453     0119                     RC1REG          equ	281	;# 
  3454     0119                     RCREG           equ	281	;# 
  3455     0119                     RCREG1          equ	281	;# 
  3456     011A                     TX1REG          equ	282	;# 
  3457     011A                     TXREG1          equ	282	;# 
  3458     011A                     TXREG           equ	282	;# 
  3459     011B                     SP1BRG          equ	283	;# 
  3460     011B                     SP1BRGL         equ	283	;# 
  3461     011B                     SPBRG           equ	283	;# 
  3462     011B                     SPBRG1          equ	283	;# 
  3463     011B                     SPBRGL          equ	283	;# 
  3464     011C                     SP1BRGH         equ	284	;# 
  3465     011C                     SPBRGH          equ	284	;# 
  3466     011C                     SPBRGH1         equ	284	;# 
  3467     011D                     RC1STA          equ	285	;# 
  3468     011D                     RCSTA1          equ	285	;# 
  3469     011D                     RCSTA           equ	285	;# 
  3470     011E                     TX1STA          equ	286	;# 
  3471     011E                     TXSTA1          equ	286	;# 
  3472     011E                     TXSTA           equ	286	;# 
  3473     011F                     BAUD1CON        equ	287	;# 
  3474     011F                     BAUDCON1        equ	287	;# 
  3475     011F                     BAUDCTL1        equ	287	;# 
  3476     011F                     BAUDCON         equ	287	;# 
  3477     011F                     BAUDCTL         equ	287	;# 
  3478     018C                     SSP1BUF         equ	396	;# 
  3479     018D                     SSP1ADD         equ	397	;# 
  3480     018E                     SSP1MSK         equ	398	;# 
  3481     018F                     SSP1STAT        equ	399	;# 
  3482     0190                     SSP1CON1        equ	400	;# 
  3483     0191                     SSP1CON2        equ	401	;# 
  3484     0192                     SSP1CON3        equ	402	;# 
  3485     0196                     SSP2BUF         equ	406	;# 
  3486     0197                     SSP2ADD         equ	407	;# 
  3487     0198                     SSP2MSK         equ	408	;# 
  3488     0199                     SSP2STAT        equ	409	;# 
  3489     019A                     SSP2CON1        equ	410	;# 
  3490     019B                     SSP2CON2        equ	411	;# 
  3491     019C                     SSP2CON3        equ	412	;# 
  3492     020C                     TMR1            equ	524	;# 
  3493     020C                     TMR1L           equ	524	;# 
  3494     020D                     TMR1H           equ	525	;# 
  3495     020E                     T1CON           equ	526	;# 
  3496     020F                     T1GCON          equ	527	;# 
  3497     020F                     PR1             equ	527	;# 
  3498     0210                     T1GATE          equ	528	;# 
  3499     0210                     TMR1GATE        equ	528	;# 
  3500     0211                     T1CLK           equ	529	;# 
  3501     0211                     TMR1CLK         equ	529	;# 
  3502     0212                     TMR3            equ	530	;# 
  3503     0212                     TMR3L           equ	530	;# 
  3504     0213                     TMR3H           equ	531	;# 
  3505     0214                     T3CON           equ	532	;# 
  3506     0215                     T3GCON          equ	533	;# 
  3507     0215                     PR3             equ	533	;# 
  3508     0216                     T3GATE          equ	534	;# 
  3509     0216                     TMR3GATE        equ	534	;# 
  3510     0217                     T3CLK           equ	535	;# 
  3511     0217                     TMR3CLK         equ	535	;# 
  3512     0218                     TMR5            equ	536	;# 
  3513     0218                     TMR5L           equ	536	;# 
  3514     0219                     TMR5H           equ	537	;# 
  3515     021A                     T5CON           equ	538	;# 
  3516     021B                     T5GCON          equ	539	;# 
  3517     021B                     PR5             equ	539	;# 
  3518     021C                     T5GATE          equ	540	;# 
  3519     021C                     TMR5GATE        equ	540	;# 
  3520     021D                     T5CLK           equ	541	;# 
  3521     021D                     TMR5CLK         equ	541	;# 
  3522     021E                     CCPTMRS0        equ	542	;# 
  3523     021F                     CCPTMRS1        equ	543	;# 
  3524     028C                     T2TMR           equ	652	;# 
  3525     028C                     TMR2            equ	652	;# 
  3526     028D                     T2PR            equ	653	;# 
  3527     028D                     PR2             equ	653	;# 
  3528     028E                     T2CON           equ	654	;# 
  3529     028F                     T2HLT           equ	655	;# 
  3530     0290                     T2CLKCON        equ	656	;# 
  3531     0290                     T2CLK           equ	656	;# 
  3532     0291                     T2RST           equ	657	;# 
  3533     0292                     T4TMR           equ	658	;# 
  3534     0292                     TMR4            equ	658	;# 
  3535     0293                     T4PR            equ	659	;# 
  3536     0293                     PR4             equ	659	;# 
  3537     0294                     T4CON           equ	660	;# 
  3538     0295                     T4HLT           equ	661	;# 
  3539     0296                     T4CLKCON        equ	662	;# 
  3540     0296                     T4CLK           equ	662	;# 
  3541     0297                     T4RST           equ	663	;# 
  3542     0298                     T6TMR           equ	664	;# 
  3543     0298                     TMR6            equ	664	;# 
  3544     0299                     T6PR            equ	665	;# 
  3545     0299                     PR6             equ	665	;# 
  3546     029A                     T6CON           equ	666	;# 
  3547     029B                     T6HLT           equ	667	;# 
  3548     029C                     T6CLKCON        equ	668	;# 
  3549     029C                     T6CLK           equ	668	;# 
  3550     029D                     T6RST           equ	669	;# 
  3551     030C                     CCPR1           equ	780	;# 
  3552     030C                     CCPR1L          equ	780	;# 
  3553     030D                     CCPR1H          equ	781	;# 
  3554     030E                     CCP1CON         equ	782	;# 
  3555     030F                     CCP1CAP         equ	783	;# 
  3556     0310                     CCPR2           equ	784	;# 
  3557     0310                     CCPR2L          equ	784	;# 
  3558     0311                     CCPR2H          equ	785	;# 
  3559     0312                     CCP2CON         equ	786	;# 
  3560     0313                     CCP2CAP         equ	787	;# 
  3561     0314                     CCPR3           equ	788	;# 
  3562     0314                     CCPR3L          equ	788	;# 
  3563     0315                     CCPR3H          equ	789	;# 
  3564     0316                     CCP3CON         equ	790	;# 
  3565     0317                     CCP3CAP         equ	791	;# 
  3566     0318                     CCPR4           equ	792	;# 
  3567     0318                     CCPR4L          equ	792	;# 
  3568     0319                     CCPR4H          equ	793	;# 
  3569     031A                     CCP4CON         equ	794	;# 
  3570     031B                     CCP4CAP         equ	795	;# 
  3571     031C                     CCPR5           equ	796	;# 
  3572     031C                     CCPR5L          equ	796	;# 
  3573     031D                     CCPR5H          equ	797	;# 
  3574     031E                     CCP5CON         equ	798	;# 
  3575     031F                     CCP5CAP         equ	799	;# 
  3576     038C                     PWM6DC          equ	908	;# 
  3577     038C                     PWM6DCL         equ	908	;# 
  3578     038D                     PWM6DCH         equ	909	;# 
  3579     038E                     PWM6CON         equ	910	;# 
  3580     0390                     PWM7DC          equ	912	;# 
  3581     0390                     PWM7DCL         equ	912	;# 
  3582     0391                     PWM7DCH         equ	913	;# 
  3583     0392                     PWM7CON         equ	914	;# 
  3584     040C                     SCANLADRL       equ	1036	;# 
  3585     040D                     SCANLADRH       equ	1037	;# 
  3586     040E                     SCANHADRL       equ	1038	;# 
  3587     040F                     SCANHADRH       equ	1039	;# 
  3588     0410                     SCANCON0        equ	1040	;# 
  3589     0411                     SCANTRIG        equ	1041	;# 
  3590     0416                     CRCDATA         equ	1046	;# 
  3591     0416                     CRCDATL         equ	1046	;# 
  3592     0417                     CRCDATH         equ	1047	;# 
  3593     0418                     CRCACC          equ	1048	;# 
  3594     0418                     CRCACCL         equ	1048	;# 
  3595     0419                     CRCACCH         equ	1049	;# 
  3596     041A                     CRCSHFT         equ	1050	;# 
  3597     041A                     CRCSHIFTL       equ	1050	;# 
  3598     041B                     CRCSHIFTH       equ	1051	;# 
  3599     041C                     CRCXOR          equ	1052	;# 
  3600     041C                     CRCXORL         equ	1052	;# 
  3601     041D                     CRCXORH         equ	1053	;# 
  3602     041E                     CRCCON0         equ	1054	;# 
  3603     041F                     CRCCON1         equ	1055	;# 
  3604     048C                     SMT1TMR         equ	1164	;# 
  3605     048C                     SMT1TMRL        equ	1164	;# 
  3606     048D                     SMT1TMRH        equ	1165	;# 
  3607     048E                     SMT1TMRU        equ	1166	;# 
  3608     048F                     SMT1CPR         equ	1167	;# 
  3609     048F                     SMT1CPRL        equ	1167	;# 
  3610     0490                     SMT1CPRH        equ	1168	;# 
  3611     0491                     SMT1CPRU        equ	1169	;# 
  3612     0492                     SMT1CPW         equ	1170	;# 
  3613     0492                     SMT1CPWL        equ	1170	;# 
  3614     0493                     SMT1CPWH        equ	1171	;# 
  3615     0494                     SMT1CPWU        equ	1172	;# 
  3616     0495                     SMT1PR          equ	1173	;# 
  3617     0495                     SMT1PRL         equ	1173	;# 
  3618     0496                     SMT1PRH         equ	1174	;# 
  3619     0497                     SMT1PRU         equ	1175	;# 
  3620     0498                     SMT1CON0        equ	1176	;# 
  3621     0499                     SMT1CON1        equ	1177	;# 
  3622     049A                     SMT1STAT        equ	1178	;# 
  3623     049B                     SMT1CLK         equ	1179	;# 
  3624     049C                     SMT1SIG         equ	1180	;# 
  3625     049D                     SMT1WIN         equ	1181	;# 
  3626     050C                     SMT2TMR         equ	1292	;# 
  3627     050C                     SMT2TMRL        equ	1292	;# 
  3628     050D                     SMT2TMRH        equ	1293	;# 
  3629     050E                     SMT2TMRU        equ	1294	;# 
  3630     050F                     SMT2CPR         equ	1295	;# 
  3631     050F                     SMT2CPRL        equ	1295	;# 
  3632     0510                     SMT2CPRH        equ	1296	;# 
  3633     0511                     SMT2CPRU        equ	1297	;# 
  3634     0512                     SMT2CPW         equ	1298	;# 
  3635     0512                     SMT2CPWL        equ	1298	;# 
  3636     0513                     SMT2CPWH        equ	1299	;# 
  3637     0514                     SMT2CPWU        equ	1300	;# 
  3638     0515                     SMT2PR          equ	1301	;# 
  3639     0515                     SMT2PRL         equ	1301	;# 
  3640     0516                     SMT2PRH         equ	1302	;# 
  3641     0517                     SMT2PRU         equ	1303	;# 
  3642     0518                     SMT2CON0        equ	1304	;# 
  3643     0519                     SMT2CON1        equ	1305	;# 
  3644     051A                     SMT2STAT        equ	1306	;# 
  3645     051B                     SMT2CLK         equ	1307	;# 
  3646     051C                     SMT2SIG         equ	1308	;# 
  3647     051D                     SMT2WIN         equ	1309	;# 
  3648     058C                     NCO1ACC         equ	1420	;# 
  3649     058C                     NCO1ACCL        equ	1420	;# 
  3650     058D                     NCO1ACCH        equ	1421	;# 
  3651     058E                     NCO1ACCU        equ	1422	;# 
  3652     058F                     NCO1INC         equ	1423	;# 
  3653     058F                     NCO1INCL        equ	1423	;# 
  3654     0590                     NCO1INCH        equ	1424	;# 
  3655     0591                     NCO1INCU        equ	1425	;# 
  3656     0592                     NCO1CON         equ	1426	;# 
  3657     0593                     NCO1CLK         equ	1427	;# 
  3658     060C                     CWG1CLKCON      equ	1548	;# 
  3659     060D                     CWG1ISM         equ	1549	;# 
  3660     060E                     CWG1DBR         equ	1550	;# 
  3661     060F                     CWG1DBF         equ	1551	;# 
  3662     0610                     CWG1CON0        equ	1552	;# 
  3663     0611                     CWG1CON1        equ	1553	;# 
  3664     0612                     CWG1AS0         equ	1554	;# 
  3665     0613                     CWG1AS1         equ	1555	;# 
  3666     0614                     CWG1STR         equ	1556	;# 
  3667     0616                     CWG2CLKCON      equ	1558	;# 
  3668     0617                     CWG2ISM         equ	1559	;# 
  3669     0618                     CWG2DBR         equ	1560	;# 
  3670     0619                     CWG2DBF         equ	1561	;# 
  3671     061A                     CWG2CON0        equ	1562	;# 
  3672     061B                     CWG2CON1        equ	1563	;# 
  3673     061C                     CWG2AS0         equ	1564	;# 
  3674     061D                     CWG2AS1         equ	1565	;# 
  3675     061E                     CWG2STR         equ	1566	;# 
  3676     068C                     CWG3CLKCON      equ	1676	;# 
  3677     068D                     CWG3ISM         equ	1677	;# 
  3678     068E                     CWG3DBR         equ	1678	;# 
  3679     068F                     CWG3DBF         equ	1679	;# 
  3680     0690                     CWG3CON0        equ	1680	;# 
  3681     0691                     CWG3CON1        equ	1681	;# 
  3682     0692                     CWG3AS0         equ	1682	;# 
  3683     0693                     CWG3AS1         equ	1683	;# 
  3684     0694                     CWG3STR         equ	1684	;# 
  3685     070C                     PIR0            equ	1804	;# 
  3686     070D                     PIR1            equ	1805	;# 
  3687     070E                     PIR2            equ	1806	;# 
  3688     070F                     PIR3            equ	1807	;# 
  3689     0710                     PIR4            equ	1808	;# 
  3690     0711                     PIR5            equ	1809	;# 
  3691     0712                     PIR6            equ	1810	;# 
  3692     0713                     PIR7            equ	1811	;# 
  3693     0714                     PIR8            equ	1812	;# 
  3694     0716                     PIE0            equ	1814	;# 
  3695     0717                     PIE1            equ	1815	;# 
  3696     0718                     PIE2            equ	1816	;# 
  3697     0719                     PIE3            equ	1817	;# 
  3698     071A                     PIE4            equ	1818	;# 
  3699     071B                     PIE5            equ	1819	;# 
  3700     071C                     PIE6            equ	1820	;# 
  3701     071D                     PIE7            equ	1821	;# 
  3702     071E                     PIE8            equ	1822	;# 
  3703     0796                     PMD0            equ	1942	;# 
  3704     0797                     PMD1            equ	1943	;# 
  3705     0798                     PMD2            equ	1944	;# 
  3706     0799                     PMD3            equ	1945	;# 
  3707     079A                     PMD4            equ	1946	;# 
  3708     079B                     PMD5            equ	1947	;# 
  3709     080C                     WDTCON0         equ	2060	;# 
  3710     080D                     WDTCON1         equ	2061	;# 
  3711     080E                     WDTPSL          equ	2062	;# 
  3712     080F                     WDTPSH          equ	2063	;# 
  3713     0810                     WDTTMR          equ	2064	;# 
  3714     0811                     BORCON          equ	2065	;# 
  3715     0812                     VREGCON         equ	2066	;# 
  3716     0813                     PCON0           equ	2067	;# 
  3717     0814                     CCDCON          equ	2068	;# 
  3718     081A                     NVMADRL         equ	2074	;# 
  3719     081B                     NVMADRH         equ	2075	;# 
  3720     081C                     NVMDATL         equ	2076	;# 
  3721     081D                     NVMDATH         equ	2077	;# 
  3722     081E                     NVMCON1         equ	2078	;# 
  3723     081F                     NVMCON2         equ	2079	;# 
  3724     088C                     CPUDOZE         equ	2188	;# 
  3725     088D                     OSCCON1         equ	2189	;# 
  3726     088E                     OSCCON2         equ	2190	;# 
  3727     088F                     OSCCON3         equ	2191	;# 
  3728     0890                     OSCSTAT         equ	2192	;# 
  3729     0891                     OSCEN           equ	2193	;# 
  3730     0892                     OSCTUNE         equ	2194	;# 
  3731     0893                     OSCFRQ          equ	2195	;# 
  3732     0895                     CLKRCON         equ	2197	;# 
  3733     0896                     CLKRCLK         equ	2198	;# 
  3734     0897                     MDCON0          equ	2199	;# 
  3735     0898                     MDCON1          equ	2200	;# 
  3736     0899                     MDSRC           equ	2201	;# 
  3737     089A                     MDCARL          equ	2202	;# 
  3738     089B                     MDCARH          equ	2203	;# 
  3739     090C                     FVRCON          equ	2316	;# 
  3740     090E                     DAC1CON0        equ	2318	;# 
  3741     090F                     DAC1CON1        equ	2319	;# 
  3742     091F                     ZCD1CON         equ	2335	;# 
  3743     091F                     ZCDCON          equ	2335	;# 
  3744     098F                     CMOUT           equ	2447	;# 
  3745     098F                     CMSTAT          equ	2447	;# 
  3746     0990                     CM1CON0         equ	2448	;# 
  3747     0991                     CM1CON1         equ	2449	;# 
  3748     0992                     CM1NSEL         equ	2450	;# 
  3749     0993                     CM1PSEL         equ	2451	;# 
  3750     0994                     CM2CON0         equ	2452	;# 
  3751     0995                     CM2CON1         equ	2453	;# 
  3752     0996                     CM2NSEL         equ	2454	;# 
  3753     0997                     CM2PSEL         equ	2455	;# 
  3754     0E0F                     CLCDATA         equ	3599	;# 
  3755     0E10                     CLC1CON         equ	3600	;# 
  3756     0E11                     CLC1POL         equ	3601	;# 
  3757     0E12                     CLC1SEL0        equ	3602	;# 
  3758     0E13                     CLC1SEL1        equ	3603	;# 
  3759     0E14                     CLC1SEL2        equ	3604	;# 
  3760     0E15                     CLC1SEL3        equ	3605	;# 
  3761     0E16                     CLC1GLS0        equ	3606	;# 
  3762     0E17                     CLC1GLS1        equ	3607	;# 
  3763     0E18                     CLC1GLS2        equ	3608	;# 
  3764     0E19                     CLC1GLS3        equ	3609	;# 
  3765     0E1A                     CLC2CON         equ	3610	;# 
  3766     0E1B                     CLC2POL         equ	3611	;# 
  3767     0E1C                     CLC2SEL0        equ	3612	;# 
  3768     0E1D                     CLC2SEL1        equ	3613	;# 
  3769     0E1E                     CLC2SEL2        equ	3614	;# 
  3770     0E1F                     CLC2SEL3        equ	3615	;# 
  3771     0E20                     CLC2GLS0        equ	3616	;# 
  3772     0E21                     CLC2GLS1        equ	3617	;# 
  3773     0E22                     CLC2GLS2        equ	3618	;# 
  3774     0E23                     CLC2GLS3        equ	3619	;# 
  3775     0E24                     CLC3CON         equ	3620	;# 
  3776     0E25                     CLC3POL         equ	3621	;# 
  3777     0E26                     CLC3SEL0        equ	3622	;# 
  3778     0E27                     CLC3SEL1        equ	3623	;# 
  3779     0E28                     CLC3SEL2        equ	3624	;# 
  3780     0E29                     CLC3SEL3        equ	3625	;# 
  3781     0E2A                     CLC3GLS0        equ	3626	;# 
  3782     0E2B                     CLC3GLS1        equ	3627	;# 
  3783     0E2C                     CLC3GLS2        equ	3628	;# 
  3784     0E2D                     CLC3GLS3        equ	3629	;# 
  3785     0E2E                     CLC4CON         equ	3630	;# 
  3786     0E2F                     CLC4POL         equ	3631	;# 
  3787     0E30                     CLC4SEL0        equ	3632	;# 
  3788     0E31                     CLC4SEL1        equ	3633	;# 
  3789     0E32                     CLC4SEL2        equ	3634	;# 
  3790     0E33                     CLC4SEL3        equ	3635	;# 
  3791     0E34                     CLC4GLS0        equ	3636	;# 
  3792     0E35                     CLC4GLS1        equ	3637	;# 
  3793     0E36                     CLC4GLS2        equ	3638	;# 
  3794     0E37                     CLC4GLS3        equ	3639	;# 
  3795     0E8F                     PPSLOCK         equ	3727	;# 
  3796     0E90                     INTPPS          equ	3728	;# 
  3797     0E91                     T0CKIPPS        equ	3729	;# 
  3798     0E92                     T1CKIPPS        equ	3730	;# 
  3799     0E93                     T1GPPS          equ	3731	;# 
  3800     0E94                     T3CKIPPS        equ	3732	;# 
  3801     0E95                     T3GPPS          equ	3733	;# 
  3802     0E96                     T5CKIPPS        equ	3734	;# 
  3803     0E97                     T5GPPS          equ	3735	;# 
  3804     0E9C                     T2AINPPS        equ	3740	;# 
  3805     0E9D                     T4AINPPS        equ	3741	;# 
  3806     0E9E                     T6AINPPS        equ	3742	;# 
  3807     0EA1                     CCP1PPS         equ	3745	;# 
  3808     0EA2                     CCP2PPS         equ	3746	;# 
  3809     0EA3                     CCP3PPS         equ	3747	;# 
  3810     0EA4                     CCP4PPS         equ	3748	;# 
  3811     0EA5                     CCP5PPS         equ	3749	;# 
  3812     0EA9                     SMT1WINPPS      equ	3753	;# 
  3813     0EAA                     SMT1SIGPPS      equ	3754	;# 
  3814     0EAB                     SMT2WINPPS      equ	3755	;# 
  3815     0EAC                     SMT2SIGPPS      equ	3756	;# 
  3816     0EB1                     CWG1PPS         equ	3761	;# 
  3817     0EB2                     CWG2PPS         equ	3762	;# 
  3818     0EB3                     CWG3PPS         equ	3763	;# 
  3819     0EB8                     MDCARLPPS       equ	3768	;# 
  3820     0EB9                     MDCARHPPS       equ	3769	;# 
  3821     0EBA                     MDSRCPPS        equ	3770	;# 
  3822     0EBB                     CLCIN0PPS       equ	3771	;# 
  3823     0EBC                     CLCIN1PPS       equ	3772	;# 
  3824     0EBD                     CLCIN2PPS       equ	3773	;# 
  3825     0EBE                     CLCIN3PPS       equ	3774	;# 
  3826     0EC3                     ADCACTPPS       equ	3779	;# 
  3827     0EC5                     SSP1CLKPPS      equ	3781	;# 
  3828     0EC6                     SSP1DATPPS      equ	3782	;# 
  3829     0EC7                     SSP1SSPPS       equ	3783	;# 
  3830     0EC8                     SSP2CLKPPS      equ	3784	;# 
  3831     0EC9                     SSP2DATPPS      equ	3785	;# 
  3832     0ECA                     SSP2SSPPS       equ	3786	;# 
  3833     0ECB                     RXPPS           equ	3787	;# 
  3834     0ECC                     TXPPS           equ	3788	;# 
  3835     0F10                     RA0PPS          equ	3856	;# 
  3836     0F11                     RA1PPS          equ	3857	;# 
  3837     0F12                     RA2PPS          equ	3858	;# 
  3838     0F13                     RA3PPS          equ	3859	;# 
  3839     0F14                     RA4PPS          equ	3860	;# 
  3840     0F15                     RA5PPS          equ	3861	;# 
  3841     0F16                     RA6PPS          equ	3862	;# 
  3842     0F17                     RA7PPS          equ	3863	;# 
  3843     0F18                     RB0PPS          equ	3864	;# 
  3844     0F19                     RB1PPS          equ	3865	;# 
  3845     0F1A                     RB2PPS          equ	3866	;# 
  3846     0F1B                     RB3PPS          equ	3867	;# 
  3847     0F1C                     RB4PPS          equ	3868	;# 
  3848     0F1D                     RB5PPS          equ	3869	;# 
  3849     0F1E                     RB6PPS          equ	3870	;# 
  3850     0F1F                     RB7PPS          equ	3871	;# 
  3851     0F20                     RC0PPS          equ	3872	;# 
  3852     0F21                     RC1PPS          equ	3873	;# 
  3853     0F22                     RC2PPS          equ	3874	;# 
  3854     0F23                     RC3PPS          equ	3875	;# 
  3855     0F24                     RC4PPS          equ	3876	;# 
  3856     0F25                     RC5PPS          equ	3877	;# 
  3857     0F26                     RC6PPS          equ	3878	;# 
  3858     0F27                     RC7PPS          equ	3879	;# 
  3859     0F28                     RD0PPS          equ	3880	;# 
  3860     0F29                     RD1PPS          equ	3881	;# 
  3861     0F2A                     RD2PPS          equ	3882	;# 
  3862     0F2B                     RD3PPS          equ	3883	;# 
  3863     0F2C                     RD4PPS          equ	3884	;# 
  3864     0F2D                     RD5PPS          equ	3885	;# 
  3865     0F2E                     RD6PPS          equ	3886	;# 
  3866     0F2F                     RD7PPS          equ	3887	;# 
  3867     0F30                     RE0PPS          equ	3888	;# 
  3868     0F31                     RE1PPS          equ	3889	;# 
  3869     0F32                     RE2PPS          equ	3890	;# 
  3870     0F38                     ANSELA          equ	3896	;# 
  3871     0F39                     WPUA            equ	3897	;# 
  3872     0F3A                     ODCONA          equ	3898	;# 
  3873     0F3B                     SLRCONA         equ	3899	;# 
  3874     0F3C                     INLVLA          equ	3900	;# 
  3875     0F3D                     IOCAP           equ	3901	;# 
  3876     0F3E                     IOCAN           equ	3902	;# 
  3877     0F3F                     IOCAF           equ	3903	;# 
  3878     0F40                     CCDNA           equ	3904	;# 
  3879     0F41                     CCDPA           equ	3905	;# 
  3880     0F43                     ANSELB          equ	3907	;# 
  3881     0F44                     WPUB            equ	3908	;# 
  3882     0F45                     ODCONB          equ	3909	;# 
  3883     0F46                     SLRCONB         equ	3910	;# 
  3884     0F47                     INLVLB          equ	3911	;# 
  3885     0F48                     IOCBP           equ	3912	;# 
  3886     0F49                     IOCBN           equ	3913	;# 
  3887     0F4A                     IOCBF           equ	3914	;# 
  3888     0F4B                     CCDNB           equ	3915	;# 
  3889     0F4C                     CCDPB           equ	3916	;# 
  3890     0F4E                     ANSELC          equ	3918	;# 
  3891     0F4F                     WPUC            equ	3919	;# 
  3892     0F50                     ODCONC          equ	3920	;# 
  3893     0F51                     SLRCONC         equ	3921	;# 
  3894     0F52                     INLVLC          equ	3922	;# 
  3895     0F53                     IOCCP           equ	3923	;# 
  3896     0F54                     IOCCN           equ	3924	;# 
  3897     0F55                     IOCCF           equ	3925	;# 
  3898     0F56                     CCDNC           equ	3926	;# 
  3899     0F57                     CCDPC           equ	3927	;# 
  3900     0F59                     ANSELD          equ	3929	;# 
  3901     0F5A                     WPUD            equ	3930	;# 
  3902     0F5B                     ODCOND          equ	3931	;# 
  3903     0F5C                     SLRCOND         equ	3932	;# 
  3904     0F5D                     INLVLD          equ	3933	;# 
  3905     0F61                     CCDND           equ	3937	;# 
  3906     0F62                     CCDPD           equ	3938	;# 
  3907     0F64                     ANSELE          equ	3940	;# 
  3908     0F65                     WPUE            equ	3941	;# 
  3909     0F66                     ODCONE          equ	3942	;# 
  3910     0F67                     SLRCONE         equ	3943	;# 
  3911     0F68                     INLVLE          equ	3944	;# 
  3912     0F69                     IOCEP           equ	3945	;# 
  3913     0F6A                     IOCEN           equ	3946	;# 
  3914     0F6B                     IOCEF           equ	3947	;# 
  3915     0F6C                     CCDNE           equ	3948	;# 
  3916     0F6D                     CCDPE           equ	3949	;# 
  3917     0FE4                     STATUS_SHAD     equ	4068	;# 
  3918     0FE5                     WREG_SHAD       equ	4069	;# 
  3919     0FE6                     BSR_SHAD        equ	4070	;# 
  3920     0FE7                     PCLATH_SHAD     equ	4071	;# 
  3921     0FE8                     FSR0L_SHAD      equ	4072	;# 
  3922     0FE9                     FSR0H_SHAD      equ	4073	;# 
  3923     0FEA                     FSR1L_SHAD      equ	4074	;# 
  3924     0FEB                     FSR1H_SHAD      equ	4075	;# 
  3925     0FED                     STKPTR          equ	4077	;# 
  3926     0FEE                     TOSL            equ	4078	;# 
  3927     0FEF                     TOSH            equ	4079	;# 
  3928     0000                     INDF0           equ	0	;# 
  3929     0001                     INDF1           equ	1	;# 
  3930     0002                     PCL             equ	2	;# 
  3931     0003                     STATUS          equ	3	;# 
  3932     0004                     FSR0L           equ	4	;# 
  3933     0005                     FSR0H           equ	5	;# 
  3934     0006                     FSR1L           equ	6	;# 
  3935     0007                     FSR1H           equ	7	;# 
  3936     0008                     BSR             equ	8	;# 
  3937     0009                     WREG            equ	9	;# 
  3938     000A                     PCLATH          equ	10	;# 
  3939     000B                     INTCON          equ	11	;# 
  3940     000C                     PORTA           equ	12	;# 
  3941     000D                     PORTB           equ	13	;# 
  3942     000E                     PORTC           equ	14	;# 
  3943     000F                     PORTD           equ	15	;# 
  3944     0010                     PORTE           equ	16	;# 
  3945     0011                     TRISA           equ	17	;# 
  3946     0012                     TRISB           equ	18	;# 
  3947     0013                     TRISC           equ	19	;# 
  3948     0014                     TRISD           equ	20	;# 
  3949     0015                     TRISE           equ	21	;# 
  3950     0016                     LATA            equ	22	;# 
  3951     0017                     LATB            equ	23	;# 
  3952     0018                     LATC            equ	24	;# 
  3953     0019                     LATD            equ	25	;# 
  3954     001A                     LATE            equ	26	;# 
  3955     001C                     TMR0L           equ	28	;# 
  3956     001C                     TMR0            equ	28	;# 
  3957     001D                     TMR0H           equ	29	;# 
  3958     001D                     PR0             equ	29	;# 
  3959     001E                     T0CON0          equ	30	;# 
  3960     001F                     T0CON1          equ	31	;# 
  3961     008C                     ADRES           equ	140	;# 
  3962     008C                     ADRESL          equ	140	;# 
  3963     008D                     ADRESH          equ	141	;# 
  3964     008E                     ADPREV          equ	142	;# 
  3965     008E                     ADPREVL         equ	142	;# 
  3966     008F                     ADPREVH         equ	143	;# 
  3967     0090                     ADACC           equ	144	;# 
  3968     0090                     ADACCL          equ	144	;# 
  3969     0091                     ADACCH          equ	145	;# 
  3970     0093                     ADCON0          equ	147	;# 
  3971     0094                     ADCON1          equ	148	;# 
  3972     0095                     ADCON2          equ	149	;# 
  3973     0096                     ADCON3          equ	150	;# 
  3974     0097                     ADSTAT          equ	151	;# 
  3975     0098                     ADCLK           equ	152	;# 
  3976     0099                     ADACT           equ	153	;# 
  3977     009A                     ADREF           equ	154	;# 
  3978     009B                     ADCAP           equ	155	;# 
  3979     009C                     ADPRE           equ	156	;# 
  3980     009D                     ADACQ           equ	157	;# 
  3981     009E                     ADPCH           equ	158	;# 
  3982     010C                     ADCNT           equ	268	;# 
  3983     010D                     ADRPT           equ	269	;# 
  3984     010E                     ADLTH           equ	270	;# 
  3985     010E                     ADLTHL          equ	270	;# 
  3986     010F                     ADLTHH          equ	271	;# 
  3987     0110                     ADUTH           equ	272	;# 
  3988     0110                     ADUTHL          equ	272	;# 
  3989     0111                     ADUTHH          equ	273	;# 
  3990     0112                     ADSTPT          equ	274	;# 
  3991     0112                     ADSTPTL         equ	274	;# 
  3992     0113                     ADSTPTH         equ	275	;# 
  3993     0114                     ADFLTR          equ	276	;# 
  3994     0114                     ADFLTRL         equ	276	;# 
  3995     0115                     ADFLTRH         equ	277	;# 
  3996     0116                     ADERR           equ	278	;# 
  3997     0116                     ADERRL          equ	278	;# 
  3998     0117                     ADERRH          equ	279	;# 
  3999     0119                     RC1REG          equ	281	;# 
  4000     0119                     RCREG           equ	281	;# 
  4001     0119                     RCREG1          equ	281	;# 
  4002     011A                     TX1REG          equ	282	;# 
  4003     011A                     TXREG1          equ	282	;# 
  4004     011A                     TXREG           equ	282	;# 
  4005     011B                     SP1BRG          equ	283	;# 
  4006     011B                     SP1BRGL         equ	283	;# 
  4007     011B                     SPBRG           equ	283	;# 
  4008     011B                     SPBRG1          equ	283	;# 
  4009     011B                     SPBRGL          equ	283	;# 
  4010     011C                     SP1BRGH         equ	284	;# 
  4011     011C                     SPBRGH          equ	284	;# 
  4012     011C                     SPBRGH1         equ	284	;# 
  4013     011D                     RC1STA          equ	285	;# 
  4014     011D                     RCSTA1          equ	285	;# 
  4015     011D                     RCSTA           equ	285	;# 
  4016     011E                     TX1STA          equ	286	;# 
  4017     011E                     TXSTA1          equ	286	;# 
  4018     011E                     TXSTA           equ	286	;# 
  4019     011F                     BAUD1CON        equ	287	;# 
  4020     011F                     BAUDCON1        equ	287	;# 
  4021     011F                     BAUDCTL1        equ	287	;# 
  4022     011F                     BAUDCON         equ	287	;# 
  4023     011F                     BAUDCTL         equ	287	;# 
  4024     018C                     SSP1BUF         equ	396	;# 
  4025     018D                     SSP1ADD         equ	397	;# 
  4026     018E                     SSP1MSK         equ	398	;# 
  4027     018F                     SSP1STAT        equ	399	;# 
  4028     0190                     SSP1CON1        equ	400	;# 
  4029     0191                     SSP1CON2        equ	401	;# 
  4030     0192                     SSP1CON3        equ	402	;# 
  4031     0196                     SSP2BUF         equ	406	;# 
  4032     0197                     SSP2ADD         equ	407	;# 
  4033     0198                     SSP2MSK         equ	408	;# 
  4034     0199                     SSP2STAT        equ	409	;# 
  4035     019A                     SSP2CON1        equ	410	;# 
  4036     019B                     SSP2CON2        equ	411	;# 
  4037     019C                     SSP2CON3        equ	412	;# 
  4038     020C                     TMR1            equ	524	;# 
  4039     020C                     TMR1L           equ	524	;# 
  4040     020D                     TMR1H           equ	525	;# 
  4041     020E                     T1CON           equ	526	;# 
  4042     020F                     T1GCON          equ	527	;# 
  4043     020F                     PR1             equ	527	;# 
  4044     0210                     T1GATE          equ	528	;# 
  4045     0210                     TMR1GATE        equ	528	;# 
  4046     0211                     T1CLK           equ	529	;# 
  4047     0211                     TMR1CLK         equ	529	;# 
  4048     0212                     TMR3            equ	530	;# 
  4049     0212                     TMR3L           equ	530	;# 
  4050     0213                     TMR3H           equ	531	;# 
  4051     0214                     T3CON           equ	532	;# 
  4052     0215                     T3GCON          equ	533	;# 
  4053     0215                     PR3             equ	533	;# 
  4054     0216                     T3GATE          equ	534	;# 
  4055     0216                     TMR3GATE        equ	534	;# 
  4056     0217                     T3CLK           equ	535	;# 
  4057     0217                     TMR3CLK         equ	535	;# 
  4058     0218                     TMR5            equ	536	;# 
  4059     0218                     TMR5L           equ	536	;# 
  4060     0219                     TMR5H           equ	537	;# 
  4061     021A                     T5CON           equ	538	;# 
  4062     021B                     T5GCON          equ	539	;# 
  4063     021B                     PR5             equ	539	;# 
  4064     021C                     T5GATE          equ	540	;# 
  4065     021C                     TMR5GATE        equ	540	;# 
  4066     021D                     T5CLK           equ	541	;# 
  4067     021D                     TMR5CLK         equ	541	;# 
  4068     021E                     CCPTMRS0        equ	542	;# 
  4069     021F                     CCPTMRS1        equ	543	;# 
  4070     028C                     T2TMR           equ	652	;# 
  4071     028C                     TMR2            equ	652	;# 
  4072     028D                     T2PR            equ	653	;# 
  4073     028D                     PR2             equ	653	;# 
  4074     028E                     T2CON           equ	654	;# 
  4075     028F                     T2HLT           equ	655	;# 
  4076     0290                     T2CLKCON        equ	656	;# 
  4077     0290                     T2CLK           equ	656	;# 
  4078     0291                     T2RST           equ	657	;# 
  4079     0292                     T4TMR           equ	658	;# 
  4080     0292                     TMR4            equ	658	;# 
  4081     0293                     T4PR            equ	659	;# 
  4082     0293                     PR4             equ	659	;# 
  4083     0294                     T4CON           equ	660	;# 
  4084     0295                     T4HLT           equ	661	;# 
  4085     0296                     T4CLKCON        equ	662	;# 
  4086     0296                     T4CLK           equ	662	;# 
  4087     0297                     T4RST           equ	663	;# 
  4088     0298                     T6TMR           equ	664	;# 
  4089     0298                     TMR6            equ	664	;# 
  4090     0299                     T6PR            equ	665	;# 
  4091     0299                     PR6             equ	665	;# 
  4092     029A                     T6CON           equ	666	;# 
  4093     029B                     T6HLT           equ	667	;# 
  4094     029C                     T6CLKCON        equ	668	;# 
  4095     029C                     T6CLK           equ	668	;# 
  4096     029D                     T6RST           equ	669	;# 
  4097     030C                     CCPR1           equ	780	;# 
  4098     030C                     CCPR1L          equ	780	;# 
  4099     030D                     CCPR1H          equ	781	;# 
  4100     030E                     CCP1CON         equ	782	;# 
  4101     030F                     CCP1CAP         equ	783	;# 
  4102     0310                     CCPR2           equ	784	;# 
  4103     0310                     CCPR2L          equ	784	;# 
  4104     0311                     CCPR2H          equ	785	;# 
  4105     0312                     CCP2CON         equ	786	;# 
  4106     0313                     CCP2CAP         equ	787	;# 
  4107     0314                     CCPR3           equ	788	;# 
  4108     0314                     CCPR3L          equ	788	;# 
  4109     0315                     CCPR3H          equ	789	;# 
  4110     0316                     CCP3CON         equ	790	;# 
  4111     0317                     CCP3CAP         equ	791	;# 
  4112     0318                     CCPR4           equ	792	;# 
  4113     0318                     CCPR4L          equ	792	;# 
  4114     0319                     CCPR4H          equ	793	;# 
  4115     031A                     CCP4CON         equ	794	;# 
  4116     031B                     CCP4CAP         equ	795	;# 
  4117     031C                     CCPR5           equ	796	;# 
  4118     031C                     CCPR5L          equ	796	;# 
  4119     031D                     CCPR5H          equ	797	;# 
  4120     031E                     CCP5CON         equ	798	;# 
  4121     031F                     CCP5CAP         equ	799	;# 
  4122     038C                     PWM6DC          equ	908	;# 
  4123     038C                     PWM6DCL         equ	908	;# 
  4124     038D                     PWM6DCH         equ	909	;# 
  4125     038E                     PWM6CON         equ	910	;# 
  4126     0390                     PWM7DC          equ	912	;# 
  4127     0390                     PWM7DCL         equ	912	;# 
  4128     0391                     PWM7DCH         equ	913	;# 
  4129     0392                     PWM7CON         equ	914	;# 
  4130     040C                     SCANLADRL       equ	1036	;# 
  4131     040D                     SCANLADRH       equ	1037	;# 
  4132     040E                     SCANHADRL       equ	1038	;# 
  4133     040F                     SCANHADRH       equ	1039	;# 
  4134     0410                     SCANCON0        equ	1040	;# 
  4135     0411                     SCANTRIG        equ	1041	;# 
  4136     0416                     CRCDATA         equ	1046	;# 
  4137     0416                     CRCDATL         equ	1046	;# 
  4138     0417                     CRCDATH         equ	1047	;# 
  4139     0418                     CRCACC          equ	1048	;# 
  4140     0418                     CRCACCL         equ	1048	;# 
  4141     0419                     CRCACCH         equ	1049	;# 
  4142     041A                     CRCSHFT         equ	1050	;# 
  4143     041A                     CRCSHIFTL       equ	1050	;# 
  4144     041B                     CRCSHIFTH       equ	1051	;# 
  4145     041C                     CRCXOR          equ	1052	;# 
  4146     041C                     CRCXORL         equ	1052	;# 
  4147     041D                     CRCXORH         equ	1053	;# 
  4148     041E                     CRCCON0         equ	1054	;# 
  4149     041F                     CRCCON1         equ	1055	;# 
  4150     048C                     SMT1TMR         equ	1164	;# 
  4151     048C                     SMT1TMRL        equ	1164	;# 
  4152     048D                     SMT1TMRH        equ	1165	;# 
  4153     048E                     SMT1TMRU        equ	1166	;# 
  4154     048F                     SMT1CPR         equ	1167	;# 
  4155     048F                     SMT1CPRL        equ	1167	;# 
  4156     0490                     SMT1CPRH        equ	1168	;# 
  4157     0491                     SMT1CPRU        equ	1169	;# 
  4158     0492                     SMT1CPW         equ	1170	;# 
  4159     0492                     SMT1CPWL        equ	1170	;# 
  4160     0493                     SMT1CPWH        equ	1171	;# 
  4161     0494                     SMT1CPWU        equ	1172	;# 
  4162     0495                     SMT1PR          equ	1173	;# 
  4163     0495                     SMT1PRL         equ	1173	;# 
  4164     0496                     SMT1PRH         equ	1174	;# 
  4165     0497                     SMT1PRU         equ	1175	;# 
  4166     0498                     SMT1CON0        equ	1176	;# 
  4167     0499                     SMT1CON1        equ	1177	;# 
  4168     049A                     SMT1STAT        equ	1178	;# 
  4169     049B                     SMT1CLK         equ	1179	;# 
  4170     049C                     SMT1SIG         equ	1180	;# 
  4171     049D                     SMT1WIN         equ	1181	;# 
  4172     050C                     SMT2TMR         equ	1292	;# 
  4173     050C                     SMT2TMRL        equ	1292	;# 
  4174     050D                     SMT2TMRH        equ	1293	;# 
  4175     050E                     SMT2TMRU        equ	1294	;# 
  4176     050F                     SMT2CPR         equ	1295	;# 
  4177     050F                     SMT2CPRL        equ	1295	;# 
  4178     0510                     SMT2CPRH        equ	1296	;# 
  4179     0511                     SMT2CPRU        equ	1297	;# 
  4180     0512                     SMT2CPW         equ	1298	;# 
  4181     0512                     SMT2CPWL        equ	1298	;# 
  4182     0513                     SMT2CPWH        equ	1299	;# 
  4183     0514                     SMT2CPWU        equ	1300	;# 
  4184     0515                     SMT2PR          equ	1301	;# 
  4185     0515                     SMT2PRL         equ	1301	;# 
  4186     0516                     SMT2PRH         equ	1302	;# 
  4187     0517                     SMT2PRU         equ	1303	;# 
  4188     0518                     SMT2CON0        equ	1304	;# 
  4189     0519                     SMT2CON1        equ	1305	;# 
  4190     051A                     SMT2STAT        equ	1306	;# 
  4191     051B                     SMT2CLK         equ	1307	;# 
  4192     051C                     SMT2SIG         equ	1308	;# 
  4193     051D                     SMT2WIN         equ	1309	;# 
  4194     058C                     NCO1ACC         equ	1420	;# 
  4195     058C                     NCO1ACCL        equ	1420	;# 
  4196     058D                     NCO1ACCH        equ	1421	;# 
  4197     058E                     NCO1ACCU        equ	1422	;# 
  4198     058F                     NCO1INC         equ	1423	;# 
  4199     058F                     NCO1INCL        equ	1423	;# 
  4200     0590                     NCO1INCH        equ	1424	;# 
  4201     0591                     NCO1INCU        equ	1425	;# 
  4202     0592                     NCO1CON         equ	1426	;# 
  4203     0593                     NCO1CLK         equ	1427	;# 
  4204     060C                     CWG1CLKCON      equ	1548	;# 
  4205     060D                     CWG1ISM         equ	1549	;# 
  4206     060E                     CWG1DBR         equ	1550	;# 
  4207     060F                     CWG1DBF         equ	1551	;# 
  4208     0610                     CWG1CON0        equ	1552	;# 
  4209     0611                     CWG1CON1        equ	1553	;# 
  4210     0612                     CWG1AS0         equ	1554	;# 
  4211     0613                     CWG1AS1         equ	1555	;# 
  4212     0614                     CWG1STR         equ	1556	;# 
  4213     0616                     CWG2CLKCON      equ	1558	;# 
  4214     0617                     CWG2ISM         equ	1559	;# 
  4215     0618                     CWG2DBR         equ	1560	;# 
  4216     0619                     CWG2DBF         equ	1561	;# 
  4217     061A                     CWG2CON0        equ	1562	;# 
  4218     061B                     CWG2CON1        equ	1563	;# 
  4219     061C                     CWG2AS0         equ	1564	;# 
  4220     061D                     CWG2AS1         equ	1565	;# 
  4221     061E                     CWG2STR         equ	1566	;# 
  4222     068C                     CWG3CLKCON      equ	1676	;# 
  4223     068D                     CWG3ISM         equ	1677	;# 
  4224     068E                     CWG3DBR         equ	1678	;# 
  4225     068F                     CWG3DBF         equ	1679	;# 
  4226     0690                     CWG3CON0        equ	1680	;# 
  4227     0691                     CWG3CON1        equ	1681	;# 
  4228     0692                     CWG3AS0         equ	1682	;# 
  4229     0693                     CWG3AS1         equ	1683	;# 
  4230     0694                     CWG3STR         equ	1684	;# 
  4231     070C                     PIR0            equ	1804	;# 
  4232     070D                     PIR1            equ	1805	;# 
  4233     070E                     PIR2            equ	1806	;# 
  4234     070F                     PIR3            equ	1807	;# 
  4235     0710                     PIR4            equ	1808	;# 
  4236     0711                     PIR5            equ	1809	;# 
  4237     0712                     PIR6            equ	1810	;# 
  4238     0713                     PIR7            equ	1811	;# 
  4239     0714                     PIR8            equ	1812	;# 
  4240     0716                     PIE0            equ	1814	;# 
  4241     0717                     PIE1            equ	1815	;# 
  4242     0718                     PIE2            equ	1816	;# 
  4243     0719                     PIE3            equ	1817	;# 
  4244     071A                     PIE4            equ	1818	;# 
  4245     071B                     PIE5            equ	1819	;# 
  4246     071C                     PIE6            equ	1820	;# 
  4247     071D                     PIE7            equ	1821	;# 
  4248     071E                     PIE8            equ	1822	;# 
  4249     0796                     PMD0            equ	1942	;# 
  4250     0797                     PMD1            equ	1943	;# 
  4251     0798                     PMD2            equ	1944	;# 
  4252     0799                     PMD3            equ	1945	;# 
  4253     079A                     PMD4            equ	1946	;# 
  4254     079B                     PMD5            equ	1947	;# 
  4255     080C                     WDTCON0         equ	2060	;# 
  4256     080D                     WDTCON1         equ	2061	;# 
  4257     080E                     WDTPSL          equ	2062	;# 
  4258     080F                     WDTPSH          equ	2063	;# 
  4259     0810                     WDTTMR          equ	2064	;# 
  4260     0811                     BORCON          equ	2065	;# 
  4261     0812                     VREGCON         equ	2066	;# 
  4262     0813                     PCON0           equ	2067	;# 
  4263     0814                     CCDCON          equ	2068	;# 
  4264     081A                     NVMADRL         equ	2074	;# 
  4265     081B                     NVMADRH         equ	2075	;# 
  4266     081C                     NVMDATL         equ	2076	;# 
  4267     081D                     NVMDATH         equ	2077	;# 
  4268     081E                     NVMCON1         equ	2078	;# 
  4269     081F                     NVMCON2         equ	2079	;# 
  4270     088C                     CPUDOZE         equ	2188	;# 
  4271     088D                     OSCCON1         equ	2189	;# 
  4272     088E                     OSCCON2         equ	2190	;# 
  4273     088F                     OSCCON3         equ	2191	;# 
  4274     0890                     OSCSTAT         equ	2192	;# 
  4275     0891                     OSCEN           equ	2193	;# 
  4276     0892                     OSCTUNE         equ	2194	;# 
  4277     0893                     OSCFRQ          equ	2195	;# 
  4278     0895                     CLKRCON         equ	2197	;# 
  4279     0896                     CLKRCLK         equ	2198	;# 
  4280     0897                     MDCON0          equ	2199	;# 
  4281     0898                     MDCON1          equ	2200	;# 
  4282     0899                     MDSRC           equ	2201	;# 
  4283     089A                     MDCARL          equ	2202	;# 
  4284     089B                     MDCARH          equ	2203	;# 
  4285     090C                     FVRCON          equ	2316	;# 
  4286     090E                     DAC1CON0        equ	2318	;# 
  4287     090F                     DAC1CON1        equ	2319	;# 
  4288     091F                     ZCD1CON         equ	2335	;# 
  4289     091F                     ZCDCON          equ	2335	;# 
  4290     098F                     CMOUT           equ	2447	;# 
  4291     098F                     CMSTAT          equ	2447	;# 
  4292     0990                     CM1CON0         equ	2448	;# 
  4293     0991                     CM1CON1         equ	2449	;# 
  4294     0992                     CM1NSEL         equ	2450	;# 
  4295     0993                     CM1PSEL         equ	2451	;# 
  4296     0994                     CM2CON0         equ	2452	;# 
  4297     0995                     CM2CON1         equ	2453	;# 
  4298     0996                     CM2NSEL         equ	2454	;# 
  4299     0997                     CM2PSEL         equ	2455	;# 
  4300     0E0F                     CLCDATA         equ	3599	;# 
  4301     0E10                     CLC1CON         equ	3600	;# 
  4302     0E11                     CLC1POL         equ	3601	;# 
  4303     0E12                     CLC1SEL0        equ	3602	;# 
  4304     0E13                     CLC1SEL1        equ	3603	;# 
  4305     0E14                     CLC1SEL2        equ	3604	;# 
  4306     0E15                     CLC1SEL3        equ	3605	;# 
  4307     0E16                     CLC1GLS0        equ	3606	;# 
  4308     0E17                     CLC1GLS1        equ	3607	;# 
  4309     0E18                     CLC1GLS2        equ	3608	;# 
  4310     0E19                     CLC1GLS3        equ	3609	;# 
  4311     0E1A                     CLC2CON         equ	3610	;# 
  4312     0E1B                     CLC2POL         equ	3611	;# 
  4313     0E1C                     CLC2SEL0        equ	3612	;# 
  4314     0E1D                     CLC2SEL1        equ	3613	;# 
  4315     0E1E                     CLC2SEL2        equ	3614	;# 
  4316     0E1F                     CLC2SEL3        equ	3615	;# 
  4317     0E20                     CLC2GLS0        equ	3616	;# 
  4318     0E21                     CLC2GLS1        equ	3617	;# 
  4319     0E22                     CLC2GLS2        equ	3618	;# 
  4320     0E23                     CLC2GLS3        equ	3619	;# 
  4321     0E24                     CLC3CON         equ	3620	;# 
  4322     0E25                     CLC3POL         equ	3621	;# 
  4323     0E26                     CLC3SEL0        equ	3622	;# 
  4324     0E27                     CLC3SEL1        equ	3623	;# 
  4325     0E28                     CLC3SEL2        equ	3624	;# 
  4326     0E29                     CLC3SEL3        equ	3625	;# 
  4327     0E2A                     CLC3GLS0        equ	3626	;# 
  4328     0E2B                     CLC3GLS1        equ	3627	;# 
  4329     0E2C                     CLC3GLS2        equ	3628	;# 
  4330     0E2D                     CLC3GLS3        equ	3629	;# 
  4331     0E2E                     CLC4CON         equ	3630	;# 
  4332     0E2F                     CLC4POL         equ	3631	;# 
  4333     0E30                     CLC4SEL0        equ	3632	;# 
  4334     0E31                     CLC4SEL1        equ	3633	;# 
  4335     0E32                     CLC4SEL2        equ	3634	;# 
  4336     0E33                     CLC4SEL3        equ	3635	;# 
  4337     0E34                     CLC4GLS0        equ	3636	;# 
  4338     0E35                     CLC4GLS1        equ	3637	;# 
  4339     0E36                     CLC4GLS2        equ	3638	;# 
  4340     0E37                     CLC4GLS3        equ	3639	;# 
  4341     0E8F                     PPSLOCK         equ	3727	;# 
  4342     0E90                     INTPPS          equ	3728	;# 
  4343     0E91                     T0CKIPPS        equ	3729	;# 
  4344     0E92                     T1CKIPPS        equ	3730	;# 
  4345     0E93                     T1GPPS          equ	3731	;# 
  4346     0E94                     T3CKIPPS        equ	3732	;# 
  4347     0E95                     T3GPPS          equ	3733	;# 
  4348     0E96                     T5CKIPPS        equ	3734	;# 
  4349     0E97                     T5GPPS          equ	3735	;# 
  4350     0E9C                     T2AINPPS        equ	3740	;# 
  4351     0E9D                     T4AINPPS        equ	3741	;# 
  4352     0E9E                     T6AINPPS        equ	3742	;# 
  4353     0EA1                     CCP1PPS         equ	3745	;# 
  4354     0EA2                     CCP2PPS         equ	3746	;# 
  4355     0EA3                     CCP3PPS         equ	3747	;# 
  4356     0EA4                     CCP4PPS         equ	3748	;# 
  4357     0EA5                     CCP5PPS         equ	3749	;# 
  4358     0EA9                     SMT1WINPPS      equ	3753	;# 
  4359     0EAA                     SMT1SIGPPS      equ	3754	;# 
  4360     0EAB                     SMT2WINPPS      equ	3755	;# 
  4361     0EAC                     SMT2SIGPPS      equ	3756	;# 
  4362     0EB1                     CWG1PPS         equ	3761	;# 
  4363     0EB2                     CWG2PPS         equ	3762	;# 
  4364     0EB3                     CWG3PPS         equ	3763	;# 
  4365     0EB8                     MDCARLPPS       equ	3768	;# 
  4366     0EB9                     MDCARHPPS       equ	3769	;# 
  4367     0EBA                     MDSRCPPS        equ	3770	;# 
  4368     0EBB                     CLCIN0PPS       equ	3771	;# 
  4369     0EBC                     CLCIN1PPS       equ	3772	;# 
  4370     0EBD                     CLCIN2PPS       equ	3773	;# 
  4371     0EBE                     CLCIN3PPS       equ	3774	;# 
  4372     0EC3                     ADCACTPPS       equ	3779	;# 
  4373     0EC5                     SSP1CLKPPS      equ	3781	;# 
  4374     0EC6                     SSP1DATPPS      equ	3782	;# 
  4375     0EC7                     SSP1SSPPS       equ	3783	;# 
  4376     0EC8                     SSP2CLKPPS      equ	3784	;# 
  4377     0EC9                     SSP2DATPPS      equ	3785	;# 
  4378     0ECA                     SSP2SSPPS       equ	3786	;# 
  4379     0ECB                     RXPPS           equ	3787	;# 
  4380     0ECC                     TXPPS           equ	3788	;# 
  4381     0F10                     RA0PPS          equ	3856	;# 
  4382     0F11                     RA1PPS          equ	3857	;# 
  4383     0F12                     RA2PPS          equ	3858	;# 
  4384     0F13                     RA3PPS          equ	3859	;# 
  4385     0F14                     RA4PPS          equ	3860	;# 
  4386     0F15                     RA5PPS          equ	3861	;# 
  4387     0F16                     RA6PPS          equ	3862	;# 
  4388     0F17                     RA7PPS          equ	3863	;# 
  4389     0F18                     RB0PPS          equ	3864	;# 
  4390     0F19                     RB1PPS          equ	3865	;# 
  4391     0F1A                     RB2PPS          equ	3866	;# 
  4392     0F1B                     RB3PPS          equ	3867	;# 
  4393     0F1C                     RB4PPS          equ	3868	;# 
  4394     0F1D                     RB5PPS          equ	3869	;# 
  4395     0F1E                     RB6PPS          equ	3870	;# 
  4396     0F1F                     RB7PPS          equ	3871	;# 
  4397     0F20                     RC0PPS          equ	3872	;# 
  4398     0F21                     RC1PPS          equ	3873	;# 
  4399     0F22                     RC2PPS          equ	3874	;# 
  4400     0F23                     RC3PPS          equ	3875	;# 
  4401     0F24                     RC4PPS          equ	3876	;# 
  4402     0F25                     RC5PPS          equ	3877	;# 
  4403     0F26                     RC6PPS          equ	3878	;# 
  4404     0F27                     RC7PPS          equ	3879	;# 
  4405     0F28                     RD0PPS          equ	3880	;# 
  4406     0F29                     RD1PPS          equ	3881	;# 
  4407     0F2A                     RD2PPS          equ	3882	;# 
  4408     0F2B                     RD3PPS          equ	3883	;# 
  4409     0F2C                     RD4PPS          equ	3884	;# 
  4410     0F2D                     RD5PPS          equ	3885	;# 
  4411     0F2E                     RD6PPS          equ	3886	;# 
  4412     0F2F                     RD7PPS          equ	3887	;# 
  4413     0F30                     RE0PPS          equ	3888	;# 
  4414     0F31                     RE1PPS          equ	3889	;# 
  4415     0F32                     RE2PPS          equ	3890	;# 
  4416     0F38                     ANSELA          equ	3896	;# 
  4417     0F39                     WPUA            equ	3897	;# 
  4418     0F3A                     ODCONA          equ	3898	;# 
  4419     0F3B                     SLRCONA         equ	3899	;# 
  4420     0F3C                     INLVLA          equ	3900	;# 
  4421     0F3D                     IOCAP           equ	3901	;# 
  4422     0F3E                     IOCAN           equ	3902	;# 
  4423     0F3F                     IOCAF           equ	3903	;# 
  4424     0F40                     CCDNA           equ	3904	;# 
  4425     0F41                     CCDPA           equ	3905	;# 
  4426     0F43                     ANSELB          equ	3907	;# 
  4427     0F44                     WPUB            equ	3908	;# 
  4428     0F45                     ODCONB          equ	3909	;# 
  4429     0F46                     SLRCONB         equ	3910	;# 
  4430     0F47                     INLVLB          equ	3911	;# 
  4431     0F48                     IOCBP           equ	3912	;# 
  4432     0F49                     IOCBN           equ	3913	;# 
  4433     0F4A                     IOCBF           equ	3914	;# 
  4434     0F4B                     CCDNB           equ	3915	;# 
  4435     0F4C                     CCDPB           equ	3916	;# 
  4436     0F4E                     ANSELC          equ	3918	;# 
  4437     0F4F                     WPUC            equ	3919	;# 
  4438     0F50                     ODCONC          equ	3920	;# 
  4439     0F51                     SLRCONC         equ	3921	;# 
  4440     0F52                     INLVLC          equ	3922	;# 
  4441     0F53                     IOCCP           equ	3923	;# 
  4442     0F54                     IOCCN           equ	3924	;# 
  4443     0F55                     IOCCF           equ	3925	;# 
  4444     0F56                     CCDNC           equ	3926	;# 
  4445     0F57                     CCDPC           equ	3927	;# 
  4446     0F59                     ANSELD          equ	3929	;# 
  4447     0F5A                     WPUD            equ	3930	;# 
  4448     0F5B                     ODCOND          equ	3931	;# 
  4449     0F5C                     SLRCOND         equ	3932	;# 
  4450     0F5D                     INLVLD          equ	3933	;# 
  4451     0F61                     CCDND           equ	3937	;# 
  4452     0F62                     CCDPD           equ	3938	;# 
  4453     0F64                     ANSELE          equ	3940	;# 
  4454     0F65                     WPUE            equ	3941	;# 
  4455     0F66                     ODCONE          equ	3942	;# 
  4456     0F67                     SLRCONE         equ	3943	;# 
  4457     0F68                     INLVLE          equ	3944	;# 
  4458     0F69                     IOCEP           equ	3945	;# 
  4459     0F6A                     IOCEN           equ	3946	;# 
  4460     0F6B                     IOCEF           equ	3947	;# 
  4461     0F6C                     CCDNE           equ	3948	;# 
  4462     0F6D                     CCDPE           equ	3949	;# 
  4463     0FE4                     STATUS_SHAD     equ	4068	;# 
  4464     0FE5                     WREG_SHAD       equ	4069	;# 
  4465     0FE6                     BSR_SHAD        equ	4070	;# 
  4466     0FE7                     PCLATH_SHAD     equ	4071	;# 
  4467     0FE8                     FSR0L_SHAD      equ	4072	;# 
  4468     0FE9                     FSR0H_SHAD      equ	4073	;# 
  4469     0FEA                     FSR1L_SHAD      equ	4074	;# 
  4470     0FEB                     FSR1H_SHAD      equ	4075	;# 
  4471     0FED                     STKPTR          equ	4077	;# 
  4472     0FEE                     TOSL            equ	4078	;# 
  4473     0FEF                     TOSH            equ	4079	;# 
  4474     0000                     INDF0           equ	0	;# 
  4475     0001                     INDF1           equ	1	;# 
  4476     0002                     PCL             equ	2	;# 
  4477     0003                     STATUS          equ	3	;# 
  4478     0004                     FSR0L           equ	4	;# 
  4479     0005                     FSR0H           equ	5	;# 
  4480     0006                     FSR1L           equ	6	;# 
  4481     0007                     FSR1H           equ	7	;# 
  4482     0008                     BSR             equ	8	;# 
  4483     0009                     WREG            equ	9	;# 
  4484     000A                     PCLATH          equ	10	;# 
  4485     000B                     INTCON          equ	11	;# 
  4486     000C                     PORTA           equ	12	;# 
  4487     000D                     PORTB           equ	13	;# 
  4488     000E                     PORTC           equ	14	;# 
  4489     000F                     PORTD           equ	15	;# 
  4490     0010                     PORTE           equ	16	;# 
  4491     0011                     TRISA           equ	17	;# 
  4492     0012                     TRISB           equ	18	;# 
  4493     0013                     TRISC           equ	19	;# 
  4494     0014                     TRISD           equ	20	;# 
  4495     0015                     TRISE           equ	21	;# 
  4496     0016                     LATA            equ	22	;# 
  4497     0017                     LATB            equ	23	;# 
  4498     0018                     LATC            equ	24	;# 
  4499     0019                     LATD            equ	25	;# 
  4500     001A                     LATE            equ	26	;# 
  4501     001C                     TMR0L           equ	28	;# 
  4502     001C                     TMR0            equ	28	;# 
  4503     001D                     TMR0H           equ	29	;# 
  4504     001D                     PR0             equ	29	;# 
  4505     001E                     T0CON0          equ	30	;# 
  4506     001F                     T0CON1          equ	31	;# 
  4507     008C                     ADRES           equ	140	;# 
  4508     008C                     ADRESL          equ	140	;# 
  4509     008D                     ADRESH          equ	141	;# 
  4510     008E                     ADPREV          equ	142	;# 
  4511     008E                     ADPREVL         equ	142	;# 
  4512     008F                     ADPREVH         equ	143	;# 
  4513     0090                     ADACC           equ	144	;# 
  4514     0090                     ADACCL          equ	144	;# 
  4515     0091                     ADACCH          equ	145	;# 
  4516     0093                     ADCON0          equ	147	;# 
  4517     0094                     ADCON1          equ	148	;# 
  4518     0095                     ADCON2          equ	149	;# 
  4519     0096                     ADCON3          equ	150	;# 
  4520     0097                     ADSTAT          equ	151	;# 
  4521     0098                     ADCLK           equ	152	;# 
  4522     0099                     ADACT           equ	153	;# 
  4523     009A                     ADREF           equ	154	;# 
  4524     009B                     ADCAP           equ	155	;# 
  4525     009C                     ADPRE           equ	156	;# 
  4526     009D                     ADACQ           equ	157	;# 
  4527     009E                     ADPCH           equ	158	;# 
  4528     010C                     ADCNT           equ	268	;# 
  4529     010D                     ADRPT           equ	269	;# 
  4530     010E                     ADLTH           equ	270	;# 
  4531     010E                     ADLTHL          equ	270	;# 
  4532     010F                     ADLTHH          equ	271	;# 
  4533     0110                     ADUTH           equ	272	;# 
  4534     0110                     ADUTHL          equ	272	;# 
  4535     0111                     ADUTHH          equ	273	;# 
  4536     0112                     ADSTPT          equ	274	;# 
  4537     0112                     ADSTPTL         equ	274	;# 
  4538     0113                     ADSTPTH         equ	275	;# 
  4539     0114                     ADFLTR          equ	276	;# 
  4540     0114                     ADFLTRL         equ	276	;# 
  4541     0115                     ADFLTRH         equ	277	;# 
  4542     0116                     ADERR           equ	278	;# 
  4543     0116                     ADERRL          equ	278	;# 
  4544     0117                     ADERRH          equ	279	;# 
  4545     0119                     RC1REG          equ	281	;# 
  4546     0119                     RCREG           equ	281	;# 
  4547     0119                     RCREG1          equ	281	;# 
  4548     011A                     TX1REG          equ	282	;# 
  4549     011A                     TXREG1          equ	282	;# 
  4550     011A                     TXREG           equ	282	;# 
  4551     011B                     SP1BRG          equ	283	;# 
  4552     011B                     SP1BRGL         equ	283	;# 
  4553     011B                     SPBRG           equ	283	;# 
  4554     011B                     SPBRG1          equ	283	;# 
  4555     011B                     SPBRGL          equ	283	;# 
  4556     011C                     SP1BRGH         equ	284	;# 
  4557     011C                     SPBRGH          equ	284	;# 
  4558     011C                     SPBRGH1         equ	284	;# 
  4559     011D                     RC1STA          equ	285	;# 
  4560     011D                     RCSTA1          equ	285	;# 
  4561     011D                     RCSTA           equ	285	;# 
  4562     011E                     TX1STA          equ	286	;# 
  4563     011E                     TXSTA1          equ	286	;# 
  4564     011E                     TXSTA           equ	286	;# 
  4565     011F                     BAUD1CON        equ	287	;# 
  4566     011F                     BAUDCON1        equ	287	;# 
  4567     011F                     BAUDCTL1        equ	287	;# 
  4568     011F                     BAUDCON         equ	287	;# 
  4569     011F                     BAUDCTL         equ	287	;# 
  4570     018C                     SSP1BUF         equ	396	;# 
  4571     018D                     SSP1ADD         equ	397	;# 
  4572     018E                     SSP1MSK         equ	398	;# 
  4573     018F                     SSP1STAT        equ	399	;# 
  4574     0190                     SSP1CON1        equ	400	;# 
  4575     0191                     SSP1CON2        equ	401	;# 
  4576     0192                     SSP1CON3        equ	402	;# 
  4577     0196                     SSP2BUF         equ	406	;# 
  4578     0197                     SSP2ADD         equ	407	;# 
  4579     0198                     SSP2MSK         equ	408	;# 
  4580     0199                     SSP2STAT        equ	409	;# 
  4581     019A                     SSP2CON1        equ	410	;# 
  4582     019B                     SSP2CON2        equ	411	;# 
  4583     019C                     SSP2CON3        equ	412	;# 
  4584     020C                     TMR1            equ	524	;# 
  4585     020C                     TMR1L           equ	524	;# 
  4586     020D                     TMR1H           equ	525	;# 
  4587     020E                     T1CON           equ	526	;# 
  4588     020F                     T1GCON          equ	527	;# 
  4589     020F                     PR1             equ	527	;# 
  4590     0210                     T1GATE          equ	528	;# 
  4591     0210                     TMR1GATE        equ	528	;# 
  4592     0211                     T1CLK           equ	529	;# 
  4593     0211                     TMR1CLK         equ	529	;# 
  4594     0212                     TMR3            equ	530	;# 
  4595     0212                     TMR3L           equ	530	;# 
  4596     0213                     TMR3H           equ	531	;# 
  4597     0214                     T3CON           equ	532	;# 
  4598     0215                     T3GCON          equ	533	;# 
  4599     0215                     PR3             equ	533	;# 
  4600     0216                     T3GATE          equ	534	;# 
  4601     0216                     TMR3GATE        equ	534	;# 
  4602     0217                     T3CLK           equ	535	;# 
  4603     0217                     TMR3CLK         equ	535	;# 
  4604     0218                     TMR5            equ	536	;# 
  4605     0218                     TMR5L           equ	536	;# 
  4606     0219                     TMR5H           equ	537	;# 
  4607     021A                     T5CON           equ	538	;# 
  4608     021B                     T5GCON          equ	539	;# 
  4609     021B                     PR5             equ	539	;# 
  4610     021C                     T5GATE          equ	540	;# 
  4611     021C                     TMR5GATE        equ	540	;# 
  4612     021D                     T5CLK           equ	541	;# 
  4613     021D                     TMR5CLK         equ	541	;# 
  4614     021E                     CCPTMRS0        equ	542	;# 
  4615     021F                     CCPTMRS1        equ	543	;# 
  4616     028C                     T2TMR           equ	652	;# 
  4617     028C                     TMR2            equ	652	;# 
  4618     028D                     T2PR            equ	653	;# 
  4619     028D                     PR2             equ	653	;# 
  4620     028E                     T2CON           equ	654	;# 
  4621     028F                     T2HLT           equ	655	;# 
  4622     0290                     T2CLKCON        equ	656	;# 
  4623     0290                     T2CLK           equ	656	;# 
  4624     0291                     T2RST           equ	657	;# 
  4625     0292                     T4TMR           equ	658	;# 
  4626     0292                     TMR4            equ	658	;# 
  4627     0293                     T4PR            equ	659	;# 
  4628     0293                     PR4             equ	659	;# 
  4629     0294                     T4CON           equ	660	;# 
  4630     0295                     T4HLT           equ	661	;# 
  4631     0296                     T4CLKCON        equ	662	;# 
  4632     0296                     T4CLK           equ	662	;# 
  4633     0297                     T4RST           equ	663	;# 
  4634     0298                     T6TMR           equ	664	;# 
  4635     0298                     TMR6            equ	664	;# 
  4636     0299                     T6PR            equ	665	;# 
  4637     0299                     PR6             equ	665	;# 
  4638     029A                     T6CON           equ	666	;# 
  4639     029B                     T6HLT           equ	667	;# 
  4640     029C                     T6CLKCON        equ	668	;# 
  4641     029C                     T6CLK           equ	668	;# 
  4642     029D                     T6RST           equ	669	;# 
  4643     030C                     CCPR1           equ	780	;# 
  4644     030C                     CCPR1L          equ	780	;# 
  4645     030D                     CCPR1H          equ	781	;# 
  4646     030E                     CCP1CON         equ	782	;# 
  4647     030F                     CCP1CAP         equ	783	;# 
  4648     0310                     CCPR2           equ	784	;# 
  4649     0310                     CCPR2L          equ	784	;# 
  4650     0311                     CCPR2H          equ	785	;# 
  4651     0312                     CCP2CON         equ	786	;# 
  4652     0313                     CCP2CAP         equ	787	;# 
  4653     0314                     CCPR3           equ	788	;# 
  4654     0314                     CCPR3L          equ	788	;# 
  4655     0315                     CCPR3H          equ	789	;# 
  4656     0316                     CCP3CON         equ	790	;# 
  4657     0317                     CCP3CAP         equ	791	;# 
  4658     0318                     CCPR4           equ	792	;# 
  4659     0318                     CCPR4L          equ	792	;# 
  4660     0319                     CCPR4H          equ	793	;# 
  4661     031A                     CCP4CON         equ	794	;# 
  4662     031B                     CCP4CAP         equ	795	;# 
  4663     031C                     CCPR5           equ	796	;# 
  4664     031C                     CCPR5L          equ	796	;# 
  4665     031D                     CCPR5H          equ	797	;# 
  4666     031E                     CCP5CON         equ	798	;# 
  4667     031F                     CCP5CAP         equ	799	;# 
  4668     038C                     PWM6DC          equ	908	;# 
  4669     038C                     PWM6DCL         equ	908	;# 
  4670     038D                     PWM6DCH         equ	909	;# 
  4671     038E                     PWM6CON         equ	910	;# 
  4672     0390                     PWM7DC          equ	912	;# 
  4673     0390                     PWM7DCL         equ	912	;# 
  4674     0391                     PWM7DCH         equ	913	;# 
  4675     0392                     PWM7CON         equ	914	;# 
  4676     040C                     SCANLADRL       equ	1036	;# 
  4677     040D                     SCANLADRH       equ	1037	;# 
  4678     040E                     SCANHADRL       equ	1038	;# 
  4679     040F                     SCANHADRH       equ	1039	;# 
  4680     0410                     SCANCON0        equ	1040	;# 
  4681     0411                     SCANTRIG        equ	1041	;# 
  4682     0416                     CRCDATA         equ	1046	;# 
  4683     0416                     CRCDATL         equ	1046	;# 
  4684     0417                     CRCDATH         equ	1047	;# 
  4685     0418                     CRCACC          equ	1048	;# 
  4686     0418                     CRCACCL         equ	1048	;# 
  4687     0419                     CRCACCH         equ	1049	;# 
  4688     041A                     CRCSHFT         equ	1050	;# 
  4689     041A                     CRCSHIFTL       equ	1050	;# 
  4690     041B                     CRCSHIFTH       equ	1051	;# 
  4691     041C                     CRCXOR          equ	1052	;# 
  4692     041C                     CRCXORL         equ	1052	;# 
  4693     041D                     CRCXORH         equ	1053	;# 
  4694     041E                     CRCCON0         equ	1054	;# 
  4695     041F                     CRCCON1         equ	1055	;# 
  4696     048C                     SMT1TMR         equ	1164	;# 
  4697     048C                     SMT1TMRL        equ	1164	;# 
  4698     048D                     SMT1TMRH        equ	1165	;# 
  4699     048E                     SMT1TMRU        equ	1166	;# 
  4700     048F                     SMT1CPR         equ	1167	;# 
  4701     048F                     SMT1CPRL        equ	1167	;# 
  4702     0490                     SMT1CPRH        equ	1168	;# 
  4703     0491                     SMT1CPRU        equ	1169	;# 
  4704     0492                     SMT1CPW         equ	1170	;# 
  4705     0492                     SMT1CPWL        equ	1170	;# 
  4706     0493                     SMT1CPWH        equ	1171	;# 
  4707     0494                     SMT1CPWU        equ	1172	;# 
  4708     0495                     SMT1PR          equ	1173	;# 
  4709     0495                     SMT1PRL         equ	1173	;# 
  4710     0496                     SMT1PRH         equ	1174	;# 
  4711     0497                     SMT1PRU         equ	1175	;# 
  4712     0498                     SMT1CON0        equ	1176	;# 
  4713     0499                     SMT1CON1        equ	1177	;# 
  4714     049A                     SMT1STAT        equ	1178	;# 
  4715     049B                     SMT1CLK         equ	1179	;# 
  4716     049C                     SMT1SIG         equ	1180	;# 
  4717     049D                     SMT1WIN         equ	1181	;# 
  4718     050C                     SMT2TMR         equ	1292	;# 
  4719     050C                     SMT2TMRL        equ	1292	;# 
  4720     050D                     SMT2TMRH        equ	1293	;# 
  4721     050E                     SMT2TMRU        equ	1294	;# 
  4722     050F                     SMT2CPR         equ	1295	;# 
  4723     050F                     SMT2CPRL        equ	1295	;# 
  4724     0510                     SMT2CPRH        equ	1296	;# 
  4725     0511                     SMT2CPRU        equ	1297	;# 
  4726     0512                     SMT2CPW         equ	1298	;# 
  4727     0512                     SMT2CPWL        equ	1298	;# 
  4728     0513                     SMT2CPWH        equ	1299	;# 
  4729     0514                     SMT2CPWU        equ	1300	;# 
  4730     0515                     SMT2PR          equ	1301	;# 
  4731     0515                     SMT2PRL         equ	1301	;# 
  4732     0516                     SMT2PRH         equ	1302	;# 
  4733     0517                     SMT2PRU         equ	1303	;# 
  4734     0518                     SMT2CON0        equ	1304	;# 
  4735     0519                     SMT2CON1        equ	1305	;# 
  4736     051A                     SMT2STAT        equ	1306	;# 
  4737     051B                     SMT2CLK         equ	1307	;# 
  4738     051C                     SMT2SIG         equ	1308	;# 
  4739     051D                     SMT2WIN         equ	1309	;# 
  4740     058C                     NCO1ACC         equ	1420	;# 
  4741     058C                     NCO1ACCL        equ	1420	;# 
  4742     058D                     NCO1ACCH        equ	1421	;# 
  4743     058E                     NCO1ACCU        equ	1422	;# 
  4744     058F                     NCO1INC         equ	1423	;# 
  4745     058F                     NCO1INCL        equ	1423	;# 
  4746     0590                     NCO1INCH        equ	1424	;# 
  4747     0591                     NCO1INCU        equ	1425	;# 
  4748     0592                     NCO1CON         equ	1426	;# 
  4749     0593                     NCO1CLK         equ	1427	;# 
  4750     060C                     CWG1CLKCON      equ	1548	;# 
  4751     060D                     CWG1ISM         equ	1549	;# 
  4752     060E                     CWG1DBR         equ	1550	;# 
  4753     060F                     CWG1DBF         equ	1551	;# 
  4754     0610                     CWG1CON0        equ	1552	;# 
  4755     0611                     CWG1CON1        equ	1553	;# 
  4756     0612                     CWG1AS0         equ	1554	;# 
  4757     0613                     CWG1AS1         equ	1555	;# 
  4758     0614                     CWG1STR         equ	1556	;# 
  4759     0616                     CWG2CLKCON      equ	1558	;# 
  4760     0617                     CWG2ISM         equ	1559	;# 
  4761     0618                     CWG2DBR         equ	1560	;# 
  4762     0619                     CWG2DBF         equ	1561	;# 
  4763     061A                     CWG2CON0        equ	1562	;# 
  4764     061B                     CWG2CON1        equ	1563	;# 
  4765     061C                     CWG2AS0         equ	1564	;# 
  4766     061D                     CWG2AS1         equ	1565	;# 
  4767     061E                     CWG2STR         equ	1566	;# 
  4768     068C                     CWG3CLKCON      equ	1676	;# 
  4769     068D                     CWG3ISM         equ	1677	;# 
  4770     068E                     CWG3DBR         equ	1678	;# 
  4771     068F                     CWG3DBF         equ	1679	;# 
  4772     0690                     CWG3CON0        equ	1680	;# 
  4773     0691                     CWG3CON1        equ	1681	;# 
  4774     0692                     CWG3AS0         equ	1682	;# 
  4775     0693                     CWG3AS1         equ	1683	;# 
  4776     0694                     CWG3STR         equ	1684	;# 
  4777     070C                     PIR0            equ	1804	;# 
  4778     070D                     PIR1            equ	1805	;# 
  4779     070E                     PIR2            equ	1806	;# 
  4780     070F                     PIR3            equ	1807	;# 
  4781     0710                     PIR4            equ	1808	;# 
  4782     0711                     PIR5            equ	1809	;# 
  4783     0712                     PIR6            equ	1810	;# 
  4784     0713                     PIR7            equ	1811	;# 
  4785     0714                     PIR8            equ	1812	;# 
  4786     0716                     PIE0            equ	1814	;# 
  4787     0717                     PIE1            equ	1815	;# 
  4788     0718                     PIE2            equ	1816	;# 
  4789     0719                     PIE3            equ	1817	;# 
  4790     071A                     PIE4            equ	1818	;# 
  4791     071B                     PIE5            equ	1819	;# 
  4792     071C                     PIE6            equ	1820	;# 
  4793     071D                     PIE7            equ	1821	;# 
  4794     071E                     PIE8            equ	1822	;# 
  4795     0796                     PMD0            equ	1942	;# 
  4796     0797                     PMD1            equ	1943	;# 
  4797     0798                     PMD2            equ	1944	;# 
  4798     0799                     PMD3            equ	1945	;# 
  4799     079A                     PMD4            equ	1946	;# 
  4800     079B                     PMD5            equ	1947	;# 
  4801     080C                     WDTCON0         equ	2060	;# 
  4802     080D                     WDTCON1         equ	2061	;# 
  4803     080E                     WDTPSL          equ	2062	;# 
  4804     080F                     WDTPSH          equ	2063	;# 
  4805     0810                     WDTTMR          equ	2064	;# 
  4806     0811                     BORCON          equ	2065	;# 
  4807     0812                     VREGCON         equ	2066	;# 
  4808     0813                     PCON0           equ	2067	;# 
  4809     0814                     CCDCON          equ	2068	;# 
  4810     081A                     NVMADRL         equ	2074	;# 
  4811     081B                     NVMADRH         equ	2075	;# 
  4812     081C                     NVMDATL         equ	2076	;# 
  4813     081D                     NVMDATH         equ	2077	;# 
  4814     081E                     NVMCON1         equ	2078	;# 
  4815     081F                     NVMCON2         equ	2079	;# 
  4816     088C                     CPUDOZE         equ	2188	;# 
  4817     088D                     OSCCON1         equ	2189	;# 
  4818     088E                     OSCCON2         equ	2190	;# 
  4819     088F                     OSCCON3         equ	2191	;# 
  4820     0890                     OSCSTAT         equ	2192	;# 
  4821     0891                     OSCEN           equ	2193	;# 
  4822     0892                     OSCTUNE         equ	2194	;# 
  4823     0893                     OSCFRQ          equ	2195	;# 
  4824     0895                     CLKRCON         equ	2197	;# 
  4825     0896                     CLKRCLK         equ	2198	;# 
  4826     0897                     MDCON0          equ	2199	;# 
  4827     0898                     MDCON1          equ	2200	;# 
  4828     0899                     MDSRC           equ	2201	;# 
  4829     089A                     MDCARL          equ	2202	;# 
  4830     089B                     MDCARH          equ	2203	;# 
  4831     090C                     FVRCON          equ	2316	;# 
  4832     090E                     DAC1CON0        equ	2318	;# 
  4833     090F                     DAC1CON1        equ	2319	;# 
  4834     091F                     ZCD1CON         equ	2335	;# 
  4835     091F                     ZCDCON          equ	2335	;# 
  4836     098F                     CMOUT           equ	2447	;# 
  4837     098F                     CMSTAT          equ	2447	;# 
  4838     0990                     CM1CON0         equ	2448	;# 
  4839     0991                     CM1CON1         equ	2449	;# 
  4840     0992                     CM1NSEL         equ	2450	;# 
  4841     0993                     CM1PSEL         equ	2451	;# 
  4842     0994                     CM2CON0         equ	2452	;# 
  4843     0995                     CM2CON1         equ	2453	;# 
  4844     0996                     CM2NSEL         equ	2454	;# 
  4845     0997                     CM2PSEL         equ	2455	;# 
  4846     0E0F                     CLCDATA         equ	3599	;# 
  4847     0E10                     CLC1CON         equ	3600	;# 
  4848     0E11                     CLC1POL         equ	3601	;# 
  4849     0E12                     CLC1SEL0        equ	3602	;# 
  4850     0E13                     CLC1SEL1        equ	3603	;# 
  4851     0E14                     CLC1SEL2        equ	3604	;# 
  4852     0E15                     CLC1SEL3        equ	3605	;# 
  4853     0E16                     CLC1GLS0        equ	3606	;# 
  4854     0E17                     CLC1GLS1        equ	3607	;# 
  4855     0E18                     CLC1GLS2        equ	3608	;# 
  4856     0E19                     CLC1GLS3        equ	3609	;# 
  4857     0E1A                     CLC2CON         equ	3610	;# 
  4858     0E1B                     CLC2POL         equ	3611	;# 
  4859     0E1C                     CLC2SEL0        equ	3612	;# 
  4860     0E1D                     CLC2SEL1        equ	3613	;# 
  4861     0E1E                     CLC2SEL2        equ	3614	;# 
  4862     0E1F                     CLC2SEL3        equ	3615	;# 
  4863     0E20                     CLC2GLS0        equ	3616	;# 
  4864     0E21                     CLC2GLS1        equ	3617	;# 
  4865     0E22                     CLC2GLS2        equ	3618	;# 
  4866     0E23                     CLC2GLS3        equ	3619	;# 
  4867     0E24                     CLC3CON         equ	3620	;# 
  4868     0E25                     CLC3POL         equ	3621	;# 
  4869     0E26                     CLC3SEL0        equ	3622	;# 
  4870     0E27                     CLC3SEL1        equ	3623	;# 
  4871     0E28                     CLC3SEL2        equ	3624	;# 
  4872     0E29                     CLC3SEL3        equ	3625	;# 
  4873     0E2A                     CLC3GLS0        equ	3626	;# 
  4874     0E2B                     CLC3GLS1        equ	3627	;# 
  4875     0E2C                     CLC3GLS2        equ	3628	;# 
  4876     0E2D                     CLC3GLS3        equ	3629	;# 
  4877     0E2E                     CLC4CON         equ	3630	;# 
  4878     0E2F                     CLC4POL         equ	3631	;# 
  4879     0E30                     CLC4SEL0        equ	3632	;# 
  4880     0E31                     CLC4SEL1        equ	3633	;# 
  4881     0E32                     CLC4SEL2        equ	3634	;# 
  4882     0E33                     CLC4SEL3        equ	3635	;# 
  4883     0E34                     CLC4GLS0        equ	3636	;# 
  4884     0E35                     CLC4GLS1        equ	3637	;# 
  4885     0E36                     CLC4GLS2        equ	3638	;# 
  4886     0E37                     CLC4GLS3        equ	3639	;# 
  4887     0E8F                     PPSLOCK         equ	3727	;# 
  4888     0E90                     INTPPS          equ	3728	;# 
  4889     0E91                     T0CKIPPS        equ	3729	;# 
  4890     0E92                     T1CKIPPS        equ	3730	;# 
  4891     0E93                     T1GPPS          equ	3731	;# 
  4892     0E94                     T3CKIPPS        equ	3732	;# 
  4893     0E95                     T3GPPS          equ	3733	;# 
  4894     0E96                     T5CKIPPS        equ	3734	;# 
  4895     0E97                     T5GPPS          equ	3735	;# 
  4896     0E9C                     T2AINPPS        equ	3740	;# 
  4897     0E9D                     T4AINPPS        equ	3741	;# 
  4898     0E9E                     T6AINPPS        equ	3742	;# 
  4899     0EA1                     CCP1PPS         equ	3745	;# 
  4900     0EA2                     CCP2PPS         equ	3746	;# 
  4901     0EA3                     CCP3PPS         equ	3747	;# 
  4902     0EA4                     CCP4PPS         equ	3748	;# 
  4903     0EA5                     CCP5PPS         equ	3749	;# 
  4904     0EA9                     SMT1WINPPS      equ	3753	;# 
  4905     0EAA                     SMT1SIGPPS      equ	3754	;# 
  4906     0EAB                     SMT2WINPPS      equ	3755	;# 
  4907     0EAC                     SMT2SIGPPS      equ	3756	;# 
  4908     0EB1                     CWG1PPS         equ	3761	;# 
  4909     0EB2                     CWG2PPS         equ	3762	;# 
  4910     0EB3                     CWG3PPS         equ	3763	;# 
  4911     0EB8                     MDCARLPPS       equ	3768	;# 
  4912     0EB9                     MDCARHPPS       equ	3769	;# 
  4913     0EBA                     MDSRCPPS        equ	3770	;# 
  4914     0EBB                     CLCIN0PPS       equ	3771	;# 
  4915     0EBC                     CLCIN1PPS       equ	3772	;# 
  4916     0EBD                     CLCIN2PPS       equ	3773	;# 
  4917     0EBE                     CLCIN3PPS       equ	3774	;# 
  4918     0EC3                     ADCACTPPS       equ	3779	;# 
  4919     0EC5                     SSP1CLKPPS      equ	3781	;# 
  4920     0EC6                     SSP1DATPPS      equ	3782	;# 
  4921     0EC7                     SSP1SSPPS       equ	3783	;# 
  4922     0EC8                     SSP2CLKPPS      equ	3784	;# 
  4923     0EC9                     SSP2DATPPS      equ	3785	;# 
  4924     0ECA                     SSP2SSPPS       equ	3786	;# 
  4925     0ECB                     RXPPS           equ	3787	;# 
  4926     0ECC                     TXPPS           equ	3788	;# 
  4927     0F10                     RA0PPS          equ	3856	;# 
  4928     0F11                     RA1PPS          equ	3857	;# 
  4929     0F12                     RA2PPS          equ	3858	;# 
  4930     0F13                     RA3PPS          equ	3859	;# 
  4931     0F14                     RA4PPS          equ	3860	;# 
  4932     0F15                     RA5PPS          equ	3861	;# 
  4933     0F16                     RA6PPS          equ	3862	;# 
  4934     0F17                     RA7PPS          equ	3863	;# 
  4935     0F18                     RB0PPS          equ	3864	;# 
  4936     0F19                     RB1PPS          equ	3865	;# 
  4937     0F1A                     RB2PPS          equ	3866	;# 
  4938     0F1B                     RB3PPS          equ	3867	;# 
  4939     0F1C                     RB4PPS          equ	3868	;# 
  4940     0F1D                     RB5PPS          equ	3869	;# 
  4941     0F1E                     RB6PPS          equ	3870	;# 
  4942     0F1F                     RB7PPS          equ	3871	;# 
  4943     0F20                     RC0PPS          equ	3872	;# 
  4944     0F21                     RC1PPS          equ	3873	;# 
  4945     0F22                     RC2PPS          equ	3874	;# 
  4946     0F23                     RC3PPS          equ	3875	;# 
  4947     0F24                     RC4PPS          equ	3876	;# 
  4948     0F25                     RC5PPS          equ	3877	;# 
  4949     0F26                     RC6PPS          equ	3878	;# 
  4950     0F27                     RC7PPS          equ	3879	;# 
  4951     0F28                     RD0PPS          equ	3880	;# 
  4952     0F29                     RD1PPS          equ	3881	;# 
  4953     0F2A                     RD2PPS          equ	3882	;# 
  4954     0F2B                     RD3PPS          equ	3883	;# 
  4955     0F2C                     RD4PPS          equ	3884	;# 
  4956     0F2D                     RD5PPS          equ	3885	;# 
  4957     0F2E                     RD6PPS          equ	3886	;# 
  4958     0F2F                     RD7PPS          equ	3887	;# 
  4959     0F30                     RE0PPS          equ	3888	;# 
  4960     0F31                     RE1PPS          equ	3889	;# 
  4961     0F32                     RE2PPS          equ	3890	;# 
  4962     0F38                     ANSELA          equ	3896	;# 
  4963     0F39                     WPUA            equ	3897	;# 
  4964     0F3A                     ODCONA          equ	3898	;# 
  4965     0F3B                     SLRCONA         equ	3899	;# 
  4966     0F3C                     INLVLA          equ	3900	;# 
  4967     0F3D                     IOCAP           equ	3901	;# 
  4968     0F3E                     IOCAN           equ	3902	;# 
  4969     0F3F                     IOCAF           equ	3903	;# 
  4970     0F40                     CCDNA           equ	3904	;# 
  4971     0F41                     CCDPA           equ	3905	;# 
  4972     0F43                     ANSELB          equ	3907	;# 
  4973     0F44                     WPUB            equ	3908	;# 
  4974     0F45                     ODCONB          equ	3909	;# 
  4975     0F46                     SLRCONB         equ	3910	;# 
  4976     0F47                     INLVLB          equ	3911	;# 
  4977     0F48                     IOCBP           equ	3912	;# 
  4978     0F49                     IOCBN           equ	3913	;# 
  4979     0F4A                     IOCBF           equ	3914	;# 
  4980     0F4B                     CCDNB           equ	3915	;# 
  4981     0F4C                     CCDPB           equ	3916	;# 
  4982     0F4E                     ANSELC          equ	3918	;# 
  4983     0F4F                     WPUC            equ	3919	;# 
  4984     0F50                     ODCONC          equ	3920	;# 
  4985     0F51                     SLRCONC         equ	3921	;# 
  4986     0F52                     INLVLC          equ	3922	;# 
  4987     0F53                     IOCCP           equ	3923	;# 
  4988     0F54                     IOCCN           equ	3924	;# 
  4989     0F55                     IOCCF           equ	3925	;# 
  4990     0F56                     CCDNC           equ	3926	;# 
  4991     0F57                     CCDPC           equ	3927	;# 
  4992     0F59                     ANSELD          equ	3929	;# 
  4993     0F5A                     WPUD            equ	3930	;# 
  4994     0F5B                     ODCOND          equ	3931	;# 
  4995     0F5C                     SLRCOND         equ	3932	;# 
  4996     0F5D                     INLVLD          equ	3933	;# 
  4997     0F61                     CCDND           equ	3937	;# 
  4998     0F62                     CCDPD           equ	3938	;# 
  4999     0F64                     ANSELE          equ	3940	;# 
  5000     0F65                     WPUE            equ	3941	;# 
  5001     0F66                     ODCONE          equ	3942	;# 
  5002     0F67                     SLRCONE         equ	3943	;# 
  5003     0F68                     INLVLE          equ	3944	;# 
  5004     0F69                     IOCEP           equ	3945	;# 
  5005     0F6A                     IOCEN           equ	3946	;# 
  5006     0F6B                     IOCEF           equ	3947	;# 
  5007     0F6C                     CCDNE           equ	3948	;# 
  5008     0F6D                     CCDPE           equ	3949	;# 
  5009     0FE4                     STATUS_SHAD     equ	4068	;# 
  5010     0FE5                     WREG_SHAD       equ	4069	;# 
  5011     0FE6                     BSR_SHAD        equ	4070	;# 
  5012     0FE7                     PCLATH_SHAD     equ	4071	;# 
  5013     0FE8                     FSR0L_SHAD      equ	4072	;# 
  5014     0FE9                     FSR0H_SHAD      equ	4073	;# 
  5015     0FEA                     FSR1L_SHAD      equ	4074	;# 
  5016     0FEB                     FSR1H_SHAD      equ	4075	;# 
  5017     0FED                     STKPTR          equ	4077	;# 
  5018     0FEE                     TOSL            equ	4078	;# 
  5019     0FEF                     TOSH            equ	4079	;# 
  5020                           
  5021 ;; Function _rd1RegCompleteHandler is unused but had its address taken
  5022     0000                     _rd1RegCompleteHandler equ	0
  5023                           
  5024 ;; Function _rd2RegCompleteHandler is unused but had its address taken
  5025     0000                     _rd2RegCompleteHandler equ	0
  5026                           
  5027 ;; Function _wr1RegCompleteHandler is unused but had its address taken
  5028     0000                     _wr1RegCompleteHandler equ	0
  5029                           
  5030 ;; Function _wr2RegCompleteHandler is unused but had its address taken
  5031     0000                     _wr2RegCompleteHandler equ	0
  5032                           
  5033 ;; Function _rdBlkRegCompleteHandler is unused but had its address taken
  5034     0000                     _rdBlkRegCompleteHandler equ	0
  5035                           
  5036 ;; Function _I2C1_MasterIsr is unused but had its address taken
  5037     0000                     _I2C1_MasterIsr equ	0
  5038                           
  5039 ;; Function _I2C1_DO_IDLE is unused but had its address taken
  5040     0000                     _I2C1_DO_IDLE   equ	0
  5041                           
  5042 ;; Function _I2C1_DO_SEND_ADR_READ is unused but had its address taken
  5043     0000                     _I2C1_DO_SEND_ADR_READ equ	0
  5044                           
  5045 ;; Function _I2C1_DO_SEND_ADR_WRITE is unused but had its address taken
  5046     0000                     _I2C1_DO_SEND_ADR_WRITE equ	0
  5047                           
  5048 ;; Function _I2C1_DO_TX is unused but had its address taken
  5049     0000                     _I2C1_DO_TX     equ	0
  5050                           
  5051 ;; Function _I2C1_DO_RX is unused but had its address taken
  5052     0000                     _I2C1_DO_RX     equ	0
  5053                           
  5054 ;; Function _I2C1_DO_RCEN is unused but had its address taken
  5055     0000                     _I2C1_DO_RCEN   equ	0
  5056                           
  5057 ;; Function _I2C1_DO_TX_EMPTY is unused but had its address taken
  5058     0000                     _I2C1_DO_TX_EMPTY equ	0
  5059                           
  5060 ;; Function _I2C1_DO_SEND_RESTART_READ is unused but had its address taken
  5061     0000                     _I2C1_DO_SEND_RESTART_READ equ	0
  5062                           
  5063 ;; Function _I2C1_DO_SEND_RESTART_WRITE is unused but had its address taken
  5064     0000                     _I2C1_DO_SEND_RESTART_WRITE equ	0
  5065                           
  5066 ;; Function _I2C1_DO_SEND_RESTART is unused but had its address taken
  5067     0000                     _I2C1_DO_SEND_RESTART equ	0
  5068                           
  5069 ;; Function _I2C1_DO_SEND_STOP is unused but had its address taken
  5070     0000                     _I2C1_DO_SEND_STOP equ	0
  5071                           
  5072 ;; Function _I2C1_DO_RX_ACK is unused but had its address taken
  5073     0000                     _I2C1_DO_RX_ACK equ	0
  5074                           
  5075 ;; Function _I2C1_DO_RX_NACK_STOP is unused but had its address taken
  5076     0000                     _I2C1_DO_RX_NACK_STOP equ	0
  5077                           
  5078 ;; Function _I2C1_DO_RX_NACK_RESTART is unused but had its address taken
  5079     0000                     _I2C1_DO_RX_NACK_RESTART equ	0
  5080                           
  5081 ;; Function _I2C1_DO_RESET is unused but had its address taken
  5082     0000                     _I2C1_DO_RESET  equ	0
  5083                           
  5084 ;; Function _I2C1_DO_ADDRESS_NACK is unused but had its address taken
  5085     0000                     _I2C1_DO_ADDRESS_NACK equ	0
  5086                           
  5087 ;; Function _I2C1_CallbackReturnStop is unused but had its address taken
  5088     0000                     _I2C1_CallbackReturnStop equ	0
  5089                           
  5090 ;; Function _I2C1_CallbackReturnReset is unused but had its address taken
  5091     0000                     _I2C1_CallbackReturnReset equ	0
  5092                           
  5093                           	psect	stringtext1
  5094     07E4                     __pstringtext1:
  5095     07E4                     _i2c1_fsmStateTable:
  5096     07E4  3400               	retlw	0
  5097     07E5  3400               	retlw	0
  5098     07E6  3400               	retlw	0
  5099     07E7  3400               	retlw	0
  5100     07E8  3400               	retlw	0
  5101     07E9  3400               	retlw	0
  5102     07EA  3400               	retlw	0
  5103     07EB  3400               	retlw	0
  5104     07EC  3400               	retlw	0
  5105     07ED  3400               	retlw	0
  5106     07EE  3400               	retlw	0
  5107     07EF  3400               	retlw	0
  5108     07F0  3400               	retlw	0
  5109     07F1  3400               	retlw	0
  5110     07F2  3400               	retlw	0
  5111     07F3  3400               	retlw	0
  5112     07F4  3400               	retlw	0
  5113     07F5  3400               	retlw	0
  5114     07F6  3400               	retlw	0
  5115     07F7  3400               	retlw	0
  5116     07F8  3400               	retlw	0
  5117     07F9  3400               	retlw	0
  5118     07FA  3400               	retlw	0
  5119     07FB  3400               	retlw	0
  5120     07FC  3400               	retlw	0
  5121     07FD  3400               	retlw	0
  5122     07FE  3400               	retlw	0
  5123     07FF  3400               	retlw	0
  5124     0800  3400               	retlw	0
  5125     0801  3400               	retlw	0
  5126     0802  3400               	retlw	0
  5127     0803  3400               	retlw	0
  5128     0804                     __end_of_i2c1_fsmStateTable:
  5129                           
  5130                           	psect	nvBANK1
  5131     00D0                     __pnvBANK1:
  5132     00D0                     _TMR1_InterruptHandler:
  5133     00D0                     	ds	2
  5134     000B                     _INTCONbits     set	11
  5135     0014                     _TRISD          set	20
  5136     0013                     _TRISC          set	19
  5137     0012                     _TRISB          set	18
  5138     0011                     _TRISA          set	17
  5139     0015                     _TRISE          set	21
  5140     0018                     _LATC           set	24
  5141     0017                     _LATB           set	23
  5142     0016                     _LATA           set	22
  5143     0019                     _LATD           set	25
  5144     001A                     _LATE           set	26
  5145     0013                     _TRISCbits      set	19
  5146     018C                     _SSP1BUF        set	396
  5147     018F                     _SSP1STATbits   set	399
  5148     0191                     _SSP1CON2bits   set	401
  5149     0190                     _SSP1CON1bits   set	400
  5150     018D                     _SSP1ADD        set	397
  5151     0191                     _SSP1CON2       set	401
  5152     0190                     _SSP1CON1       set	400
  5153     018F                     _SSP1STAT       set	399
  5154     020F                     _T1GCONbits     set	527
  5155     020E                     _T1CONbits      set	526
  5156     020E                     _T1CON          set	526
  5157     020C                     _TMR1L          set	524
  5158     020D                     _TMR1H          set	525
  5159     0211                     _T1CLK          set	529
  5160     0210                     _T1GATE         set	528
  5161     020F                     _T1GCON         set	527
  5162     0710                     _PIR4bits       set	1808
  5163     071A                     _PIE4bits       set	1818
  5164     0719                     _PIE3bits       set	1817
  5165     070F                     _PIR3bits       set	1807
  5166     079B                     _PMD5           set	1947
  5167     079A                     _PMD4           set	1946
  5168     0799                     _PMD3           set	1945
  5169     0798                     _PMD2           set	1944
  5170     0797                     _PMD1           set	1943
  5171     0796                     _PMD0           set	1942
  5172     0892                     _OSCTUNE        set	2194
  5173     0893                     _OSCFRQ         set	2195
  5174     0891                     _OSCEN          set	2193
  5175     088F                     _OSCCON3        set	2191
  5176     088D                     _OSCCON1        set	2189
  5177     0EC6                     _SSP1DATPPS     set	3782
  5178     0EC5                     _SSP1CLKPPS     set	3781
  5179     0F24                     _RC4PPS         set	3876
  5180     0F23                     _RC3PPS         set	3875
  5181     0F68                     _INLVLE         set	3944
  5182     0F5D                     _INLVLD         set	3933
  5183     0F52                     _INLVLC         set	3922
  5184     0F47                     _INLVLB         set	3911
  5185     0F3C                     _INLVLA         set	3900
  5186     0F67                     _SLRCONE        set	3943
  5187     0F5C                     _SLRCOND        set	3932
  5188     0F51                     _SLRCONC        set	3921
  5189     0F46                     _SLRCONB        set	3910
  5190     0F3B                     _SLRCONA        set	3899
  5191     0F5B                     _ODCOND         set	3931
  5192     0F50                     _ODCONC         set	3920
  5193     0F45                     _ODCONB         set	3909
  5194     0F3A                     _ODCONA         set	3898
  5195     0F66                     _ODCONE         set	3942
  5196     0F4F                     _WPUC           set	3919
  5197     0F39                     _WPUA           set	3897
  5198     0F44                     _WPUB           set	3908
  5199     0F65                     _WPUE           set	3941
  5200     0F5A                     _WPUD           set	3930
  5201     0F38                     _ANSELA         set	3896
  5202     0F64                     _ANSELE         set	3940
  5203     0F43                     _ANSELB         set	3907
  5204     0F4E                     _ANSELC         set	3918
  5205     0F59                     _ANSELD         set	3929
  5206                           
  5207                           	psect	stringtext2
  5208     1000                     __pstringtext2:
  5209     1000                     STR_1:
  5210     1000  3454               	retlw	84	;'T'
  5211     1001  3469               	retlw	105	;'i'
  5212     1002  346D               	retlw	109	;'m'
  5213     1003  3465               	retlw	101	;'e'
  5214     1004  3420               	retlw	32	;' '
  5215     1005  3425               	retlw	37	;'%'
  5216     1006  3430               	retlw	48	;'0'
  5217     1007  3432               	retlw	50	;'2'
  5218     1008  346C               	retlw	108	;'l'
  5219     1009  3475               	retlw	117	;'u'
  5220     100A  343A               	retlw	58	;':'
  5221     100B  3425               	retlw	37	;'%'
  5222     100C  3430               	retlw	48	;'0'
  5223     100D  3432               	retlw	50	;'2'
  5224     100E  346C               	retlw	108	;'l'
  5225     100F  3475               	retlw	117	;'u'
  5226     1010  343A               	retlw	58	;':'
  5227     1011  3425               	retlw	37	;'%'
  5228     1012  3430               	retlw	48	;'0'
  5229     1013  3432               	retlw	50	;'2'
  5230     1014  346C               	retlw	108	;'l'
  5231     1015  3475               	retlw	117	;'u'
  5232     1016  3400               	retlw	0
  5233                           
  5234                           	psect	stringtext3
  5235     0000                     __pstringtext3:
  5236                           
  5237                           	psect	cinit
  5238     001E                     start_initialization:	
  5239                           ; #config settings
  5240                           
  5241     001E                     __initialization:
  5242                           
  5243                           ; Clear objects allocated to COMMON
  5244     001E  01FA               	clrf	__pbssCOMMON& (0+127)
  5245     001F  01FB               	clrf	(__pbssCOMMON+1)& (0+127)
  5246                           
  5247                           ; Clear objects allocated to BANK0
  5248     0020  0020               	movlb	0	; select bank0
  5249     0021  01E5               	clrf	__pbssBANK0& (0+127)
  5250                           
  5251                           ; Clear objects allocated to BANK1
  5252     0022  30A0               	movlw	low __pbssBANK1
  5253     0023  0084               	movwf	4
  5254     0024  3000               	movlw	high __pbssBANK1
  5255     0025  0085               	movwf	5
  5256     0026  3024               	movlw	36
  5257     0027  318E  26F3  3180   	fcall	clear_ram0
  5258                           
  5259                           ; Clear objects allocated to BANK2
  5260     002A  3041               	movlw	low __pbssBANK2
  5261     002B  0084               	movwf	4
  5262     002C  3001               	movlw	high __pbssBANK2
  5263     002D  0085               	movwf	5
  5264     002E  3020               	movlw	32
  5265     002F  318E  26F3  3180   	fcall	clear_ram0
  5266     0032                     end_of_initialization:	
  5267                           ;End of C runtime variable initialization code
  5268                           
  5269     0032                     __end_of__initialization:
  5270     0032  107E               	bcf	int$flags,0	;clear compiler interrupt flag (level 1)
  5271     0033  0020               	movlb	0
  5272     0034  3182  2A80         	ljmp	_main	;jump to C main() function
  5273                           
  5274                           	psect	bssCOMMON
  5275     007A                     __pbssCOMMON:
  5276     007A                     _timer1ReloadVal:
  5277     007A                     	ds	2
  5278                           
  5279                           	psect	bssBANK0
  5280     0065                     __pbssBANK0:
  5281     0065                     _flags:
  5282     0065                     	ds	1
  5283                           
  5284                           	psect	bssBANK1
  5285     00A0                     __pbssBANK1:
  5286     00A0                     _I2C1_Status:
  5287     00A0                     	ds	29
  5288     00BD                     _width:
  5289     00BD                     	ds	2
  5290     00BF                     _prec:
  5291     00BF                     	ds	2
  5292     00C1                     _MSSP1_InterruptHandler:
  5293     00C1                     	ds	2
  5294     00C3                     _second_has_passed:
  5295     00C3                     	ds	1
  5296                           
  5297                           	psect	bssBANK2
  5298     0141                     __pbssBANK2:
  5299     0141                     _dbuf:
  5300     0141                     	ds	32
  5301                           
  5302                           	psect	clrtext
  5303     0EF3                     clear_ram0:	
  5304                           ;	Called with FSR0 containing the base address, and
  5305                           ;	WREG with the size to clear
  5306                           
  5307     0EF3  0064               	clrwdt	;clear the watchdog before getting into this loop
  5308     0EF4                     clrloop0:
  5309     0EF4  0180               	clrf	0	;clear RAM location pointed to by FSR
  5310     0EF5  3101               	addfsr 0,1
  5311     0EF6  0B89               	decfsz	9,f	;Have we reached the end of clearing yet?
  5312     0EF7  2EF4               	goto	clrloop0	;have we reached the end yet?
  5313     0EF8  3400               	retlw	0	;all done for this memory range, return
  5314                           
  5315                           	psect	cstackBANK2
  5316     0120                     __pcstackBANK2:
  5317     0120                     main@buf:
  5318                           
  5319                           ; 17 bytes @ 0x0
  5320     0120                     	ds	17
  5321     0131                     main@hours:
  5322                           
  5323                           ; 4 bytes @ 0x11
  5324     0131                     	ds	4
  5325     0135                     main@minutes:
  5326                           
  5327                           ; 4 bytes @ 0x15
  5328     0135                     	ds	4
  5329     0139                     main@secs:
  5330                           
  5331                           ; 4 bytes @ 0x19
  5332     0139                     	ds	4
  5333     013D                     main@seconds:
  5334                           
  5335                           ; 4 bytes @ 0x1D
  5336     013D                     	ds	4
  5337                           
  5338                           	psect	cstackBANK1
  5339     00C4                     __pcstackBANK1:
  5340     00C4                     sprintf@ap:
  5341                           
  5342                           ; 1 bytes @ 0x0
  5343     00C4                     	ds	1
  5344     00C5                     sprintf@f:
  5345                           
  5346                           ; 11 bytes @ 0x1
  5347     00C5                     	ds	11
  5348                           
  5349                           	psect	cstackCOMMON
  5350     0070                     __pcstackCOMMON:
  5351     0070                     ?_PMD_Initialize:
  5352     0070                     ?_I2C1_Initialize:	
  5353                           ; 1 bytes @ 0x0
  5354                           
  5355     0070                     ?_PIN_MANAGER_Initialize:	
  5356                           ; 1 bytes @ 0x0
  5357                           
  5358     0070                     ?_OSCILLATOR_Initialize:	
  5359                           ; 1 bytes @ 0x0
  5360                           
  5361     0070                     ?_TMR1_Initialize:	
  5362                           ; 1 bytes @ 0x0
  5363                           
  5364     0070                     ?_TMR1_ISR:	
  5365                           ; 1 bytes @ 0x0
  5366                           
  5367     0070                     ?_TMR1_DefaultInterruptHandler:	
  5368                           ; 1 bytes @ 0x0
  5369                           
  5370     0070                     ?_putch:	
  5371                           ; 1 bytes @ 0x0
  5372                           
  5373     0070                     ?_OpenI2C:	
  5374                           ; 1 bytes @ 0x0
  5375                           
  5376     0070                     ?_ReadI2C:	
  5377                           ; 1 bytes @ 0x0
  5378                           
  5379     0070                     ?_WriteI2C:	
  5380                           ; 1 bytes @ 0x0
  5381                           
  5382     0070                     ?_LCDsend:	
  5383                           ; 1 bytes @ 0x0
  5384                           
  5385     0070                     ?_LCDrecv:	
  5386                           ; 1 bytes @ 0x0
  5387                           
  5388     0070                     ?_LCDinit:	
  5389                           ; 1 bytes @ 0x0
  5390                           
  5391     0070                     ?_LCDcmd:	
  5392                           ; 1 bytes @ 0x0
  5393                           
  5394     0070                     ?_LCDchar:	
  5395                           ; 1 bytes @ 0x0
  5396                           
  5397     0070                     ?_SYSTEM_Initialize:	
  5398                           ; 1 bytes @ 0x0
  5399                           
  5400     0070                     ?_INTERRUPT_InterruptManager:	
  5401                           ; 1 bytes @ 0x0
  5402                           
  5403     0070                     ?_TMR1_WriteTimer:	
  5404                           ; 1 bytes @ 0x0
  5405                           
  5406     0070                     ?_main:	
  5407                           ; 1 bytes @ 0x0
  5408                           
  5409     0070                     putch@c:	
  5410                           ; 1 bytes @ 0x0
  5411                           
  5412     0070                     TMR1_WriteTimer@timerVal:	
  5413                           ; 1 bytes @ 0x0
  5414                           
  5415     0070                     ??_TMR1_DefaultInterruptHandler:	
  5416                           ; 2 bytes @ 0x0
  5417                           
  5418                           
  5419                           ; 1 bytes @ 0x0
  5420     0070                     	ds	2
  5421     0072                     ?_TMR1_SetInterruptHandler:
  5422     0072                     ?_fputc:	
  5423                           ; 1 bytes @ 0x2
  5424                           
  5425     0072                     ?___wmul:	
  5426                           ; 2 bytes @ 0x2
  5427                           
  5428     0072                     ?___lldiv:	
  5429                           ; 2 bytes @ 0x2
  5430                           
  5431     0072                     TMR1_SetInterruptHandler@InterruptHandler:	
  5432                           ; 4 bytes @ 0x2
  5433                           
  5434     0072                     ___wmul@multiplier:	
  5435                           ; 2 bytes @ 0x2
  5436                           
  5437     0072                     fputc@c:	
  5438                           ; 2 bytes @ 0x2
  5439                           
  5440     0072                     ___lldiv@divisor:	
  5441                           ; 2 bytes @ 0x2
  5442                           
  5443     0072                     ??_PMD_Initialize:	
  5444                           ; 4 bytes @ 0x2
  5445                           
  5446     0072                     ??_I2C1_Initialize:	
  5447                           ; 1 bytes @ 0x2
  5448                           
  5449     0072                     ??_PIN_MANAGER_Initialize:	
  5450                           ; 1 bytes @ 0x2
  5451                           
  5452     0072                     ??_OSCILLATOR_Initialize:	
  5453                           ; 1 bytes @ 0x2
  5454                           
  5455     0072                     ??_TMR1_ISR:	
  5456                           ; 1 bytes @ 0x2
  5457                           
  5458     0072                     ??_putch:	
  5459                           ; 1 bytes @ 0x2
  5460                           
  5461     0072                     ??_OpenI2C:	
  5462                           ; 1 bytes @ 0x2
  5463                           
  5464     0072                     ??_ReadI2C:	
  5465                           ; 1 bytes @ 0x2
  5466                           
  5467     0072                     ??_WriteI2C:	
  5468                           ; 1 bytes @ 0x2
  5469                           
  5470     0072                     ??_INTERRUPT_InterruptManager:	
  5471                           ; 1 bytes @ 0x2
  5472                           
  5473     0072                     ??_TMR1_WriteTimer:	
  5474                           ; 1 bytes @ 0x2
  5475                           
  5476                           
  5477                           ; 1 bytes @ 0x2
  5478     0072                     	ds	1
  5479     0073                     WriteI2C@data_out:
  5480                           
  5481                           ; 1 bytes @ 0x3
  5482     0073                     	ds	1
  5483     0074                     ?_LCDsend2x4:
  5484     0074                     LCDsend2x4@mode:	
  5485                           ; 1 bytes @ 0x4
  5486                           
  5487     0074                     ___wmul@multiplicand:	
  5488                           ; 1 bytes @ 0x4
  5489                           
  5490     0074                     fputc@fp:	
  5491                           ; 2 bytes @ 0x4
  5492                           
  5493     0074                     ??_TMR1_Initialize:	
  5494                           ; 2 bytes @ 0x4
  5495                           
  5496     0074                     ??_TMR1_SetInterruptHandler:	
  5497                           ; 1 bytes @ 0x4
  5498                           
  5499     0074                     ??_LCDsend:	
  5500                           ; 1 bytes @ 0x4
  5501                           
  5502     0074                     ??_LCDrecv:	
  5503                           ; 1 bytes @ 0x4
  5504                           
  5505     0074                     ??_SYSTEM_Initialize:	
  5506                           ; 1 bytes @ 0x4
  5507                           
  5508                           
  5509                           ; 1 bytes @ 0x4
  5510     0074                     	ds	1
  5511     0075                     LCDsend@c:
  5512     0075                     ??_LCDsend2x4:	
  5513                           ; 1 bytes @ 0x5
  5514                           
  5515                           
  5516                           ; 1 bytes @ 0x5
  5517     0075                     	ds	1
  5518     0076                     LCDrecv@hc:
  5519     0076                     LCDsend2x4@c:	
  5520                           ; 1 bytes @ 0x6
  5521                           
  5522     0076                     ___wmul@product:	
  5523                           ; 1 bytes @ 0x6
  5524                           
  5525     0076                     ___lldiv@dividend:	
  5526                           ; 2 bytes @ 0x6
  5527                           
  5528     0076                     ??_fputs:	
  5529                           ; 4 bytes @ 0x6
  5530                           
  5531     0076                     ??___wmul:	
  5532                           ; 1 bytes @ 0x6
  5533                           
  5534                           
  5535                           ; 1 bytes @ 0x6
  5536     0076                     	ds	1
  5537     0077                     LCDrecv@lc:
  5538     0077                     LCDsend2x4@hc:	
  5539                           ; 1 bytes @ 0x7
  5540                           
  5541                           
  5542                           ; 1 bytes @ 0x7
  5543     0077                     	ds	1
  5544     0078                     ?_read_prec_or_width:
  5545     0078                     LCDrecv@mode:	
  5546                           ; 2 bytes @ 0x8
  5547                           
  5548     0078                     LCDsend2x4@lc:	
  5549                           ; 1 bytes @ 0x8
  5550                           
  5551     0078                     read_prec_or_width@fmt:	
  5552                           ; 1 bytes @ 0x8
  5553                           
  5554     0078                     ??_pad:	
  5555                           ; 1 bytes @ 0x8
  5556                           
  5557                           
  5558                           ; 1 bytes @ 0x8
  5559     0078                     	ds	1
  5560     0079                     LCDcmd@c:
  5561     0079                     LCDchar@c:	
  5562                           ; 1 bytes @ 0x9
  5563                           
  5564     0079                     read_prec_or_width@ap:	
  5565                           ; 1 bytes @ 0x9
  5566                           
  5567     0079                     ??_LCDinit:	
  5568                           ; 1 bytes @ 0x9
  5569                           
  5570     0079                     ??_LCDcmd:	
  5571                           ; 1 bytes @ 0x9
  5572                           
  5573     0079                     ??_LCDchar:	
  5574                           ; 1 bytes @ 0x9
  5575                           
  5576     0079                     ??_LCDbusy:	
  5577                           ; 1 bytes @ 0x9
  5578                           
  5579                           
  5580                           ; 1 bytes @ 0x9
  5581     0079                     	ds	1
  5582     007A                     ??_sprintf:
  5583     007A                     ??_LCDstr:	
  5584                           ; 1 bytes @ 0xA
  5585                           
  5586     007A                     ??_main:	
  5587                           ; 1 bytes @ 0xA
  5588                           
  5589     007A                     ??___lldiv:	
  5590                           ; 1 bytes @ 0xA
  5591                           
  5592     007A                     ??___llmod:	
  5593                           ; 1 bytes @ 0xA
  5594                           
  5595                           
  5596                           	psect	cstackBANK0
  5597     0020                     __pcstackBANK0:	
  5598                           ; 1 bytes @ 0xA
  5599                           
  5600     0020                     ?_LCDstr:
  5601     0020                     ?_LCDbusy:	
  5602                           ; 1 bytes @ 0x0
  5603                           
  5604     0020                     LCDstr@p:	
  5605                           ; 2 bytes @ 0x0
  5606                           
  5607     0020                     ___lldiv@quotient:	
  5608                           ; 1 bytes @ 0x0
  5609                           
  5610     0020                     ??_fputc:	
  5611                           ; 4 bytes @ 0x0
  5612                           
  5613     0020                     ??_read_prec_or_width:	
  5614                           ; 1 bytes @ 0x0
  5615                           
  5616                           
  5617                           ; 1 bytes @ 0x0
  5618     0020                     	ds	1
  5619     0021                     LCDstr@c:
  5620                           
  5621                           ; 1 bytes @ 0x1
  5622     0021                     	ds	2
  5623     0023                     read_prec_or_width@c:
  5624                           
  5625                           ; 1 bytes @ 0x3
  5626     0023                     	ds	1
  5627     0024                     ___lldiv@counter:
  5628     0024                     read_prec_or_width@n:	
  5629                           ; 1 bytes @ 0x4
  5630                           
  5631                           
  5632                           ; 2 bytes @ 0x4
  5633     0024                     	ds	1
  5634     0025                     ?_fputs:
  5635     0025                     ?___llmod:	
  5636                           ; 2 bytes @ 0x5
  5637                           
  5638     0025                     fputs@s:	
  5639                           ; 4 bytes @ 0x5
  5640                           
  5641     0025                     ___llmod@divisor:	
  5642                           ; 1 bytes @ 0x5
  5643                           
  5644                           
  5645                           ; 4 bytes @ 0x5
  5646     0025                     	ds	1
  5647     0026                     fputs@fp:
  5648                           
  5649                           ; 2 bytes @ 0x6
  5650     0026                     	ds	2
  5651     0028                     fputs@c:
  5652                           
  5653                           ; 1 bytes @ 0x8
  5654     0028                     	ds	1
  5655     0029                     fputs@i:
  5656     0029                     ___llmod@dividend:	
  5657                           ; 2 bytes @ 0x9
  5658                           
  5659                           
  5660                           ; 4 bytes @ 0x9
  5661     0029                     	ds	2
  5662     002B                     ?_pad:
  5663     002B                     pad@fp:	
  5664                           ; 1 bytes @ 0xB
  5665                           
  5666                           
  5667                           ; 2 bytes @ 0xB
  5668     002B                     	ds	2
  5669     002D                     ___llmod@counter:
  5670     002D                     pad@buf:	
  5671                           ; 1 bytes @ 0xD
  5672                           
  5673                           
  5674                           ; 1 bytes @ 0xD
  5675     002D                     	ds	1
  5676     002E                     pad@p:
  5677                           
  5678                           ; 2 bytes @ 0xE
  5679     002E                     	ds	2
  5680     0030                     pad@i:
  5681                           
  5682                           ; 2 bytes @ 0x10
  5683     0030                     	ds	2
  5684     0032                     ?_utoa:
  5685     0032                     utoa@fp:	
  5686                           ; 1 bytes @ 0x12
  5687                           
  5688                           
  5689                           ; 2 bytes @ 0x12
  5690     0032                     	ds	2
  5691     0034                     utoa@d:
  5692                           
  5693                           ; 4 bytes @ 0x14
  5694     0034                     	ds	4
  5695     0038                     ??_utoa:
  5696                           
  5697                           ; 1 bytes @ 0x18
  5698     0038                     	ds	1
  5699     0039                     utoa@p:
  5700                           
  5701                           ; 1 bytes @ 0x19
  5702     0039                     	ds	1
  5703     003A                     utoa@w:
  5704                           
  5705                           ; 2 bytes @ 0x1A
  5706     003A                     	ds	2
  5707     003C                     utoa@i:
  5708                           
  5709                           ; 2 bytes @ 0x1C
  5710     003C                     	ds	2
  5711     003E                     ?_vfpfcnvrt:
  5712     003E                     vfpfcnvrt@fp:	
  5713                           ; 1 bytes @ 0x1E
  5714                           
  5715                           
  5716                           ; 2 bytes @ 0x1E
  5717     003E                     	ds	2
  5718     0040                     vfpfcnvrt@fmt:
  5719                           
  5720                           ; 1 bytes @ 0x20
  5721     0040                     	ds	1
  5722     0041                     vfpfcnvrt@ap:
  5723                           
  5724                           ; 1 bytes @ 0x21
  5725     0041                     	ds	1
  5726     0042                     ??_vfpfcnvrt:
  5727                           
  5728                           ; 1 bytes @ 0x22
  5729     0042                     	ds	4
  5730     0046                     vfpfcnvrt@convarg:
  5731                           
  5732                           ; 4 bytes @ 0x26
  5733     0046                     	ds	4
  5734     004A                     vfpfcnvrt@done:
  5735                           
  5736                           ; 1 bytes @ 0x2A
  5737     004A                     	ds	1
  5738     004B                     vfpfcnvrt@c:
  5739                           
  5740                           ; 1 bytes @ 0x2B
  5741     004B                     	ds	1
  5742     004C                     vfpfcnvrt@cp:
  5743                           
  5744                           ; 2 bytes @ 0x2C
  5745     004C                     	ds	2
  5746     004E                     ?_vfprintf:
  5747     004E                     vfprintf@fp:	
  5748                           ; 2 bytes @ 0x2E
  5749                           
  5750                           
  5751                           ; 2 bytes @ 0x2E
  5752     004E                     	ds	2
  5753     0050                     vfprintf@fmt:
  5754                           
  5755                           ; 2 bytes @ 0x30
  5756     0050                     	ds	2
  5757     0052                     vfprintf@ap:
  5758                           
  5759                           ; 1 bytes @ 0x32
  5760     0052                     	ds	1
  5761     0053                     ??_vfprintf:
  5762                           
  5763                           ; 1 bytes @ 0x33
  5764     0053                     	ds	1
  5765     0054                     vfprintf@cfmt:
  5766                           
  5767                           ; 2 bytes @ 0x34
  5768     0054                     	ds	2
  5769     0056                     ?_sprintf:
  5770     0056                     sprintf@s:	
  5771                           ; 2 bytes @ 0x36
  5772                           
  5773                           
  5774                           ; 1 bytes @ 0x36
  5775     0056                     	ds	1
  5776     0057                     sprintf@fmt:
  5777                           
  5778                           ; 2 bytes @ 0x37
  5779     0057                     	ds	14
  5780                           
  5781                           	psect	maintext
  5782     0280                     __pmaintext:	
  5783 ;;
  5784 ;;Main: autosize = 0, tempsize = 0, incstack = 0, save=0
  5785 ;;
  5786 ;; *************** function _main *****************
  5787 ;; Defined at:
  5788 ;;		line 84 in file "main.c"
  5789 ;; Parameters:    Size  Location     Type
  5790 ;;		None
  5791 ;; Auto vars:     Size  Location     Type
  5792 ;;  buf            17    0[BANK2 ] unsigned char [17]
  5793 ;;  seconds         4   29[BANK2 ] unsigned long 
  5794 ;;  secs            4   25[BANK2 ] unsigned long 
  5795 ;;  minutes         4   21[BANK2 ] unsigned long 
  5796 ;;  hours           4   17[BANK2 ] unsigned long 
  5797 ;;  c               1    0        unsigned char 
  5798 ;; Return value:  Size  Location     Type
  5799 ;;                  1    wreg      void 
  5800 ;; Registers used:
  5801 ;;		wreg, fsr0l, fsr0h, fsr1l, fsr1h, status,2, status,0, pclath, cstack
  5802 ;; Tracked objects:
  5803 ;;		On entry : B1F/0
  5804 ;;		On exit  : 0/0
  5805 ;;		Unchanged: 0/0
  5806 ;; Data sizes:     COMMON   BANK0   BANK1   BANK2   BANK3   BANK4   BANK5   BANK6   BANK7   BANK8   BANK9  BANK10  BANK1
      +1  BANK12
  5807 ;;      Params:         0       0       0       0       0       0       0       0       0       0       0       0       
      +0       0
  5808 ;;      Locals:         0       0       0      33       0       0       0       0       0       0       0       0       
      +0       0
  5809 ;;      Temps:          0       0       0       0       0       0       0       0       0       0       0       0       
      +0       0
  5810 ;;      Totals:         0       0       0      33       0       0       0       0       0       0       0       0       
      +0       0
  5811 ;;Total ram usage:       33 bytes
  5812 ;; Hardware stack levels required when called: 10
  5813 ;; This function calls:
  5814 ;;		_LCDbusy
  5815 ;;		_LCDcmd
  5816 ;;		_LCDinit
  5817 ;;		_LCDstr
  5818 ;;		_OpenI2C
  5819 ;;		_SYSTEM_Initialize
  5820 ;;		___lldiv
  5821 ;;		___llmod
  5822 ;;		_sprintf
  5823 ;; This function is called by:
  5824 ;;		Startup code after reset
  5825 ;; This function uses a non-reentrant model
  5826 ;;
  5827                           
  5828     0280                     _main:	
  5829                           ;psect for function _main
  5830                           
  5831     0280                     l4725:	
  5832                           ;incstack = 0
  5833                           ; Regs used in _main: [wreg-fsr1h+status,2+status,0+pclath+cstack]
  5834                           
  5835                           
  5836                           ;main.c: 86:     unsigned char c;;main.c: 87:     char buf[17];;main.c: 90:     SYSTEM_I
      +                          nitialize();
  5837     0280  318F  2730  3182   	fcall	_SYSTEM_Initialize
  5838     0283                     l4727:
  5839                           
  5840                           ;main.c: 93:     unsigned long seconds = 0;
  5841     0283  3000               	movlw	0
  5842     0284  0022               	movlb	2	; select bank2
  5843     0285  00C0               	movwf	(main@seconds+3)^(0+256)
  5844     0286  3000               	movlw	0
  5845     0287  00BF               	movwf	(main@seconds+2)^(0+256)
  5846     0288  3000               	movlw	0
  5847     0289  00BE               	movwf	(main@seconds+1)^(0+256)
  5848     028A  3000               	movlw	0
  5849     028B  00BD               	movwf	main@seconds^(0+256)
  5850     028C                     l4729:
  5851                           
  5852                           ;main.c: 94:     unsigned long hours, minutes, secs;;main.c: 99:     (INTCONbits.GIE = 1
      +                          );
  5853     028C  178B               	bsf	11,7	;volatile
  5854     028D                     l4731:
  5855                           
  5856                           ;main.c: 102:     (INTCONbits.PEIE = 1);
  5857     028D  170B               	bsf	11,6	;volatile
  5858                           
  5859                           ;main.c: 110:     OpenI2C();
  5860     028E  318F  2723  3182   	fcall	_OpenI2C
  5861     0291                     l4733:
  5862                           
  5863                           ;main.c: 115:     LCDinit();
  5864     0291  3184  24AF  3182   	fcall	_LCDinit
  5865     0294                     l4735:
  5866                           
  5867                           ;main.c: 118:     {;main.c: 120:         if (second_has_passed) {
  5868     0294  0021               	movlb	1	; select bank1
  5869     0295  0843               	movf	_second_has_passed^(0+128),w	;volatile
  5870     0296  1903               	btfsc	3,2
  5871     0297  2A99               	goto	u4391
  5872     0298  2A9A               	goto	u4390
  5873     0299                     u4391:
  5874     0299  2B71               	goto	l1043
  5875     029A                     u4390:
  5876     029A                     l4737:
  5877                           
  5878                           ;main.c: 121:           second_has_passed = 0;
  5879     029A  01C3               	clrf	_second_has_passed^(0+128)	;volatile
  5880     029B                     l4739:
  5881                           
  5882                           ;main.c: 122:           seconds++;
  5883     029B  3001               	movlw	1
  5884     029C  0022               	movlb	2	; select bank2
  5885     029D  07BD               	addwf	main@seconds^(0+256),f
  5886     029E  3000               	movlw	0
  5887     029F  3DBE               	addwfc	(main@seconds+1)^(0+256),f
  5888     02A0  3DBF               	addwfc	(main@seconds+2)^(0+256),f
  5889     02A1  3DC0               	addwfc	(main@seconds+3)^(0+256),f
  5890     02A2                     l4741:
  5891                           
  5892                           ;main.c: 123:           hours = (seconds / 3600);
  5893     02A2  3000               	movlw	0
  5894     02A3  00F5               	movwf	___lldiv@divisor+3
  5895     02A4  3000               	movlw	0
  5896     02A5  00F4               	movwf	___lldiv@divisor+2
  5897     02A6  300E               	movlw	14
  5898     02A7  00F3               	movwf	___lldiv@divisor+1
  5899     02A8  3010               	movlw	16
  5900     02A9  00F2               	movwf	___lldiv@divisor
  5901     02AA  0840               	movf	(main@seconds+3)^(0+256),w
  5902     02AB  00F9               	movwf	___lldiv@dividend+3
  5903     02AC  083F               	movf	(main@seconds+2)^(0+256),w
  5904     02AD  00F8               	movwf	___lldiv@dividend+2
  5905     02AE  083E               	movf	(main@seconds+1)^(0+256),w
  5906     02AF  00F7               	movwf	___lldiv@dividend+1
  5907     02B0  083D               	movf	main@seconds^(0+256),w
  5908     02B1  00F6               	movwf	___lldiv@dividend
  5909     02B2  3185  25E0  3182   	fcall	___lldiv
  5910     02B5  0875               	movf	?___lldiv+3,w
  5911     02B6  0022               	movlb	2	; select bank2
  5912     02B7  00B4               	movwf	(main@hours+3)^(0+256)
  5913     02B8  0874               	movf	?___lldiv+2,w
  5914     02B9  00B3               	movwf	(main@hours+2)^(0+256)
  5915     02BA  0873               	movf	?___lldiv+1,w
  5916     02BB  00B2               	movwf	(main@hours+1)^(0+256)
  5917     02BC  0872               	movf	?___lldiv,w
  5918     02BD  00B1               	movwf	main@hours^(0+256)
  5919     02BE                     l4743:
  5920                           
  5921                           ;main.c: 124:           minutes = (seconds / 60) % 60;
  5922     02BE  3000               	movlw	0
  5923     02BF  0020               	movlb	0	; select bank0
  5924     02C0  00A8               	movwf	___llmod@divisor+3
  5925     02C1  3000               	movlw	0
  5926     02C2  00A7               	movwf	___llmod@divisor+2
  5927     02C3  3000               	movlw	0
  5928     02C4  00A6               	movwf	___llmod@divisor+1
  5929     02C5  303C               	movlw	60
  5930     02C6  00A5               	movwf	___llmod@divisor
  5931     02C7  3000               	movlw	0
  5932     02C8  00F5               	movwf	___lldiv@divisor+3
  5933     02C9  3000               	movlw	0
  5934     02CA  00F4               	movwf	___lldiv@divisor+2
  5935     02CB  3000               	movlw	0
  5936     02CC  00F3               	movwf	___lldiv@divisor+1
  5937     02CD  303C               	movlw	60
  5938     02CE  00F2               	movwf	___lldiv@divisor
  5939     02CF  0022               	movlb	2	; select bank2
  5940     02D0  0840               	movf	(main@seconds+3)^(0+256),w
  5941     02D1  00F9               	movwf	___lldiv@dividend+3
  5942     02D2  083F               	movf	(main@seconds+2)^(0+256),w
  5943     02D3  00F8               	movwf	___lldiv@dividend+2
  5944     02D4  083E               	movf	(main@seconds+1)^(0+256),w
  5945     02D5  00F7               	movwf	___lldiv@dividend+1
  5946     02D6  083D               	movf	main@seconds^(0+256),w
  5947     02D7  00F6               	movwf	___lldiv@dividend
  5948     02D8  3185  25E0  3182   	fcall	___lldiv
  5949     02DB  0875               	movf	?___lldiv+3,w
  5950     02DC  0020               	movlb	0	; select bank0
  5951     02DD  00AC               	movwf	___llmod@dividend+3
  5952     02DE  0874               	movf	?___lldiv+2,w
  5953     02DF  00AB               	movwf	___llmod@dividend+2
  5954     02E0  0873               	movf	?___lldiv+1,w
  5955     02E1  00AA               	movwf	___llmod@dividend+1
  5956     02E2  0872               	movf	?___lldiv,w
  5957     02E3  00A9               	movwf	___llmod@dividend
  5958     02E4  3186  2684  3182   	fcall	___llmod
  5959     02E7  0020               	movlb	0	; select bank0
  5960     02E8  0828               	movf	?___llmod+3,w
  5961     02E9  0022               	movlb	2	; select bank2
  5962     02EA  00B8               	movwf	(main@minutes+3)^(0+256)
  5963     02EB  0020               	movlb	0	; select bank0
  5964     02EC  0827               	movf	?___llmod+2,w
  5965     02ED  0022               	movlb	2	; select bank2
  5966     02EE  00B7               	movwf	(main@minutes+2)^(0+256)
  5967     02EF  0020               	movlb	0	; select bank0
  5968     02F0  0826               	movf	?___llmod+1,w
  5969     02F1  0022               	movlb	2	; select bank2
  5970     02F2  00B6               	movwf	(main@minutes+1)^(0+256)
  5971     02F3  0020               	movlb	0	; select bank0
  5972     02F4  0825               	movf	?___llmod,w
  5973     02F5  0022               	movlb	2	; select bank2
  5974     02F6  00B5               	movwf	main@minutes^(0+256)
  5975     02F7                     l4745:
  5976                           
  5977                           ;main.c: 125:           secs = seconds % 60;
  5978     02F7  3000               	movlw	0
  5979     02F8  0020               	movlb	0	; select bank0
  5980     02F9  00A8               	movwf	___llmod@divisor+3
  5981     02FA  3000               	movlw	0
  5982     02FB  00A7               	movwf	___llmod@divisor+2
  5983     02FC  3000               	movlw	0
  5984     02FD  00A6               	movwf	___llmod@divisor+1
  5985     02FE  303C               	movlw	60
  5986     02FF  00A5               	movwf	___llmod@divisor
  5987     0300  0022               	movlb	2	; select bank2
  5988     0301  0840               	movf	(main@seconds+3)^(0+256),w
  5989     0302  0020               	movlb	0	; select bank0
  5990     0303  00AC               	movwf	___llmod@dividend+3
  5991     0304  0022               	movlb	2	; select bank2
  5992     0305  083F               	movf	(main@seconds+2)^(0+256),w
  5993     0306  0020               	movlb	0	; select bank0
  5994     0307  00AB               	movwf	___llmod@dividend+2
  5995     0308  0022               	movlb	2	; select bank2
  5996     0309  083E               	movf	(main@seconds+1)^(0+256),w
  5997     030A  0020               	movlb	0	; select bank0
  5998     030B  00AA               	movwf	___llmod@dividend+1
  5999     030C  0022               	movlb	2	; select bank2
  6000     030D  083D               	movf	main@seconds^(0+256),w
  6001     030E  0020               	movlb	0	; select bank0
  6002     030F  00A9               	movwf	___llmod@dividend
  6003     0310  3186  2684  3182   	fcall	___llmod
  6004     0313  0020               	movlb	0	; select bank0
  6005     0314  0828               	movf	?___llmod+3,w
  6006     0315  0022               	movlb	2	; select bank2
  6007     0316  00BC               	movwf	(main@secs+3)^(0+256)
  6008     0317  0020               	movlb	0	; select bank0
  6009     0318  0827               	movf	?___llmod+2,w
  6010     0319  0022               	movlb	2	; select bank2
  6011     031A  00BB               	movwf	(main@secs+2)^(0+256)
  6012     031B  0020               	movlb	0	; select bank0
  6013     031C  0826               	movf	?___llmod+1,w
  6014     031D  0022               	movlb	2	; select bank2
  6015     031E  00BA               	movwf	(main@secs+1)^(0+256)
  6016     031F  0020               	movlb	0	; select bank0
  6017     0320  0825               	movf	?___llmod,w
  6018     0321  0022               	movlb	2	; select bank2
  6019     0322  00B9               	movwf	main@secs^(0+256)
  6020     0323                     l4747:
  6021                           
  6022                           ;main.c: 127:           LCDcmd(0x80);
  6023     0323  3080               	movlw	128
  6024     0324  318E  26F9  3182   	fcall	_LCDcmd
  6025     0327                     l4749:
  6026                           
  6027                           ;main.c: 128:           sprintf(buf, "Time %02lu:%02lu:%02lu", hours, minutes, secs);
  6028     0327  3020               	movlw	(low (main@buf| (0+256)))& (0+255)
  6029     0328  0020               	movlb	0	; select bank0
  6030     0329  00D6               	movwf	sprintf@s
  6031     032A  3000               	movlw	low (STR_1| (0+32768))
  6032     032B  00D7               	movwf	sprintf@fmt
  6033     032C  3090               	movlw	high (STR_1| (0+32768))
  6034     032D  00D8               	movwf	sprintf@fmt+1
  6035     032E  0022               	movlb	2	; select bank2
  6036     032F  0834               	movf	(main@hours+3)^(0+256),w
  6037     0330  0020               	movlb	0	; select bank0
  6038     0331  00DC               	movwf	?_sprintf+6
  6039     0332  0022               	movlb	2	; select bank2
  6040     0333  0833               	movf	(main@hours+2)^(0+256),w
  6041     0334  0020               	movlb	0	; select bank0
  6042     0335  00DB               	movwf	?_sprintf+5
  6043     0336  0022               	movlb	2	; select bank2
  6044     0337  0832               	movf	(main@hours+1)^(0+256),w
  6045     0338  0020               	movlb	0	; select bank0
  6046     0339  00DA               	movwf	?_sprintf+4
  6047     033A  0022               	movlb	2	; select bank2
  6048     033B  0831               	movf	main@hours^(0+256),w
  6049     033C  0020               	movlb	0	; select bank0
  6050     033D  00D9               	movwf	?_sprintf+3
  6051     033E  0022               	movlb	2	; select bank2
  6052     033F  0838               	movf	(main@minutes+3)^(0+256),w
  6053     0340  0020               	movlb	0	; select bank0
  6054     0341  00E0               	movwf	?_sprintf+10
  6055     0342  0022               	movlb	2	; select bank2
  6056     0343  0837               	movf	(main@minutes+2)^(0+256),w
  6057     0344  0020               	movlb	0	; select bank0
  6058     0345  00DF               	movwf	?_sprintf+9
  6059     0346  0022               	movlb	2	; select bank2
  6060     0347  0836               	movf	(main@minutes+1)^(0+256),w
  6061     0348  0020               	movlb	0	; select bank0
  6062     0349  00DE               	movwf	?_sprintf+8
  6063     034A  0022               	movlb	2	; select bank2
  6064     034B  0835               	movf	main@minutes^(0+256),w
  6065     034C  0020               	movlb	0	; select bank0
  6066     034D  00DD               	movwf	?_sprintf+7
  6067     034E  0022               	movlb	2	; select bank2
  6068     034F  083C               	movf	(main@secs+3)^(0+256),w
  6069     0350  0020               	movlb	0	; select bank0
  6070     0351  00E4               	movwf	?_sprintf+14
  6071     0352  0022               	movlb	2	; select bank2
  6072     0353  083B               	movf	(main@secs+2)^(0+256),w
  6073     0354  0020               	movlb	0	; select bank0
  6074     0355  00E3               	movwf	?_sprintf+13
  6075     0356  0022               	movlb	2	; select bank2
  6076     0357  083A               	movf	(main@secs+1)^(0+256),w
  6077     0358  0020               	movlb	0	; select bank0
  6078     0359  00E2               	movwf	?_sprintf+12
  6079     035A  0022               	movlb	2	; select bank2
  6080     035B  0839               	movf	main@secs^(0+256),w
  6081     035C  0020               	movlb	0	; select bank0
  6082     035D  00E1               	movwf	?_sprintf+11
  6083     035E  3187  279C  3182   	fcall	_sprintf
  6084     0361                     l4751:
  6085                           
  6086                           ;main.c: 129:           LCDstr(buf);
  6087     0361  3020               	movlw	(low (main@buf| (0+256)))& (0+255)
  6088     0362  0020               	movlb	0	; select bank0
  6089     0363  00A0               	movwf	LCDstr@p
  6090     0364  318F  2764  3182   	fcall	_LCDstr
  6091     0367                     l4753:	
  6092                           ;main.c: 130:           while (LCDbusy());
  6093                           
  6094     0367  318F  2751  3182   	fcall	_LCDbusy
  6095     036A  0020               	movlb	0	; select bank0
  6096     036B  0820               	movf	?_LCDbusy,w
  6097     036C  0421               	iorwf	?_LCDbusy+1,w
  6098     036D  1D03               	btfss	3,2
  6099     036E  2B70               	goto	u4401
  6100     036F  2B71               	goto	u4400
  6101     0370                     u4401:
  6102     0370  2B67               	goto	l4753
  6103     0371                     u4400:
  6104     0371                     l1043:	
  6105                           ;main.c: 131:         }
  6106                           
  6107                           
  6108                           ;main.c: 136:         __nop();
  6109     0371  0000               	nop
  6110     0372  2A94               	goto	l4735
  6111     0373  3180  281C         	ljmp	start
  6112     0375                     __end_of_main:
  6113                           
  6114                           	psect	text1
  6115     079C                     __ptext1:	
  6116 ;; *************** function _sprintf *****************
  6117 ;; Defined at:
  6118 ;;		line 9 in file "C:\Program Files\Microchip\xc8\v3.10\pic\sources\c99\common\nf_sprintf.c"
  6119 ;; Parameters:    Size  Location     Type
  6120 ;;  s               1   54[BANK0 ] PTR unsigned char 
  6121 ;;		 -> main@buf(17), 
  6122 ;;  fmt             2   55[BANK0 ] PTR const unsigned char 
  6123 ;;		 -> STR_1(23), 
  6124 ;; Auto vars:     Size  Location     Type
  6125 ;;  f              11    1[BANK1 ] struct _IO_FILE
  6126 ;;  ret             2    0        int 
  6127 ;;  ap              1    0[BANK1 ] PTR void [1]
  6128 ;;		 -> ?_sprintf(2), 
  6129 ;; Return value:  Size  Location     Type
  6130 ;;                  2   54[BANK0 ] int 
  6131 ;; Registers used:
  6132 ;;		wreg, fsr0l, fsr0h, fsr1l, fsr1h, status,2, status,0, pclath, cstack
  6133 ;; Tracked objects:
  6134 ;;		On entry : 0/0
  6135 ;;		On exit  : 0/0
  6136 ;;		Unchanged: 0/0
  6137 ;; Data sizes:     COMMON   BANK0   BANK1   BANK2   BANK3   BANK4   BANK5   BANK6   BANK7   BANK8   BANK9  BANK10  BANK1
      +1  BANK12
  6138 ;;      Params:         0      15       0       0       0       0       0       0       0       0       0       0       
      +0       0
  6139 ;;      Locals:         0       0      12       0       0       0       0       0       0       0       0       0       
      +0       0
  6140 ;;      Temps:          0       0       0       0       0       0       0       0       0       0       0       0       
      +0       0
  6141 ;;      Totals:         0      15      12       0       0       0       0       0       0       0       0       0       
      +0       0
  6142 ;;Total ram usage:       27 bytes
  6143 ;; Hardware stack levels used: 1
  6144 ;; Hardware stack levels required when called: 9
  6145 ;; This function calls:
  6146 ;;		_vfprintf
  6147 ;; This function is called by:
  6148 ;;		_main
  6149 ;; This function uses a non-reentrant model
  6150 ;;
  6151                           
  6152     079C                     _sprintf:	
  6153                           ;psect for function _sprintf
  6154                           
  6155     079C                     l4657:	
  6156                           ;incstack = 0
  6157                           ; Regs used in _sprintf: [wreg-fsr1h+status,2+status,0+pclath+cstack]
  6158                           
  6159     079C  3059               	movlw	(low ((?_sprintf| 0+3)))& (0+255)
  6160     079D  0021               	movlb	1	; select bank1
  6161     079E  00C4               	movwf	sprintf@ap^(0+128)
  6162     079F  0020               	movlb	0	; select bank0
  6163     07A0  0856               	movf	sprintf@s,w
  6164     07A1  0021               	movlb	1	; select bank1
  6165     07A2  00C5               	movwf	sprintf@f^(0+128)
  6166     07A3  3001               	movlw	1
  6167     07A4  00C6               	movwf	(sprintf@f+1)^(0+128)
  6168     07A5                     l4659:
  6169     07A5  01C7               	clrf	(sprintf@f^(0+128)+2)
  6170     07A6  01C8               	clrf	((sprintf@f+1)^(0+128)+2)
  6171     07A7                     l4661:
  6172     07A7  01CE               	clrf	(sprintf@f^(0+128)+9)
  6173     07A8  01CF               	clrf	((sprintf@f+1)^(0+128)+9)
  6174     07A9                     l4663:
  6175     07A9  30C5               	movlw	low sprintf@f
  6176     07AA  0020               	movlb	0	; select bank0
  6177     07AB  00CE               	movwf	vfprintf@fp
  6178     07AC  3000               	movlw	high sprintf@f
  6179     07AD  00CF               	movwf	vfprintf@fp+1
  6180     07AE  0858               	movf	sprintf@fmt+1,w
  6181     07AF  00D1               	movwf	vfprintf@fmt+1
  6182     07B0  0857               	movf	sprintf@fmt,w
  6183     07B1  00D0               	movwf	vfprintf@fmt
  6184     07B2  30C4               	movlw	(low (sprintf@ap| 0))& (0+255)
  6185     07B3  00D2               	movwf	vfprintf@ap
  6186     07B4  318F  27C3  3187   	fcall	_vfprintf
  6187     07B7                     l4665:
  6188     07B7  0020               	movlb	0	; select bank0
  6189     07B8  0856               	movf	sprintf@s,w
  6190     07B9  0021               	movlb	1	; select bank1
  6191     07BA  0747               	addwf	(sprintf@f^(0+128)+2),w
  6192     07BB  0086               	movwf	6
  6193     07BC  3001               	movlw	1	; select bank2/3
  6194     07BD  0087               	movwf	7
  6195     07BE  0181               	clrf	1
  6196     07BF                     l1612:
  6197     07BF  0008               	return
  6198     07C0                     __end_of_sprintf:
  6199                           
  6200                           	psect	text2
  6201     0FC3                     __ptext2:	
  6202 ;; *************** function _vfprintf *****************
  6203 ;; Defined at:
  6204 ;;		line 1817 in file "C:\Program Files\Microchip\xc8\v3.10\pic\sources\c99\common\doprnt.c"
  6205 ;; Parameters:    Size  Location     Type
  6206 ;;  fp              2   46[BANK0 ] PTR struct _IO_FILE
  6207 ;;		 -> sprintf@f(11), 
  6208 ;;  fmt             2   48[BANK0 ] PTR const unsigned char 
  6209 ;;		 -> STR_1(23), 
  6210 ;;  ap              1   50[BANK0 ] PTR PTR void 
  6211 ;;		 -> sprintf@ap(1), 
  6212 ;; Auto vars:     Size  Location     Type
  6213 ;;  cfmt            2   52[BANK0 ] PTR unsigned char 
  6214 ;;		 -> STR_1(23), 
  6215 ;; Return value:  Size  Location     Type
  6216 ;;                  2   46[BANK0 ] int 
  6217 ;; Registers used:
  6218 ;;		wreg, fsr0l, fsr0h, fsr1l, fsr1h, status,2, status,0, pclath, cstack
  6219 ;; Tracked objects:
  6220 ;;		On entry : 0/0
  6221 ;;		On exit  : 0/0
  6222 ;;		Unchanged: 0/0
  6223 ;; Data sizes:     COMMON   BANK0   BANK1   BANK2   BANK3   BANK4   BANK5   BANK6   BANK7   BANK8   BANK9  BANK10  BANK1
      +1  BANK12
  6224 ;;      Params:         0       5       0       0       0       0       0       0       0       0       0       0       
      +0       0
  6225 ;;      Locals:         0       2       0       0       0       0       0       0       0       0       0       0       
      +0       0
  6226 ;;      Temps:          0       1       0       0       0       0       0       0       0       0       0       0       
      +0       0
  6227 ;;      Totals:         0       8       0       0       0       0       0       0       0       0       0       0       
      +0       0
  6228 ;;Total ram usage:        8 bytes
  6229 ;; Hardware stack levels used: 1
  6230 ;; Hardware stack levels required when called: 8
  6231 ;; This function calls:
  6232 ;;		_vfpfcnvrt
  6233 ;; This function is called by:
  6234 ;;		_sprintf
  6235 ;; This function uses a non-reentrant model
  6236 ;;
  6237                           
  6238     0FC3                     _vfprintf:	
  6239                           ;psect for function _vfprintf
  6240                           
  6241     0FC3                     l4579:	
  6242                           ;incstack = 0
  6243                           ; Regs used in _vfprintf: [wreg-fsr1h+status,2+status,0+pclath+cstack]
  6244                           
  6245                           
  6246                           ;C:\Program Files\Microchip\xc8\v3.10\pic\sources\c99\common\doprnt.c: 1817: int vfprint
      +                          f(FILE *fp, const char *fmt, va_list ap);C:\Program Files\Microchip\xc8\v3.10\pic\source
      +                          s\c99\common\doprnt.c: 1818: {;C:\Program Files\Microchip\xc8\v3.10\pic\sources\c99\comm
      +                          on\doprnt.c: 1820:     char *cfmt;;C:\Program Files\Microchip\xc8\v3.10\pic\sources\c99\
      +                          common\doprnt.c: 1822:     cfmt = (char *)fmt;
  6247     0FC3  0020               	movlb	0	; select bank0
  6248     0FC4  0851               	movf	vfprintf@fmt+1,w
  6249     0FC5  00D5               	movwf	vfprintf@cfmt+1
  6250     0FC6  0850               	movf	vfprintf@fmt,w
  6251     0FC7  00D4               	movwf	vfprintf@cfmt
  6252                           
  6253                           ;C:\Program Files\Microchip\xc8\v3.10\pic\sources\c99\common\doprnt.c: 1826:     while (
      +                          *cfmt) {
  6254     0FC8  2FD4               	goto	l4583
  6255     0FC9                     l4581:
  6256                           
  6257                           ;C:\Program Files\Microchip\xc8\v3.10\pic\sources\c99\common\doprnt.c: 1830:    vfpfcnvr
      +                          t(fp, &cfmt, ap);
  6258     0FC9  084F               	movf	vfprintf@fp+1,w
  6259     0FCA  00BF               	movwf	vfpfcnvrt@fp+1
  6260     0FCB  084E               	movf	vfprintf@fp,w
  6261     0FCC  00BE               	movwf	vfpfcnvrt@fp
  6262     0FCD  3054               	movlw	(low (vfprintf@cfmt| 0))& (0+255)
  6263     0FCE  00C0               	movwf	vfpfcnvrt@fmt
  6264     0FCF  0852               	movf	vfprintf@ap,w
  6265     0FD0  00C1               	movwf	vfpfcnvrt@ap
  6266     0FD1  3181  217A  318F   	fcall	_vfpfcnvrt
  6267     0FD4                     l4583:
  6268                           
  6269                           ;C:\Program Files\Microchip\xc8\v3.10\pic\sources\c99\common\doprnt.c: 1826:     while (
      +                          *cfmt) {
  6270     0FD4  0020               	movlb	0	; select bank0
  6271     0FD5  0854               	movf	vfprintf@cfmt,w
  6272     0FD6  0084               	movwf	4
  6273     0FD7  0855               	movf	vfprintf@cfmt+1,w
  6274     0FD8  0085               	movwf	5
  6275     0FD9  0012               	moviw fsr0++
  6276     0FDA  1D03               	btfss	3,2
  6277     0FDB  2FDD               	goto	u4101
  6278     0FDC  2FDE               	goto	u4100
  6279     0FDD                     u4101:
  6280     0FDD  2FC9               	goto	l4581
  6281     0FDE                     u4100:
  6282     0FDE                     l4585:
  6283                           
  6284                           ;C:\Program Files\Microchip\xc8\v3.10\pic\sources\c99\common\doprnt.c: 1835:  return 0;
  6285     0FDE  01CE               	clrf	?_vfprintf
  6286     0FDF  01CF               	clrf	?_vfprintf+1
  6287     0FE0                     l1686:
  6288     0FE0  0008               	return
  6289     0FE1                     __end_of_vfprintf:
  6290                           
  6291                           	psect	text3
  6292     017A                     __ptext3:	
  6293 ;; *************** function _vfpfcnvrt *****************
  6294 ;; Defined at:
  6295 ;;		line 1177 in file "C:\Program Files\Microchip\xc8\v3.10\pic\sources\c99\common\doprnt.c"
  6296 ;; Parameters:    Size  Location     Type
  6297 ;;  fp              2   30[BANK0 ] PTR struct _IO_FILE
  6298 ;;		 -> sprintf@f(11), 
  6299 ;;  fmt             1   32[BANK0 ] PTR PTR unsigned char 
  6300 ;;		 -> vfprintf@cfmt(2), 
  6301 ;;  ap              1   33[BANK0 ] PTR PTR void 
  6302 ;;		 -> sprintf@ap(1), 
  6303 ;; Auto vars:     Size  Location     Type
  6304 ;;  convarg         4   38[BANK0 ] struct .
  6305 ;;  cp              2   44[BANK0 ] PTR unsigned char 
  6306 ;;		 -> STR_1(23), 
  6307 ;;  c               1   43[BANK0 ] unsigned char 
  6308 ;;  done            1   42[BANK0 ] _Bool 
  6309 ;; Return value:  Size  Location     Type
  6310 ;;                  1    wreg      void 
  6311 ;; Registers used:
  6312 ;;		wreg, fsr0l, fsr0h, fsr1l, fsr1h, status,2, status,0, pclath, cstack
  6313 ;; Tracked objects:
  6314 ;;		On entry : 0/0
  6315 ;;		On exit  : 0/0
  6316 ;;		Unchanged: 0/0
  6317 ;; Data sizes:     COMMON   BANK0   BANK1   BANK2   BANK3   BANK4   BANK5   BANK6   BANK7   BANK8   BANK9  BANK10  BANK1
      +1  BANK12
  6318 ;;      Params:         0       4       0       0       0       0       0       0       0       0       0       0       
      +0       0
  6319 ;;      Locals:         0       8       0       0       0       0       0       0       0       0       0       0       
      +0       0
  6320 ;;      Temps:          0       4       0       0       0       0       0       0       0       0       0       0       
      +0       0
  6321 ;;      Totals:         0      16       0       0       0       0       0       0       0       0       0       0       
      +0       0
  6322 ;;Total ram usage:       16 bytes
  6323 ;; Hardware stack levels used: 1
  6324 ;; Hardware stack levels required when called: 7
  6325 ;; This function calls:
  6326 ;;		_fputc
  6327 ;;		_read_prec_or_width
  6328 ;;		_utoa
  6329 ;; This function is called by:
  6330 ;;		_vfprintf
  6331 ;; This function uses a non-reentrant model
  6332 ;;
  6333                           
  6334     017A                     _vfpfcnvrt:	
  6335                           ;psect for function _vfpfcnvrt
  6336                           
  6337     017A                     l4345:	
  6338                           ;incstack = 0
  6339                           ; Regs used in _vfpfcnvrt: [wreg-fsr1h+status,2+status,0+pclath+cstack]
  6340                           
  6341                           
  6342                           ;C:\Program Files\Microchip\xc8\v3.10\pic\sources\c99\common\doprnt.c: 1177: vfpfcnvrt(F
      +                          ILE *fp, char *fmt[], va_list ap);C:\Program Files\Microchip\xc8\v3.10\pic\sources\c99\c
      +                          ommon\doprnt.c: 1178: {;C:\Program Files\Microchip\xc8\v3.10\pic\sources\c99\common\dopr
      +                          nt.c: 1179:     char c, *cp;;C:\Program Files\Microchip\xc8\v3.10\pic\sources\c99\common
      +                          \doprnt.c: 1180:     _Bool done;;C:\Program Files\Microchip\xc8\v3.10\pic\sources\c99\co
      +                          mmon\doprnt.c: 1188:  } convarg;;C:\Program Files\Microchip\xc8\v3.10\pic\sources\c99\co
      +                          mmon\doprnt.c: 1201:     if ((*fmt)[0] == '%') {
  6343     017A  0020               	movlb	0	; select bank0
  6344     017B  0840               	movf	vfpfcnvrt@fmt,w
  6345     017C  0086               	movwf	6
  6346     017D  0187               	clrf	7
  6347     017E  3F40               	moviw [0]fsr1
  6348     017F  00C2               	movwf	??_vfpfcnvrt
  6349     0180  3F41               	moviw [1]fsr1
  6350     0181  00C3               	movwf	??_vfpfcnvrt+1
  6351     0182  0842               	movf	??_vfpfcnvrt,w
  6352     0183  0084               	movwf	4
  6353     0184  0843               	movf	??_vfpfcnvrt+1,w
  6354     0185  0085               	movwf	5
  6355     0186  0012               	moviw fsr0++
  6356     0187  3A25               	xorlw	37
  6357     0188  1D03               	btfss	3,2
  6358     0189  298B               	goto	u3731
  6359     018A  298C               	goto	u3730
  6360     018B                     u3731:
  6361     018B  2A65               	goto	l4407
  6362     018C                     u3730:
  6363     018C                     l4347:
  6364                           
  6365                           ;C:\Program Files\Microchip\xc8\v3.10\pic\sources\c99\common\doprnt.c: 1202:         ++*
      +                          fmt;
  6366     018C  0840               	movf	vfpfcnvrt@fmt,w
  6367     018D  0086               	movwf	6
  6368     018E  0187               	clrf	7
  6369     018F  3001               	movlw	1
  6370     0190  0781               	addwf	1,f
  6371     0191  3141               	addfsr 1,1
  6372     0192  1803               	skipnc
  6373     0193  0A81               	incf	1,f
  6374     0194                     l4349:
  6375                           
  6376                           ;C:\Program Files\Microchip\xc8\v3.10\pic\sources\c99\common\doprnt.c: 1204:         fla
      +                          gs = width = 0;
  6377     0194  0021               	movlb	1	; select bank1
  6378     0195  01BD               	clrf	_width^(0+128)
  6379     0196  01BE               	clrf	(_width+1)^(0+128)
  6380     0197  3000               	movlw	0
  6381     0198  0020               	movlb	0	; select bank0
  6382     0199  00E5               	movwf	_flags
  6383     019A                     l4351:
  6384                           
  6385                           ;C:\Program Files\Microchip\xc8\v3.10\pic\sources\c99\common\doprnt.c: 1205:         pre
      +                          c = -1;
  6386     019A  30FF               	movlw	255
  6387     019B  0021               	movlb	1	; select bank1
  6388     019C  00BF               	movwf	_prec^(0+128)
  6389     019D  30FF               	movlw	255
  6390     019E  00C0               	movwf	(_prec^(0+128)+1)
  6391     019F                     l4353:
  6392                           
  6393                           ;C:\Program Files\Microchip\xc8\v3.10\pic\sources\c99\common\doprnt.c: 1209:         don
      +                          e = 0;
  6394     019F  0020               	movlb	0	; select bank0
  6395     01A0  01CA               	clrf	vfpfcnvrt@done
  6396                           
  6397                           ;C:\Program Files\Microchip\xc8\v3.10\pic\sources\c99\common\doprnt.c: 1210:         whi
      +                          le (!done) {
  6398     01A1  29BF               	goto	l4361
  6399     01A2                     l1660:	
  6400                           ;C:\Program Files\Microchip\xc8\v3.10\pic\sources\c99\common\doprnt.c: 1219:            
      +                               case '0' :
  6401                           
  6402                           
  6403                           ;C:\Program Files\Microchip\xc8\v3.10\pic\sources\c99\common\doprnt.c: 1220:            
      +                                   flags |= (1 << 1);
  6404     01A2  14E5               	bsf	_flags,1
  6405     01A3                     l4355:
  6406                           
  6407                           ;C:\Program Files\Microchip\xc8\v3.10\pic\sources\c99\common\doprnt.c: 1221:            
      +                                   ++*fmt;
  6408     01A3  0840               	movf	vfpfcnvrt@fmt,w
  6409     01A4  0086               	movwf	6
  6410     01A5  0187               	clrf	7
  6411     01A6  3001               	movlw	1
  6412     01A7  0781               	addwf	1,f
  6413     01A8  3141               	addfsr 1,1
  6414     01A9  1803               	skipnc
  6415     01AA  0A81               	incf	1,f
  6416                           
  6417                           ;C:\Program Files\Microchip\xc8\v3.10\pic\sources\c99\common\doprnt.c: 1222:            
      +                                   break;
  6418     01AB  29BF               	goto	l4361
  6419     01AC                     l1662:	
  6420                           ;C:\Program Files\Microchip\xc8\v3.10\pic\sources\c99\common\doprnt.c: 1242:            
      +                               default:
  6421                           
  6422                           
  6423                           ;C:\Program Files\Microchip\xc8\v3.10\pic\sources\c99\common\doprnt.c: 1243:            
      +                                   done = 1;
  6424     01AC  3001               	movlw	1
  6425     01AD  00CA               	movwf	vfpfcnvrt@done
  6426                           
  6427                           ;C:\Program Files\Microchip\xc8\v3.10\pic\sources\c99\common\doprnt.c: 1244:            
      +                                   break;
  6428     01AE  29BF               	goto	l4361
  6429     01AF                     l4359:
  6430     01AF  0840               	movf	vfpfcnvrt@fmt,w
  6431     01B0  0086               	movwf	6
  6432     01B1  0187               	clrf	7
  6433     01B2  3F40               	moviw [0]fsr1
  6434     01B3  00C2               	movwf	??_vfpfcnvrt
  6435     01B4  3F41               	moviw [1]fsr1
  6436     01B5  00C3               	movwf	??_vfpfcnvrt+1
  6437     01B6  0842               	movf	??_vfpfcnvrt,w
  6438     01B7  0084               	movwf	4
  6439     01B8  0843               	movf	??_vfpfcnvrt+1,w
  6440     01B9  0085               	movwf	5
  6441     01BA  0800               	movf	0,w	;code access
  6442                           
  6443                           ; Switch size 1, requested type "simple"
  6444                           ; Number of cases is 1, Range of values is 48 to 48
  6445                           ; switch strategies available:
  6446                           ; Name         Instructions Cycles
  6447                           ; simple_byte            4     3 (average)
  6448                           ; direct_byte           11     9 (fixed)
  6449                           ; jumptable            263     9 (fixed)
  6450                           ;	Chosen strategy is simple_byte
  6451     01BB  3A30               	xorlw	48	; case 48
  6452     01BC  1903               	skipnz
  6453     01BD  29A2               	goto	l1660
  6454     01BE  29AC               	goto	l1662
  6455     01BF                     l4361:
  6456                           
  6457                           ;C:\Program Files\Microchip\xc8\v3.10\pic\sources\c99\common\doprnt.c: 1210:         whi
      +                          le (!done) {
  6458     01BF  084A               	movf	vfpfcnvrt@done,w
  6459     01C0  1903               	btfsc	3,2
  6460     01C1  29C3               	goto	u3741
  6461     01C2  29C4               	goto	u3740
  6462     01C3                     u3741:
  6463     01C3  29AF               	goto	l4359
  6464     01C4                     u3740:
  6465     01C4                     l4363:
  6466                           
  6467                           ;C:\Program Files\Microchip\xc8\v3.10\pic\sources\c99\common\doprnt.c: 1256:   width = r
      +                          ead_prec_or_width(fmt, ap);
  6468     01C4  0840               	movf	vfpfcnvrt@fmt,w
  6469     01C5  00F8               	movwf	read_prec_or_width@fmt
  6470     01C6  0841               	movf	vfpfcnvrt@ap,w
  6471     01C7  00F9               	movwf	read_prec_or_width@ap
  6472     01C8  3185  252B  3181   	fcall	_read_prec_or_width
  6473     01CB  0879               	movf	?_read_prec_or_width+1,w
  6474     01CC  0021               	movlb	1	; select bank1
  6475     01CD  00BE               	movwf	(_width+1)^(0+128)
  6476     01CE  0878               	movf	?_read_prec_or_width,w
  6477     01CF  00BD               	movwf	_width^(0+128)
  6478     01D0                     l4365:
  6479                           
  6480                           ;C:\Program Files\Microchip\xc8\v3.10\pic\sources\c99\common\doprnt.c: 1257:   if (width
      +                           < 0) {
  6481     01D0  1FBE               	btfss	(_width+1)^(0+128),7
  6482     01D1  29D3               	goto	u3751
  6483     01D2  29D4               	goto	u3750
  6484     01D3                     u3751:
  6485     01D3  29DC               	goto	l4371
  6486     01D4                     u3750:
  6487     01D4                     l4367:
  6488                           
  6489                           ;C:\Program Files\Microchip\xc8\v3.10\pic\sources\c99\common\doprnt.c: 1258:    flags |=
      +                           (1 << 0);
  6490     01D4  0020               	movlb	0	; select bank0
  6491     01D5  1465               	bsf	_flags,0
  6492     01D6                     l4369:
  6493                           
  6494                           ;C:\Program Files\Microchip\xc8\v3.10\pic\sources\c99\common\doprnt.c: 1259:    width = 
      +                          -width;
  6495     01D6  0021               	movlb	1	; select bank1
  6496     01D7  09BD               	comf	_width^(0+128),f
  6497     01D8  09BE               	comf	(_width+1)^(0+128),f
  6498     01D9  0ABD               	incf	_width^(0+128),f
  6499     01DA  1903               	skipnz
  6500     01DB  0ABE               	incf	(_width+1)^(0+128),f
  6501     01DC                     l4371:
  6502                           
  6503                           ;C:\Program Files\Microchip\xc8\v3.10\pic\sources\c99\common\doprnt.c: 1291:   cp = *fmt
      +                          ;
  6504     01DC  0020               	movlb	0	; select bank0
  6505     01DD  0840               	movf	vfpfcnvrt@fmt,w
  6506     01DE  0086               	movwf	6
  6507     01DF  0187               	clrf	7
  6508     01E0  3F40               	moviw [0]fsr1
  6509     01E1  00CC               	movwf	vfpfcnvrt@cp
  6510     01E2  3F41               	moviw [1]fsr1
  6511     01E3  00CD               	movwf	vfpfcnvrt@cp+1
  6512     01E4                     l4373:
  6513                           
  6514                           ;C:\Program Files\Microchip\xc8\v3.10\pic\sources\c99\common\doprnt.c: 1293:   c = *cp;
  6515     01E4  084C               	movf	vfpfcnvrt@cp,w
  6516     01E5  0084               	movwf	4
  6517     01E6  084D               	movf	vfpfcnvrt@cp+1,w
  6518     01E7  0085               	movwf	5
  6519     01E8  0800               	movf	0,w	;code access
  6520     01E9  00CB               	movwf	vfpfcnvrt@c
  6521                           
  6522                           ;C:\Program Files\Microchip\xc8\v3.10\pic\sources\c99\common\doprnt.c: 1294:   switch(c)
      +                           {
  6523     01EA  29F5               	goto	l4381
  6524     01EB                     l4375:
  6525                           
  6526                           ;C:\Program Files\Microchip\xc8\v3.10\pic\sources\c99\common\doprnt.c: 1309:     cp++;
  6527     01EB  3001               	movlw	1
  6528     01EC  07CC               	addwf	vfpfcnvrt@cp,f
  6529     01ED  3000               	movlw	0
  6530     01EE  3DCD               	addwfc	vfpfcnvrt@cp+1,f
  6531                           
  6532                           ;C:\Program Files\Microchip\xc8\v3.10\pic\sources\c99\common\doprnt.c: 1316:     break;
  6533     01EF  29FD               	goto	l4383
  6534     01F0                     l1668:	
  6535                           ;C:\Program Files\Microchip\xc8\v3.10\pic\sources\c99\common\doprnt.c: 1335:    case 'u'
      +                          :
  6536                           
  6537                           
  6538                           ;C:\Program Files\Microchip\xc8\v3.10\pic\sources\c99\common\doprnt.c: 1350:     c = 'i'
      +                          ;
  6539     01F0  3069               	movlw	105
  6540     01F1  00CB               	movwf	vfpfcnvrt@c
  6541                           
  6542                           ;C:\Program Files\Microchip\xc8\v3.10\pic\sources\c99\common\doprnt.c: 1351:     break;
  6543     01F2  29FD               	goto	l4383
  6544     01F3                     l4377:
  6545                           
  6546                           ;C:\Program Files\Microchip\xc8\v3.10\pic\sources\c99\common\doprnt.c: 1353:     c = 0;
  6547     01F3  01CB               	clrf	vfpfcnvrt@c
  6548                           
  6549                           ;C:\Program Files\Microchip\xc8\v3.10\pic\sources\c99\common\doprnt.c: 1354:     break;
  6550     01F4  29FD               	goto	l4383
  6551     01F5                     l4381:
  6552     01F5  084B               	movf	vfpfcnvrt@c,w
  6553                           
  6554                           ; Switch size 1, requested type "simple"
  6555                           ; Number of cases is 2, Range of values is 108 to 117
  6556                           ; switch strategies available:
  6557                           ; Name         Instructions Cycles
  6558                           ; simple_byte            7     4 (average)
  6559                           ; direct_byte           29     9 (fixed)
  6560                           ; jumptable            263     9 (fixed)
  6561                           ;	Chosen strategy is simple_byte
  6562     01F6  3A6C               	xorlw	108	; case 108
  6563     01F7  1903               	skipnz
  6564     01F8  29EB               	goto	l4375
  6565     01F9  3A19               	xorlw	25	; case 117
  6566     01FA  1903               	skipnz
  6567     01FB  29F0               	goto	l1668
  6568     01FC  29F3               	goto	l4377
  6569     01FD                     l4383:
  6570     01FD  084C               	movf	vfpfcnvrt@cp,w
  6571     01FE  0084               	movwf	4
  6572     01FF  084D               	movf	vfpfcnvrt@cp+1,w
  6573     0200  0085               	movwf	5
  6574     0201  0012               	moviw fsr0++
  6575     0202  3A75               	xorlw	117
  6576     0203  1D03               	btfss	3,2
  6577     0204  2A06               	goto	u3761
  6578     0205  2A07               	goto	u3760
  6579     0206                     u3761:
  6580     0206  2A5B               	goto	l4403
  6581     0207                     u3760:
  6582     0207  2A2C               	goto	l4391
  6583     0208                     l4385:
  6584                           
  6585                           ;C:\Program Files\Microchip\xc8\v3.10\pic\sources\c99\common\doprnt.c: 1456:      convar
      +                          g.uint = (vfpf_uint_t)(unsigned int)(*(unsigned int *)__va_arg(*(unsigned int **)ap, (un
      +                          signed int)0));
  6586     0208  0841               	movf	vfpfcnvrt@ap,w
  6587     0209  0086               	movwf	6
  6588     020A  0187               	clrf	7
  6589     020B  0801               	movf	1,w
  6590     020C  0084               	movwf	4
  6591     020D  0185               	clrf	5
  6592     020E  3002               	movlw	2
  6593     020F  0781               	addwf	1,f
  6594     0210  3F00               	moviw [0]fsr0
  6595     0211  00C2               	movwf	??_vfpfcnvrt
  6596     0212  3F01               	moviw [1]fsr0
  6597     0213  00C3               	movwf	??_vfpfcnvrt+1
  6598     0214  0842               	movf	??_vfpfcnvrt,w
  6599     0215  00C6               	movwf	vfpfcnvrt@convarg
  6600     0216  0843               	movf	??_vfpfcnvrt+1,w
  6601     0217  00C7               	movwf	vfpfcnvrt@convarg+1
  6602     0218  01C8               	clrf	vfpfcnvrt@convarg+2
  6603     0219  01C9               	clrf	vfpfcnvrt@convarg+3
  6604                           
  6605                           ;C:\Program Files\Microchip\xc8\v3.10\pic\sources\c99\common\doprnt.c: 1457:      break;
  6606     021A  2A34               	goto	l4393
  6607     021B                     l4387:
  6608                           
  6609                           ;C:\Program Files\Microchip\xc8\v3.10\pic\sources\c99\common\doprnt.c: 1470:      convar
      +                          g.uint = (vfpf_uint_t)(*(unsigned long *)__va_arg(*(unsigned long **)ap, (unsigned long)
      +                          0));
  6610     021B  0841               	movf	vfpfcnvrt@ap,w
  6611     021C  0086               	movwf	6
  6612     021D  0187               	clrf	7
  6613     021E  0801               	movf	1,w
  6614     021F  0084               	movwf	4
  6615     0220  0185               	clrf	5
  6616     0221  3004               	movlw	4
  6617     0222  0781               	addwf	1,f
  6618     0223  3F00               	moviw [0]fsr0
  6619     0224  00C6               	movwf	vfpfcnvrt@convarg
  6620     0225  3F01               	moviw [1]fsr0
  6621     0226  00C7               	movwf	vfpfcnvrt@convarg+1
  6622     0227  3F02               	moviw [2]fsr0
  6623     0228  00C8               	movwf	vfpfcnvrt@convarg+2
  6624     0229  3F03               	moviw [3]fsr0
  6625     022A  00C9               	movwf	vfpfcnvrt@convarg+3
  6626                           
  6627                           ;C:\Program Files\Microchip\xc8\v3.10\pic\sources\c99\common\doprnt.c: 1471:      break;
  6628     022B  2A34               	goto	l4393
  6629     022C                     l4391:
  6630     022C  084B               	movf	vfpfcnvrt@c,w
  6631                           
  6632                           ; Switch size 1, requested type "simple"
  6633                           ; Number of cases is 2, Range of values is 105 to 108
  6634                           ; switch strategies available:
  6635                           ; Name         Instructions Cycles
  6636                           ; simple_byte            7     4 (average)
  6637                           ; direct_byte           17     9 (fixed)
  6638                           ; jumptable            263     9 (fixed)
  6639                           ;	Chosen strategy is simple_byte
  6640     022D  3A69               	xorlw	105	; case 105
  6641     022E  1903               	skipnz
  6642     022F  2A08               	goto	l4385
  6643     0230  3A05               	xorlw	5	; case 108
  6644     0231  1903               	skipnz
  6645     0232  2A1B               	goto	l4387
  6646     0233  2A34               	goto	l4393
  6647     0234                     l4393:
  6648                           
  6649                           ;C:\Program Files\Microchip\xc8\v3.10\pic\sources\c99\common\doprnt.c: 1497:    *fmt = c
      +                          p+1;
  6650     0234  084C               	movf	vfpfcnvrt@cp,w
  6651     0235  3E01               	addlw	1
  6652     0236  00C2               	movwf	??_vfpfcnvrt
  6653     0237  3000               	movlw	0
  6654     0238  3D4D               	addwfc	vfpfcnvrt@cp+1,w
  6655     0239  00C3               	movwf	??_vfpfcnvrt+1
  6656     023A  0840               	movf	vfpfcnvrt@fmt,w
  6657     023B  0086               	movwf	6
  6658     023C  0187               	clrf	7
  6659     023D  0842               	movf	??_vfpfcnvrt,w
  6660     023E  3FC0               	movwi [0]fsr1
  6661     023F  0843               	movf	??_vfpfcnvrt+1,w
  6662     0240  3FC1               	movwi [1]fsr1
  6663                           
  6664                           ;C:\Program Files\Microchip\xc8\v3.10\pic\sources\c99\common\doprnt.c: 1498:    switch (
      +                          *cp) {
  6665     0241  2A52               	goto	l4401
  6666     0242                     l4395:
  6667                           
  6668                           ;C:\Program Files\Microchip\xc8\v3.10\pic\sources\c99\common\doprnt.c: 1542:      return
      +                           (void) utoa(fp, convarg.uint);;	Return value of _vfpfcnvrt is never used
  6669     0242  083F               	movf	vfpfcnvrt@fp+1,w
  6670     0243  00B3               	movwf	utoa@fp+1
  6671     0244  083E               	movf	vfpfcnvrt@fp,w
  6672     0245  00B2               	movwf	utoa@fp
  6673     0246  0849               	movf	vfpfcnvrt@convarg+3,w
  6674     0247  00B7               	movwf	utoa@d+3
  6675     0248  0848               	movf	vfpfcnvrt@convarg+2,w
  6676     0249  00B6               	movwf	utoa@d+2
  6677     024A  0847               	movf	vfpfcnvrt@convarg+1,w
  6678     024B  00B5               	movwf	utoa@d+1
  6679     024C  0846               	movf	vfpfcnvrt@convarg,w
  6680     024D  00B4               	movwf	utoa@d
  6681     024E  3184  2426  3181   	fcall	_utoa
  6682     0251  2A7F               	goto	l1679
  6683     0252                     l4401:
  6684     0252  084C               	movf	vfpfcnvrt@cp,w
  6685     0253  0084               	movwf	4
  6686     0254  084D               	movf	vfpfcnvrt@cp+1,w
  6687     0255  0085               	movwf	5
  6688     0256  0800               	movf	0,w	;code access
  6689                           
  6690                           ; Switch size 1, requested type "simple"
  6691                           ; Number of cases is 1, Range of values is 117 to 117
  6692                           ; switch strategies available:
  6693                           ; Name         Instructions Cycles
  6694                           ; simple_byte            4     3 (average)
  6695                           ; direct_byte           11     9 (fixed)
  6696                           ; jumptable            263     9 (fixed)
  6697                           ;	Chosen strategy is simple_byte
  6698     0257  3A75               	xorlw	117	; case 117
  6699     0258  1903               	skipnz
  6700     0259  2A42               	goto	l4395
  6701     025A  2A5B               	goto	l4403
  6702     025B                     l4403:
  6703                           
  6704                           ;C:\Program Files\Microchip\xc8\v3.10\pic\sources\c99\common\doprnt.c: 1806:         ++*
      +                          fmt;
  6705     025B  0020               	movlb	0	; select bank0
  6706     025C  0840               	movf	vfpfcnvrt@fmt,w
  6707     025D  0086               	movwf	6
  6708     025E  0187               	clrf	7
  6709     025F  3001               	movlw	1
  6710     0260  0781               	addwf	1,f
  6711     0261  3141               	addfsr 1,1
  6712     0262  1803               	skipnc
  6713     0263  0A81               	incf	1,f
  6714     0264  2A7F               	goto	l1679
  6715     0265                     l4407:
  6716                           
  6717                           ;C:\Program Files\Microchip\xc8\v3.10\pic\sources\c99\common\doprnt.c: 1811:     fputc((
      +                          int)(*fmt)[0], fp);
  6718     0265  0840               	movf	vfpfcnvrt@fmt,w
  6719     0266  0086               	movwf	6
  6720     0267  0187               	clrf	7
  6721     0268  3F40               	moviw [0]fsr1
  6722     0269  00C2               	movwf	??_vfpfcnvrt
  6723     026A  3F41               	moviw [1]fsr1
  6724     026B  00C3               	movwf	??_vfpfcnvrt+1
  6725     026C  0842               	movf	??_vfpfcnvrt,w
  6726     026D  0084               	movwf	4
  6727     026E  0843               	movf	??_vfpfcnvrt+1,w
  6728     026F  0085               	movwf	5
  6729     0270  0800               	movf	0,w	;code access
  6730     0271  00C4               	movwf	??_vfpfcnvrt+2
  6731     0272  01C5               	clrf	??_vfpfcnvrt+3
  6732     0273  0844               	movf	??_vfpfcnvrt+2,w
  6733     0274  00F2               	movwf	fputc@c
  6734     0275  0845               	movf	??_vfpfcnvrt+3,w
  6735     0276  00F3               	movwf	fputc@c+1
  6736     0277  083F               	movf	vfpfcnvrt@fp+1,w
  6737     0278  00F5               	movwf	fputc@fp+1
  6738     0279  083E               	movf	vfpfcnvrt@fp,w
  6739     027A  00F4               	movwf	fputc@fp
  6740     027B  3185  2587  3181   	fcall	_fputc
  6741     027E  2A5B               	goto	l4403
  6742     027F                     l1679:
  6743     027F  0008               	return
  6744     0280                     __end_of_vfpfcnvrt:
  6745                           
  6746                           	psect	text4
  6747     0426                     __ptext4:	
  6748 ;; *************** function _utoa *****************
  6749 ;; Defined at:
  6750 ;;		line 1001 in file "C:\Program Files\Microchip\xc8\v3.10\pic\sources\c99\common\doprnt.c"
  6751 ;; Parameters:    Size  Location     Type
  6752 ;;  fp              2   18[BANK0 ] PTR struct _IO_FILE
  6753 ;;		 -> sprintf@f(11), 
  6754 ;;  d               4   20[BANK0 ] unsigned long 
  6755 ;; Auto vars:     Size  Location     Type
  6756 ;;  i               2   28[BANK0 ] int 
  6757 ;;  w               2   26[BANK0 ] int 
  6758 ;;  p               1   25[BANK0 ] _Bool 
  6759 ;; Return value:  Size  Location     Type
  6760 ;;                  1    wreg      void 
  6761 ;; Registers used:
  6762 ;;		wreg, fsr0l, fsr0h, fsr1l, fsr1h, status,2, status,0, pclath, cstack
  6763 ;; Tracked objects:
  6764 ;;		On entry : 0/0
  6765 ;;		On exit  : 0/0
  6766 ;;		Unchanged: 0/0
  6767 ;; Data sizes:     COMMON   BANK0   BANK1   BANK2   BANK3   BANK4   BANK5   BANK6   BANK7   BANK8   BANK9  BANK10  BANK1
      +1  BANK12
  6768 ;;      Params:         0       6       0       0       0       0       0       0       0       0       0       0       
      +0       0
  6769 ;;      Locals:         0       5       0       0       0       0       0       0       0       0       0       0       
      +0       0
  6770 ;;      Temps:          0       1       0       0       0       0       0       0       0       0       0       0       
      +0       0
  6771 ;;      Totals:         0      12       0       0       0       0       0       0       0       0       0       0       
      +0       0
  6772 ;;Total ram usage:       12 bytes
  6773 ;; Hardware stack levels used: 1
  6774 ;; Hardware stack levels required when called: 6
  6775 ;; This function calls:
  6776 ;;		___lldiv
  6777 ;;		___llmod
  6778 ;;		_pad
  6779 ;; This function is called by:
  6780 ;;		_vfpfcnvrt
  6781 ;; This function uses a non-reentrant model
  6782 ;;
  6783                           
  6784     0426                     _utoa:	
  6785                           ;psect for function _utoa
  6786                           
  6787     0426                     l4249:	
  6788                           ;incstack = 0
  6789                           ; Regs used in _utoa: [wreg-fsr1h+status,2+status,0+pclath+cstack]
  6790                           
  6791                           
  6792                           ;C:\Program Files\Microchip\xc8\v3.10\pic\sources\c99\common\doprnt.c: 1001: static void
      +                           utoa(FILE *fp, vfpf_uint_t d);C:\Program Files\Microchip\xc8\v3.10\pic\sources\c99\comm
      +                          on\doprnt.c: 1002: {;C:\Program Files\Microchip\xc8\v3.10\pic\sources\c99\common\doprnt.
      +                          c: 1003:     int i, w;;C:\Program Files\Microchip\xc8\v3.10\pic\sources\c99\common\doprn
      +                          t.c: 1007:  _Bool p = 1;
  6793     0426  3001               	movlw	1
  6794     0427  0020               	movlb	0	; select bank0
  6795     0428  00B9               	movwf	utoa@p
  6796     0429                     l4251:
  6797                           
  6798                           ;C:\Program Files\Microchip\xc8\v3.10\pic\sources\c99\common\doprnt.c: 1019:     w = wid
      +                          th;
  6799     0429  0021               	movlb	1	; select bank1
  6800     042A  083E               	movf	(_width+1)^(0+128),w
  6801     042B  0020               	movlb	0	; select bank0
  6802     042C  00BB               	movwf	utoa@w+1
  6803     042D  0021               	movlb	1	; select bank1
  6804     042E  083D               	movf	_width^(0+128),w
  6805     042F  0020               	movlb	0	; select bank0
  6806     0430  00BA               	movwf	utoa@w
  6807                           
  6808                           ;C:\Program Files\Microchip\xc8\v3.10\pic\sources\c99\common\doprnt.c: 1022:     i = siz
      +                          eof(dbuf) - 1;
  6809     0431  301F               	movlw	31
  6810     0432  00BC               	movwf	utoa@i
  6811     0433  3000               	movlw	0
  6812     0434  00BD               	movwf	utoa@i+1
  6813     0435                     l4253:
  6814                           
  6815                           ;C:\Program Files\Microchip\xc8\v3.10\pic\sources\c99\common\doprnt.c: 1023:     dbuf[i]
      +                           = '\0';
  6816     0435  0022               	movlb	2	; select bank2
  6817     0436  01E0               	clrf	(_dbuf^(0+256)+31)
  6818                           
  6819                           ;C:\Program Files\Microchip\xc8\v3.10\pic\sources\c99\common\doprnt.c: 1024:     while (
      +                          i && (d != 0
  6820     0437  2C79               	goto	l4265
  6821     0438                     l4255:
  6822                           
  6823                           ;C:\Program Files\Microchip\xc8\v3.10\pic\sources\c99\common\doprnt.c: 1033:     )) {;C:
      +                          \Program Files\Microchip\xc8\v3.10\pic\sources\c99\common\doprnt.c: 1034:         --i;
  6824     0438  30FF               	movlw	255
  6825     0439  07BC               	addwf	utoa@i,f
  6826     043A  30FF               	movlw	255
  6827     043B  3DBD               	addwfc	utoa@i+1,f
  6828     043C                     l4257:
  6829                           
  6830                           ;C:\Program Files\Microchip\xc8\v3.10\pic\sources\c99\common\doprnt.c: 1035:         dbu
      +                          f[i] = '0' + (d % 10);
  6831     043C  083C               	movf	utoa@i,w
  6832     043D  3E41               	addlw	(low (_dbuf| (0+256)))& (0+255)
  6833     043E  0086               	movwf	6
  6834     043F  3001               	movlw	1	; select bank2/3
  6835     0440  0087               	movwf	7
  6836     0441  3000               	movlw	0
  6837     0442  00A8               	movwf	___llmod@divisor+3
  6838     0443  3000               	movlw	0
  6839     0444  00A7               	movwf	___llmod@divisor+2
  6840     0445  3000               	movlw	0
  6841     0446  00A6               	movwf	___llmod@divisor+1
  6842     0447  300A               	movlw	10
  6843     0448  00A5               	movwf	___llmod@divisor
  6844     0449  0837               	movf	utoa@d+3,w
  6845     044A  00AC               	movwf	___llmod@dividend+3
  6846     044B  0836               	movf	utoa@d+2,w
  6847     044C  00AB               	movwf	___llmod@dividend+2
  6848     044D  0835               	movf	utoa@d+1,w
  6849     044E  00AA               	movwf	___llmod@dividend+1
  6850     044F  0834               	movf	utoa@d,w
  6851     0450  00A9               	movwf	___llmod@dividend
  6852     0451  3186  2684  3184   	fcall	___llmod
  6853     0454  0020               	movlb	0	; select bank0
  6854     0455  0825               	movf	?___llmod,w
  6855     0456  3E30               	addlw	48
  6856     0457  0081               	movwf	1
  6857     0458                     l4259:
  6858                           
  6859                           ;C:\Program Files\Microchip\xc8\v3.10\pic\sources\c99\common\doprnt.c: 1039:   p = 0;
  6860     0458  01B9               	clrf	utoa@p
  6861     0459                     l4261:
  6862                           
  6863                           ;C:\Program Files\Microchip\xc8\v3.10\pic\sources\c99\common\doprnt.c: 1041:         --w
      +                          ;
  6864     0459  30FF               	movlw	255
  6865     045A  07BA               	addwf	utoa@w,f
  6866     045B  30FF               	movlw	255
  6867     045C  3DBB               	addwfc	utoa@w+1,f
  6868     045D                     l4263:
  6869                           
  6870                           ;C:\Program Files\Microchip\xc8\v3.10\pic\sources\c99\common\doprnt.c: 1042:         d =
      +                           d / 10;
  6871     045D  3000               	movlw	0
  6872     045E  00F5               	movwf	___lldiv@divisor+3
  6873     045F  3000               	movlw	0
  6874     0460  00F4               	movwf	___lldiv@divisor+2
  6875     0461  3000               	movlw	0
  6876     0462  00F3               	movwf	___lldiv@divisor+1
  6877     0463  300A               	movlw	10
  6878     0464  00F2               	movwf	___lldiv@divisor
  6879     0465  0837               	movf	utoa@d+3,w
  6880     0466  00F9               	movwf	___lldiv@dividend+3
  6881     0467  0836               	movf	utoa@d+2,w
  6882     0468  00F8               	movwf	___lldiv@dividend+2
  6883     0469  0835               	movf	utoa@d+1,w
  6884     046A  00F7               	movwf	___lldiv@dividend+1
  6885     046B  0834               	movf	utoa@d,w
  6886     046C  00F6               	movwf	___lldiv@dividend
  6887     046D  3185  25E0  3184   	fcall	___lldiv
  6888     0470  0875               	movf	?___lldiv+3,w
  6889     0471  0020               	movlb	0	; select bank0
  6890     0472  00B7               	movwf	utoa@d+3
  6891     0473  0874               	movf	?___lldiv+2,w
  6892     0474  00B6               	movwf	utoa@d+2
  6893     0475  0873               	movf	?___lldiv+1,w
  6894     0476  00B5               	movwf	utoa@d+1
  6895     0477  0872               	movf	?___lldiv,w
  6896     0478  00B4               	movwf	utoa@d
  6897     0479                     l4265:
  6898                           
  6899                           ;C:\Program Files\Microchip\xc8\v3.10\pic\sources\c99\common\doprnt.c: 1024:     while (
      +                          i && (d != 0
  6900     0479  0020               	movlb	0	; select bank0
  6901     047A  083C               	movf	utoa@i,w
  6902     047B  043D               	iorwf	utoa@i+1,w
  6903     047C  1903               	btfsc	3,2
  6904     047D  2C7F               	goto	u3511
  6905     047E  2C80               	goto	u3510
  6906     047F                     u3511:
  6907     047F  2C9F               	goto	l4275
  6908     0480                     u3510:
  6909     0480                     l4267:
  6910     0480  0837               	movf	utoa@d+3,w
  6911     0481  0436               	iorwf	utoa@d+2,w
  6912     0482  0435               	iorwf	utoa@d+1,w
  6913     0483  0434               	iorwf	utoa@d,w
  6914     0484  1D03               	skipz
  6915     0485  2C87               	goto	u3521
  6916     0486  2C88               	goto	u3520
  6917     0487                     u3521:
  6918     0487  2C38               	goto	l4255
  6919     0488                     u3520:
  6920     0488                     l4269:
  6921     0488  0839               	movf	utoa@p,w
  6922     0489  1D03               	btfss	3,2
  6923     048A  2C8C               	goto	u3531
  6924     048B  2C8D               	goto	u3530
  6925     048C                     u3531:
  6926     048C  2C38               	goto	l4255
  6927     048D                     u3530:
  6928     048D                     l4271:
  6929     048D  083B               	movf	utoa@w+1,w
  6930     048E  3A80               	xorlw	128
  6931     048F  00B8               	movwf	??_utoa
  6932     0490  3080               	movlw	128
  6933     0491  0238               	subwf	??_utoa,w
  6934     0492  1D03               	skipz
  6935     0493  2C96               	goto	u3545
  6936     0494  3001               	movlw	1
  6937     0495  023A               	subwf	utoa@w,w
  6938     0496                     u3545:
  6939     0496  1C03               	skipc
  6940     0497  2C99               	goto	u3541
  6941     0498  2C9A               	goto	u3540
  6942     0499                     u3541:
  6943     0499  2C9F               	goto	l4275
  6944     049A                     u3540:
  6945     049A                     l4273:
  6946     049A  0020               	movlb	0	; select bank0
  6947     049B  18E5               	btfsc	_flags,1
  6948     049C  2C9E               	goto	u3551
  6949     049D  2C9F               	goto	u3550
  6950     049E                     u3551:
  6951     049E  2C38               	goto	l4255
  6952     049F                     u3550:
  6953     049F                     l4275:
  6954                           
  6955                           ;C:\Program Files\Microchip\xc8\v3.10\pic\sources\c99\common\doprnt.c: 1046:     return 
      +                          (void) pad(fp, &dbuf[i], w);
  6956     049F  0020               	movlb	0	; select bank0
  6957     04A0  0833               	movf	utoa@fp+1,w
  6958     04A1  00AC               	movwf	pad@fp+1
  6959     04A2  0832               	movf	utoa@fp,w
  6960     04A3  00AB               	movwf	pad@fp
  6961     04A4  083C               	movf	utoa@i,w
  6962     04A5  3E41               	addlw	(low (_dbuf| (0+256)))& (0+255)
  6963     04A6  00AD               	movwf	pad@buf
  6964     04A7  083B               	movf	utoa@w+1,w
  6965     04A8  00AF               	movwf	pad@p+1
  6966     04A9  083A               	movf	utoa@w,w
  6967     04AA  00AE               	movwf	pad@p
  6968     04AB  3186  26CD  3184   	fcall	_pad
  6969     04AE                     l1645:
  6970     04AE  0008               	return
  6971     04AF                     __end_of_utoa:
  6972                           
  6973                           	psect	text5
  6974     06CD                     __ptext5:	
  6975 ;; *************** function _pad *****************
  6976 ;; Defined at:
  6977 ;;		line 193 in file "C:\Program Files\Microchip\xc8\v3.10\pic\sources\c99\common\doprnt.c"
  6978 ;; Parameters:    Size  Location     Type
  6979 ;;  fp              2   11[BANK0 ] PTR struct _IO_FILE
  6980 ;;		 -> sprintf@f(11), 
  6981 ;;  buf             1   13[BANK0 ] PTR unsigned char 
  6982 ;;		 -> dbuf(32), 
  6983 ;;  p               2   14[BANK0 ] int 
  6984 ;; Auto vars:     Size  Location     Type
  6985 ;;  i               2   16[BANK0 ] int 
  6986 ;; Return value:  Size  Location     Type
  6987 ;;                  1    wreg      void 
  6988 ;; Registers used:
  6989 ;;		wreg, fsr0l, fsr0h, fsr1l, fsr1h, status,2, status,0, pclath, cstack
  6990 ;; Tracked objects:
  6991 ;;		On entry : 0/0
  6992 ;;		On exit  : 0/0
  6993 ;;		Unchanged: 0/0
  6994 ;; Data sizes:     COMMON   BANK0   BANK1   BANK2   BANK3   BANK4   BANK5   BANK6   BANK7   BANK8   BANK9  BANK10  BANK1
      +1  BANK12
  6995 ;;      Params:         0       5       0       0       0       0       0       0       0       0       0       0       
      +0       0
  6996 ;;      Locals:         0       2       0       0       0       0       0       0       0       0       0       0       
      +0       0
  6997 ;;      Temps:          1       0       0       0       0       0       0       0       0       0       0       0       
      +0       0
  6998 ;;      Totals:         1       7       0       0       0       0       0       0       0       0       0       0       
      +0       0
  6999 ;;Total ram usage:        8 bytes
  7000 ;; Hardware stack levels used: 1
  7001 ;; Hardware stack levels required when called: 5
  7002 ;; This function calls:
  7003 ;;		_fputc
  7004 ;;		_fputs
  7005 ;; This function is called by:
  7006 ;;		_utoa
  7007 ;; This function uses a non-reentrant model
  7008 ;;
  7009                           
  7010     06CD                     _pad:	
  7011                           ;psect for function _pad
  7012                           
  7013     06CD                     l4203:	
  7014                           ;incstack = 0
  7015                           ; Regs used in _pad: [wreg-fsr1h+status,2+status,0+pclath+cstack]
  7016                           
  7017                           
  7018                           ;C:\Program Files\Microchip\xc8\v3.10\pic\sources\c99\common\doprnt.c: 193: static void 
      +                          pad(FILE *fp, char *buf, int p);C:\Program Files\Microchip\xc8\v3.10\pic\sources\c99\com
      +                          mon\doprnt.c: 194: {;C:\Program Files\Microchip\xc8\v3.10\pic\sources\c99\common\doprnt.
      +                          c: 195:     int i;;C:\Program Files\Microchip\xc8\v3.10\pic\sources\c99\common\doprnt.c:
      +                           199:     if (flags & (1 << 0)) {
  7019     06CD  0020               	movlb	0	; select bank0
  7020     06CE  1C65               	btfss	_flags,0
  7021     06CF  2ED1               	goto	u3381
  7022     06D0  2ED2               	goto	u3380
  7023     06D1                     u3381:
  7024     06D1  2EDB               	goto	l4207
  7025     06D2                     u3380:
  7026     06D2                     l4205:
  7027                           
  7028                           ;C:\Program Files\Microchip\xc8\v3.10\pic\sources\c99\common\doprnt.c: 200:         fput
      +                          s((const char *)buf, fp);
  7029     06D2  082D               	movf	pad@buf,w
  7030     06D3  00A5               	movwf	fputs@s
  7031     06D4  082C               	movf	pad@fp+1,w
  7032     06D5  00A7               	movwf	fputs@fp+1
  7033     06D6  082B               	movf	pad@fp,w
  7034     06D7  00A6               	movwf	fputs@fp
  7035     06D8  3187  27C0  3186   	fcall	_fputs
  7036     06DB                     l4207:
  7037                           
  7038                           ;C:\Program Files\Microchip\xc8\v3.10\pic\sources\c99\common\doprnt.c: 205:  if (p < 0) 
      +                          {
  7039     06DB  0020               	movlb	0	; select bank0
  7040     06DC  1FAF               	btfss	pad@p+1,7
  7041     06DD  2EDF               	goto	u3391
  7042     06DE  2EE0               	goto	u3390
  7043     06DF                     u3391:
  7044     06DF  2EE2               	goto	l1630
  7045     06E0                     u3390:
  7046     06E0                     l4209:
  7047                           
  7048                           ;C:\Program Files\Microchip\xc8\v3.10\pic\sources\c99\common\doprnt.c: 206:   p = 0;
  7049     06E0  01AE               	clrf	pad@p
  7050     06E1  01AF               	clrf	pad@p+1
  7051     06E2                     l1630:	
  7052                           ;C:\Program Files\Microchip\xc8\v3.10\pic\sources\c99\common\doprnt.c: 207:  }
  7053                           
  7054                           
  7055                           ;C:\Program Files\Microchip\xc8\v3.10\pic\sources\c99\common\doprnt.c: 208:     i = 0;
  7056     06E2  01B0               	clrf	pad@i
  7057     06E3  01B1               	clrf	pad@i+1
  7058                           
  7059                           ;C:\Program Files\Microchip\xc8\v3.10\pic\sources\c99\common\doprnt.c: 209:     while (i
      +                           < p) {
  7060     06E4  2EF6               	goto	l4215
  7061     06E5                     l4211:
  7062                           
  7063                           ;C:\Program Files\Microchip\xc8\v3.10\pic\sources\c99\common\doprnt.c: 210:         fput
      +                          c(' ', fp);
  7064     06E5  3020               	movlw	32
  7065     06E6  00F2               	movwf	fputc@c
  7066     06E7  3000               	movlw	0
  7067     06E8  00F3               	movwf	fputc@c+1
  7068     06E9  0020               	movlb	0	; select bank0
  7069     06EA  082C               	movf	pad@fp+1,w
  7070     06EB  00F5               	movwf	fputc@fp+1
  7071     06EC  082B               	movf	pad@fp,w
  7072     06ED  00F4               	movwf	fputc@fp
  7073     06EE  3185  2587  3186   	fcall	_fputc
  7074     06F1                     l4213:
  7075                           
  7076                           ;C:\Program Files\Microchip\xc8\v3.10\pic\sources\c99\common\doprnt.c: 211:         ++i;
  7077     06F1  3001               	movlw	1
  7078     06F2  0020               	movlb	0	; select bank0
  7079     06F3  07B0               	addwf	pad@i,f
  7080     06F4  3000               	movlw	0
  7081     06F5  3DB1               	addwfc	pad@i+1,f
  7082     06F6                     l4215:
  7083                           
  7084                           ;C:\Program Files\Microchip\xc8\v3.10\pic\sources\c99\common\doprnt.c: 209:     while (i
      +                           < p) {
  7085     06F6  0831               	movf	pad@i+1,w
  7086     06F7  3A80               	xorlw	128
  7087     06F8  00F8               	movwf	??_pad
  7088     06F9  082F               	movf	pad@p+1,w
  7089     06FA  3A80               	xorlw	128
  7090     06FB  0278               	subwf	??_pad,w
  7091     06FC  1D03               	skipz
  7092     06FD  2F00               	goto	u3405
  7093     06FE  082E               	movf	pad@p,w
  7094     06FF  0230               	subwf	pad@i,w
  7095     0700                     u3405:
  7096     0700  1C03               	skipc
  7097     0701  2F03               	goto	u3401
  7098     0702  2F04               	goto	u3400
  7099     0703                     u3401:
  7100     0703  2EE5               	goto	l4211
  7101     0704                     u3400:
  7102     0704                     l1633:
  7103                           
  7104                           ;C:\Program Files\Microchip\xc8\v3.10\pic\sources\c99\common\doprnt.c: 216:     if (!(fl
      +                          ags & (1 << 0))) {
  7105     0704  0020               	movlb	0	; select bank0
  7106     0705  1865               	btfsc	_flags,0
  7107     0706  2F08               	goto	u3411
  7108     0707  2F09               	goto	u3410
  7109     0708                     u3411:
  7110     0708  2F12               	goto	l1635
  7111     0709                     u3410:
  7112     0709                     l4217:
  7113                           
  7114                           ;C:\Program Files\Microchip\xc8\v3.10\pic\sources\c99\common\doprnt.c: 218:         fput
      +                          s((const char *)buf, fp);
  7115     0709  082D               	movf	pad@buf,w
  7116     070A  00A5               	movwf	fputs@s
  7117     070B  082C               	movf	pad@fp+1,w
  7118     070C  00A7               	movwf	fputs@fp+1
  7119     070D  082B               	movf	pad@fp,w
  7120     070E  00A6               	movwf	fputs@fp
  7121     070F  3187  27C0  3186   	fcall	_fputs
  7122     0712                     l1635:
  7123     0712  0008               	return
  7124     0713                     __end_of_pad:
  7125                           
  7126                           	psect	text6
  7127     07C0                     __ptext6:	
  7128 ;; *************** function _fputs *****************
  7129 ;; Defined at:
  7130 ;;		line 8 in file "C:\Program Files\Microchip\xc8\v3.10\pic\sources\c99\common\nf_fputs.c"
  7131 ;; Parameters:    Size  Location     Type
  7132 ;;  s               1    5[BANK0 ] PTR const unsigned char 
  7133 ;;		 -> dbuf(32), 
  7134 ;;  fp              2    6[BANK0 ] PTR struct _IO_FILE
  7135 ;;		 -> sprintf@f(11), 
  7136 ;; Auto vars:     Size  Location     Type
  7137 ;;  i               2    9[BANK0 ] int 
  7138 ;;  c               1    8[BANK0 ] unsigned char 
  7139 ;; Return value:  Size  Location     Type
  7140 ;;                  2    5[BANK0 ] int 
  7141 ;; Registers used:
  7142 ;;		wreg, fsr0l, fsr0h, fsr1l, fsr1h, status,2, status,0, pclath, cstack
  7143 ;; Tracked objects:
  7144 ;;		On entry : 0/0
  7145 ;;		On exit  : 0/0
  7146 ;;		Unchanged: 0/0
  7147 ;; Data sizes:     COMMON   BANK0   BANK1   BANK2   BANK3   BANK4   BANK5   BANK6   BANK7   BANK8   BANK9  BANK10  BANK1
      +1  BANK12
  7148 ;;      Params:         0       3       0       0       0       0       0       0       0       0       0       0       
      +0       0
  7149 ;;      Locals:         0       3       0       0       0       0       0       0       0       0       0       0       
      +0       0
  7150 ;;      Temps:          2       0       0       0       0       0       0       0       0       0       0       0       
      +0       0
  7151 ;;      Totals:         2       6       0       0       0       0       0       0       0       0       0       0       
      +0       0
  7152 ;;Total ram usage:        8 bytes
  7153 ;; Hardware stack levels used: 1
  7154 ;; Hardware stack levels required when called: 4
  7155 ;; This function calls:
  7156 ;;		_fputc
  7157 ;; This function is called by:
  7158 ;;		_pad
  7159 ;; This function uses a non-reentrant model
  7160 ;;
  7161                           
  7162     07C0                     _fputs:	
  7163                           ;psect for function _fputs
  7164                           
  7165     07C0                     l4137:	
  7166                           ;incstack = 0
  7167                           ; Regs used in _fputs: [wreg-fsr1h+status,2+status,0+pclath+cstack]
  7168                           
  7169     07C0  0020               	movlb	0	; select bank0
  7170     07C1  01A9               	clrf	fputs@i
  7171     07C2  01AA               	clrf	fputs@i+1
  7172     07C3  2FD7               	goto	l4143
  7173     07C4                     l4139:
  7174     07C4  0828               	movf	fputs@c,w
  7175     07C5  00F6               	movwf	??_fputs
  7176     07C6  01F7               	clrf	??_fputs+1
  7177     07C7  0876               	movf	??_fputs,w
  7178     07C8  00F2               	movwf	fputc@c
  7179     07C9  0877               	movf	??_fputs+1,w
  7180     07CA  00F3               	movwf	fputc@c+1
  7181     07CB  0827               	movf	fputs@fp+1,w
  7182     07CC  00F5               	movwf	fputc@fp+1
  7183     07CD  0826               	movf	fputs@fp,w
  7184     07CE  00F4               	movwf	fputc@fp
  7185     07CF  3185  2587  3187   	fcall	_fputc
  7186     07D2                     l4141:
  7187     07D2  3001               	movlw	1
  7188     07D3  0020               	movlb	0	; select bank0
  7189     07D4  07A9               	addwf	fputs@i,f
  7190     07D5  3000               	movlw	0
  7191     07D6  3DAA               	addwfc	fputs@i+1,f
  7192     07D7                     l4143:
  7193     07D7  0825               	movf	fputs@s,w
  7194     07D8  0729               	addwf	fputs@i,w
  7195     07D9  0086               	movwf	6
  7196     07DA  3001               	movlw	1	; select bank2/3
  7197     07DB  0087               	movwf	7
  7198     07DC  0801               	movf	1,w
  7199     07DD  00A8               	movwf	fputs@c
  7200     07DE  0828               	movf	fputs@c,w
  7201     07DF  1D03               	btfss	3,2
  7202     07E0  2FE2               	goto	u3201
  7203     07E1  2FE3               	goto	u3200
  7204     07E2                     u3201:
  7205     07E2  2FC4               	goto	l4139
  7206     07E3                     u3200:
  7207     07E3                     l1706:
  7208     07E3  0008               	return
  7209     07E4                     __end_of_fputs:
  7210                           
  7211                           	psect	text7
  7212     0587                     __ptext7:	
  7213 ;; *************** function _fputc *****************
  7214 ;; Defined at:
  7215 ;;		line 8 in file "C:\Program Files\Microchip\xc8\v3.10\pic\sources\c99\common\nf_fputc.c"
  7216 ;; Parameters:    Size  Location     Type
  7217 ;;  c               2    2[COMMON] int 
  7218 ;;  fp              2    4[COMMON] PTR struct _IO_FILE
  7219 ;;		 -> sprintf@f(11), 
  7220 ;; Auto vars:     Size  Location     Type
  7221 ;;		None
  7222 ;; Return value:  Size  Location     Type
  7223 ;;                  2    2[COMMON] int 
  7224 ;; Registers used:
  7225 ;;		wreg, fsr0l, fsr0h, fsr1l, fsr1h, status,2, status,0, pclath, cstack
  7226 ;; Tracked objects:
  7227 ;;		On entry : 0/0
  7228 ;;		On exit  : 0/0
  7229 ;;		Unchanged: 0/0
  7230 ;; Data sizes:     COMMON   BANK0   BANK1   BANK2   BANK3   BANK4   BANK5   BANK6   BANK7   BANK8   BANK9  BANK10  BANK1
      +1  BANK12
  7231 ;;      Params:         4       0       0       0       0       0       0       0       0       0       0       0       
      +0       0
  7232 ;;      Locals:         0       0       0       0       0       0       0       0       0       0       0       0       
      +0       0
  7233 ;;      Temps:          0       5       0       0       0       0       0       0       0       0       0       0       
      +0       0
  7234 ;;      Totals:         4       5       0       0       0       0       0       0       0       0       0       0       
      +0       0
  7235 ;;Total ram usage:        9 bytes
  7236 ;; Hardware stack levels used: 1
  7237 ;; Hardware stack levels required when called: 3
  7238 ;; This function calls:
  7239 ;;		_putch
  7240 ;; This function is called by:
  7241 ;;		_pad
  7242 ;;		_vfpfcnvrt
  7243 ;;		_fputs
  7244 ;; This function uses a non-reentrant model
  7245 ;;
  7246                           
  7247     0587                     _fputc:	
  7248                           ;psect for function _fputc
  7249                           
  7250     0587                     l4121:	
  7251                           ;incstack = 0
  7252                           ; Regs used in _fputc: [wreg-fsr1h+status,2+status,0+pclath+cstack]
  7253                           
  7254     0587  0874               	movf	fputc@fp,w
  7255     0588  0475               	iorwf	fputc@fp+1,w
  7256     0589  1903               	btfsc	3,2
  7257     058A  2D8C               	goto	u3161
  7258     058B  2D8D               	goto	u3160
  7259     058C                     u3161:
  7260     058C  2D93               	goto	l4125
  7261     058D                     u3160:
  7262     058D                     l4123:
  7263     058D  0874               	movf	fputc@fp,w
  7264     058E  0475               	iorwf	fputc@fp+1,w
  7265     058F  1D03               	btfss	3,2
  7266     0590  2D92               	goto	u3171
  7267     0591  2D93               	goto	u3170
  7268     0592                     u3171:
  7269     0592  2D98               	goto	l4127
  7270     0593                     u3170:
  7271     0593                     l4125:
  7272     0593  0872               	movf	fputc@c,w
  7273     0594  3180  2003  3185   	fcall	_putch
  7274     0597  2DDF               	goto	l1698
  7275     0598                     l4127:
  7276     0598  0874               	movf	fputc@fp,w
  7277     0599  0086               	movwf	6
  7278     059A  0187               	clrf	7
  7279     059B  3149               	addfsr 1,9
  7280     059C  0016               	moviw fsr1++
  7281     059D  0401               	iorwf	1,w
  7282     059E  1903               	btfsc	3,2
  7283     059F  2DA1               	goto	u3181
  7284     05A0  2DA2               	goto	u3180
  7285     05A1                     u3181:
  7286     05A1  2DC1               	goto	l4131
  7287     05A2                     u3180:
  7288     05A2                     l4129:
  7289     05A2  0874               	movf	fputc@fp,w
  7290     05A3  0086               	movwf	6
  7291     05A4  0187               	clrf	7
  7292     05A5  3149               	addfsr 1,9
  7293     05A6  3F40               	moviw [0]fsr1
  7294     05A7  0020               	movlb	0	; select bank0
  7295     05A8  00A0               	movwf	??_fputc
  7296     05A9  3F41               	moviw [1]fsr1
  7297     05AA  00A1               	movwf	??_fputc+1
  7298     05AB  0874               	movf	fputc@fp,w
  7299     05AC  0086               	movwf	6
  7300     05AD  0187               	clrf	7
  7301     05AE  3142               	addfsr 1,2
  7302     05AF  3F40               	moviw [0]fsr1
  7303     05B0  00A2               	movwf	??_fputc+2
  7304     05B1  3F41               	moviw [1]fsr1
  7305     05B2  00A3               	movwf	??_fputc+3
  7306     05B3  0823               	movf	??_fputc+3,w
  7307     05B4  3A80               	xorlw	128
  7308     05B5  00A4               	movwf	??_fputc+4
  7309     05B6  0821               	movf	??_fputc+1,w
  7310     05B7  3A80               	xorlw	128
  7311     05B8  0224               	subwf	??_fputc+4,w
  7312     05B9  1D03               	skipz
  7313     05BA  2DBD               	goto	u3195
  7314     05BB  0820               	movf	??_fputc,w
  7315     05BC  0222               	subwf	??_fputc+2,w
  7316     05BD                     u3195:
  7317     05BD  1803               	skipnc
  7318     05BE  2DC0               	goto	u3191
  7319     05BF  2DC1               	goto	u3190
  7320     05C0                     u3191:
  7321     05C0  2DDF               	goto	l1698
  7322     05C1                     u3190:
  7323     05C1                     l4131:
  7324     05C1  0874               	movf	fputc@fp,w
  7325     05C2  0086               	movwf	6
  7326     05C3  0187               	clrf	7
  7327     05C4  3142               	addfsr 1,2
  7328     05C5  0874               	movf	fputc@fp,w
  7329     05C6  0084               	movwf	4
  7330     05C7  0875               	movf	fputc@fp+1,w
  7331     05C8  0085               	movwf	5
  7332     05C9  3F00               	moviw [0]fsr0
  7333     05CA  0020               	movlb	0	; select bank0
  7334     05CB  00A0               	movwf	??_fputc
  7335     05CC  3F01               	moviw [1]fsr0
  7336     05CD  00A1               	movwf	??_fputc+1
  7337     05CE  3F40               	moviw [0]fsr1
  7338     05CF  0720               	addwf	??_fputc,w
  7339     05D0  0084               	movwf	4
  7340     05D1  3F41               	moviw [1]fsr1
  7341     05D2  3D21               	addwfc	??_fputc+1,w
  7342     05D3  0085               	movwf	5
  7343     05D4  0872               	movf	fputc@c,w
  7344     05D5  0080               	movwf	0
  7345     05D6                     l4133:
  7346     05D6  0874               	movf	fputc@fp,w
  7347     05D7  0086               	movwf	6
  7348     05D8  0187               	clrf	7
  7349     05D9  3142               	addfsr 1,2
  7350     05DA  3001               	movlw	1
  7351     05DB  0781               	addwf	1,f
  7352     05DC  3141               	addfsr 1,1
  7353     05DD  1803               	skipnc
  7354     05DE  0A81               	incf	1,f
  7355     05DF                     l1698:
  7356     05DF  0008               	return
  7357     05E0                     __end_of_fputc:
  7358                           
  7359                           	psect	text8
  7360     0003                     __ptext8:	
  7361 ;; *************** function _putch *****************
  7362 ;; Defined at:
  7363 ;;		line 7 in file "C:\Program Files\Microchip\xc8\v3.10\pic\sources\c99\common\putch.c"
  7364 ;; Parameters:    Size  Location     Type
  7365 ;;  c               1    wreg     unsigned char 
  7366 ;; Auto vars:     Size  Location     Type
  7367 ;;  c               1    0[COMMON] unsigned char 
  7368 ;; Return value:  Size  Location     Type
  7369 ;;                  1    wreg      void 
  7370 ;; Registers used:
  7371 ;;		wreg
  7372 ;; Tracked objects:
  7373 ;;		On entry : 0/0
  7374 ;;		On exit  : 0/0
  7375 ;;		Unchanged: 0/0
  7376 ;; Data sizes:     COMMON   BANK0   BANK1   BANK2   BANK3   BANK4   BANK5   BANK6   BANK7   BANK8   BANK9  BANK10  BANK1
      +1  BANK12
  7377 ;;      Params:         0       0       0       0       0       0       0       0       0       0       0       0       
      +0       0
  7378 ;;      Locals:         0       0       0       0       0       0       0       0       0       0       0       0       
      +0       0
  7379 ;;      Temps:          0       0       0       0       0       0       0       0       0       0       0       0       
      +0       0
  7380 ;;      Totals:         0       0       0       0       0       0       0       0       0       0       0       0       
      +0       0
  7381 ;;Total ram usage:        0 bytes
  7382 ;; Hardware stack levels used: 1
  7383 ;; Hardware stack levels required when called: 3
  7384 ;; This function calls:
  7385 ;;		Nothing
  7386 ;; This function is called by:
  7387 ;;		_fputc
  7388 ;; This function uses a non-reentrant model
  7389 ;;
  7390                           
  7391     0003                     _putch:	
  7392                           ;psect for function _putch
  7393                           
  7394     0003                     l1709:	
  7395                           ;incstack = 0
  7396                           ; Regs used in _putch: [wreg]
  7397                           
  7398     0003  0008               	return
  7399     0004                     __end_of_putch:
  7400                           
  7401                           	psect	text9
  7402     0684                     __ptext9:	
  7403 ;; *************** function ___llmod *****************
  7404 ;; Defined at:
  7405 ;;		line 5 in file "C:\Program Files\Microchip\xc8\v3.10\pic\sources\c99\common\llmod.c"
  7406 ;; Parameters:    Size  Location     Type
  7407 ;;  divisor         4    5[BANK0 ] unsigned long 
  7408 ;;  dividend        4    9[BANK0 ] unsigned long 
  7409 ;; Auto vars:     Size  Location     Type
  7410 ;;  counter         1   13[BANK0 ] unsigned char 
  7411 ;; Return value:  Size  Location     Type
  7412 ;;                  4    5[BANK0 ] unsigned long 
  7413 ;; Registers used:
  7414 ;;		wreg, status,2, status,0
  7415 ;; Tracked objects:
  7416 ;;		On entry : 0/0
  7417 ;;		On exit  : 0/0
  7418 ;;		Unchanged: 0/0
  7419 ;; Data sizes:     COMMON   BANK0   BANK1   BANK2   BANK3   BANK4   BANK5   BANK6   BANK7   BANK8   BANK9  BANK10  BANK1
      +1  BANK12
  7420 ;;      Params:         0       8       0       0       0       0       0       0       0       0       0       0       
      +0       0
  7421 ;;      Locals:         0       1       0       0       0       0       0       0       0       0       0       0       
      +0       0
  7422 ;;      Temps:          0       0       0       0       0       0       0       0       0       0       0       0       
      +0       0
  7423 ;;      Totals:         0       9       0       0       0       0       0       0       0       0       0       0       
      +0       0
  7424 ;;Total ram usage:        9 bytes
  7425 ;; Hardware stack levels used: 1
  7426 ;; Hardware stack levels required when called: 3
  7427 ;; This function calls:
  7428 ;;		Nothing
  7429 ;; This function is called by:
  7430 ;;		_main
  7431 ;;		_utoa
  7432 ;; This function uses a non-reentrant model
  7433 ;;
  7434                           
  7435     0684                     ___llmod:	
  7436                           ;psect for function ___llmod
  7437                           
  7438     0684                     l4183:	
  7439                           ;incstack = 0
  7440                           ; Regs used in ___llmod: [wreg+status,2+status,0]
  7441                           
  7442     0684  0020               	movlb	0	; select bank0
  7443     0685  0828               	movf	___llmod@divisor+3,w
  7444     0686  0427               	iorwf	___llmod@divisor+2,w
  7445     0687  0426               	iorwf	___llmod@divisor+1,w
  7446     0688  0425               	iorwf	___llmod@divisor,w
  7447     0689  1903               	skipnz
  7448     068A  2E8C               	goto	u3321
  7449     068B  2E8D               	goto	u3320
  7450     068C                     u3321:
  7451     068C  2EC4               	goto	l4199
  7452     068D                     u3320:
  7453     068D                     l4185:
  7454     068D  3001               	movlw	1
  7455     068E  00AD               	movwf	___llmod@counter
  7456     068F  2E99               	goto	l4189
  7457     0690                     l4187:
  7458     0690  3001               	movlw	1
  7459     0691                     u3335:
  7460     0691  35A5               	lslf	___llmod@divisor,f
  7461     0692  0DA6               	rlf	___llmod@divisor+1,f
  7462     0693  0DA7               	rlf	___llmod@divisor+2,f
  7463     0694  0DA8               	rlf	___llmod@divisor+3,f
  7464     0695  0B89               	decfsz	9,f
  7465     0696  2E91               	goto	u3335
  7466     0697  3001               	movlw	1
  7467     0698  07AD               	addwf	___llmod@counter,f
  7468     0699                     l4189:
  7469     0699  1FA8               	btfss	___llmod@divisor+3,7
  7470     069A  2E9C               	goto	u3341
  7471     069B  2E9D               	goto	u3340
  7472     069C                     u3341:
  7473     069C  2E90               	goto	l4187
  7474     069D                     u3340:
  7475     069D                     l4191:
  7476     069D  0828               	movf	___llmod@divisor+3,w
  7477     069E  022C               	subwf	___llmod@dividend+3,w
  7478     069F  1D03               	skipz
  7479     06A0  2EAB               	goto	u3355
  7480     06A1  0827               	movf	___llmod@divisor+2,w
  7481     06A2  022B               	subwf	___llmod@dividend+2,w
  7482     06A3  1D03               	skipz
  7483     06A4  2EAB               	goto	u3355
  7484     06A5  0826               	movf	___llmod@divisor+1,w
  7485     06A6  022A               	subwf	___llmod@dividend+1,w
  7486     06A7  1D03               	skipz
  7487     06A8  2EAB               	goto	u3355
  7488     06A9  0825               	movf	___llmod@divisor,w
  7489     06AA  0229               	subwf	___llmod@dividend,w
  7490     06AB                     u3355:
  7491     06AB  1C03               	skipc
  7492     06AC  2EAE               	goto	u3351
  7493     06AD  2EAF               	goto	u3350
  7494     06AE                     u3351:
  7495     06AE  2EB7               	goto	l4195
  7496     06AF                     u3350:
  7497     06AF                     l4193:
  7498     06AF  0825               	movf	___llmod@divisor,w
  7499     06B0  02A9               	subwf	___llmod@dividend,f
  7500     06B1  0826               	movf	___llmod@divisor+1,w
  7501     06B2  3BAA               	subwfb	___llmod@dividend+1,f
  7502     06B3  0827               	movf	___llmod@divisor+2,w
  7503     06B4  3BAB               	subwfb	___llmod@dividend+2,f
  7504     06B5  0828               	movf	___llmod@divisor+3,w
  7505     06B6  3BAC               	subwfb	___llmod@dividend+3,f
  7506     06B7                     l4195:
  7507     06B7  3001               	movlw	1
  7508     06B8                     u3365:
  7509     06B8  36A8               	lsrf	___llmod@divisor+3,f
  7510     06B9  0CA7               	rrf	___llmod@divisor+2,f
  7511     06BA  0CA6               	rrf	___llmod@divisor+1,f
  7512     06BB  0CA5               	rrf	___llmod@divisor,f
  7513     06BC  0B89               	decfsz	9,f
  7514     06BD  2EB8               	goto	u3365
  7515     06BE                     l4197:
  7516     06BE  3001               	movlw	1
  7517     06BF  02AD               	subwf	___llmod@counter,f
  7518     06C0  1D03               	btfss	3,2
  7519     06C1  2EC3               	goto	u3371
  7520     06C2  2EC4               	goto	u3370
  7521     06C3                     u3371:
  7522     06C3  2E9D               	goto	l4191
  7523     06C4                     u3370:
  7524     06C4                     l4199:
  7525     06C4  082C               	movf	___llmod@dividend+3,w
  7526     06C5  00A8               	movwf	?___llmod+3
  7527     06C6  082B               	movf	___llmod@dividend+2,w
  7528     06C7  00A7               	movwf	?___llmod+2
  7529     06C8  082A               	movf	___llmod@dividend+1,w
  7530     06C9  00A6               	movwf	?___llmod+1
  7531     06CA  0829               	movf	___llmod@dividend,w
  7532     06CB  00A5               	movwf	?___llmod
  7533     06CC                     l1379:
  7534     06CC  0008               	return
  7535     06CD                     __end_of___llmod:
  7536                           
  7537                           	psect	text10
  7538     05E0                     __ptext10:	
  7539 ;; *************** function ___lldiv *****************
  7540 ;; Defined at:
  7541 ;;		line 5 in file "C:\Program Files\Microchip\xc8\v3.10\pic\sources\c99\common\__lldiv.c"
  7542 ;; Parameters:    Size  Location     Type
  7543 ;;  divisor         4    2[COMMON] unsigned long 
  7544 ;;  dividend        4    6[COMMON] unsigned long 
  7545 ;; Auto vars:     Size  Location     Type
  7546 ;;  quotient        4    0[BANK0 ] unsigned long 
  7547 ;;  counter         1    4[BANK0 ] unsigned char 
  7548 ;; Return value:  Size  Location     Type
  7549 ;;                  4    2[COMMON] unsigned long 
  7550 ;; Registers used:
  7551 ;;		wreg, status,2, status,0
  7552 ;; Tracked objects:
  7553 ;;		On entry : 0/0
  7554 ;;		On exit  : 0/0
  7555 ;;		Unchanged: 0/0
  7556 ;; Data sizes:     COMMON   BANK0   BANK1   BANK2   BANK3   BANK4   BANK5   BANK6   BANK7   BANK8   BANK9  BANK10  BANK1
      +1  BANK12
  7557 ;;      Params:         8       0       0       0       0       0       0       0       0       0       0       0       
      +0       0
  7558 ;;      Locals:         0       5       0       0       0       0       0       0       0       0       0       0       
      +0       0
  7559 ;;      Temps:          0       0       0       0       0       0       0       0       0       0       0       0       
      +0       0
  7560 ;;      Totals:         8       5       0       0       0       0       0       0       0       0       0       0       
      +0       0
  7561 ;;Total ram usage:       13 bytes
  7562 ;; Hardware stack levels used: 1
  7563 ;; Hardware stack levels required when called: 3
  7564 ;; This function calls:
  7565 ;;		Nothing
  7566 ;; This function is called by:
  7567 ;;		_main
  7568 ;;		_utoa
  7569 ;; This function uses a non-reentrant model
  7570 ;;
  7571                           
  7572     05E0                     ___lldiv:	
  7573                           ;psect for function ___lldiv
  7574                           
  7575     05E0                     l4159:	
  7576                           ;incstack = 0
  7577                           ; Regs used in ___lldiv: [wreg+status,2+status,0]
  7578                           
  7579     05E0  3000               	movlw	0
  7580     05E1  0020               	movlb	0	; select bank0
  7581     05E2  00A3               	movwf	___lldiv@quotient+3
  7582     05E3  3000               	movlw	0
  7583     05E4  00A2               	movwf	___lldiv@quotient+2
  7584     05E5  3000               	movlw	0
  7585     05E6  00A1               	movwf	___lldiv@quotient+1
  7586     05E7  3000               	movlw	0
  7587     05E8  00A0               	movwf	___lldiv@quotient
  7588     05E9  0875               	movf	___lldiv@divisor+3,w
  7589     05EA  0474               	iorwf	___lldiv@divisor+2,w
  7590     05EB  0473               	iorwf	___lldiv@divisor+1,w
  7591     05EC  0472               	iorwf	___lldiv@divisor,w
  7592     05ED  1903               	skipnz
  7593     05EE  2DF0               	goto	u3251
  7594     05EF  2DF1               	goto	u3250
  7595     05F0                     u3251:
  7596     05F0  2E30               	goto	l4179
  7597     05F1                     u3250:
  7598     05F1                     l4161:
  7599     05F1  3001               	movlw	1
  7600     05F2  00A4               	movwf	___lldiv@counter
  7601     05F3  2DFD               	goto	l4165
  7602     05F4                     l4163:
  7603     05F4  3001               	movlw	1
  7604     05F5                     u3265:
  7605     05F5  35F2               	lslf	___lldiv@divisor,f
  7606     05F6  0DF3               	rlf	___lldiv@divisor+1,f
  7607     05F7  0DF4               	rlf	___lldiv@divisor+2,f
  7608     05F8  0DF5               	rlf	___lldiv@divisor+3,f
  7609     05F9  0B89               	decfsz	9,f
  7610     05FA  2DF5               	goto	u3265
  7611     05FB  3001               	movlw	1
  7612     05FC  07A4               	addwf	___lldiv@counter,f
  7613     05FD                     l4165:
  7614     05FD  1FF5               	btfss	___lldiv@divisor+3,7
  7615     05FE  2E00               	goto	u3271
  7616     05FF  2E01               	goto	u3270
  7617     0600                     u3271:
  7618     0600  2DF4               	goto	l4163
  7619     0601                     u3270:
  7620     0601                     l4167:
  7621     0601  3001               	movlw	1
  7622     0602                     u3285:
  7623     0602  35A0               	lslf	___lldiv@quotient,f
  7624     0603  0DA1               	rlf	___lldiv@quotient+1,f
  7625     0604  0DA2               	rlf	___lldiv@quotient+2,f
  7626     0605  0DA3               	rlf	___lldiv@quotient+3,f
  7627     0606  0B89               	decfsz	9,f
  7628     0607  2E02               	goto	u3285
  7629     0608                     l4169:
  7630     0608  0875               	movf	___lldiv@divisor+3,w
  7631     0609  0279               	subwf	___lldiv@dividend+3,w
  7632     060A  1D03               	skipz
  7633     060B  2E16               	goto	u3295
  7634     060C  0874               	movf	___lldiv@divisor+2,w
  7635     060D  0278               	subwf	___lldiv@dividend+2,w
  7636     060E  1D03               	skipz
  7637     060F  2E16               	goto	u3295
  7638     0610  0873               	movf	___lldiv@divisor+1,w
  7639     0611  0277               	subwf	___lldiv@dividend+1,w
  7640     0612  1D03               	skipz
  7641     0613  2E16               	goto	u3295
  7642     0614  0872               	movf	___lldiv@divisor,w
  7643     0615  0276               	subwf	___lldiv@dividend,w
  7644     0616                     u3295:
  7645     0616  1C03               	skipc
  7646     0617  2E19               	goto	u3291
  7647     0618  2E1A               	goto	u3290
  7648     0619                     u3291:
  7649     0619  2E23               	goto	l4175
  7650     061A                     u3290:
  7651     061A                     l4171:
  7652     061A  0872               	movf	___lldiv@divisor,w
  7653     061B  02F6               	subwf	___lldiv@dividend,f
  7654     061C  0873               	movf	___lldiv@divisor+1,w
  7655     061D  3BF7               	subwfb	___lldiv@dividend+1,f
  7656     061E  0874               	movf	___lldiv@divisor+2,w
  7657     061F  3BF8               	subwfb	___lldiv@dividend+2,f
  7658     0620  0875               	movf	___lldiv@divisor+3,w
  7659     0621  3BF9               	subwfb	___lldiv@dividend+3,f
  7660     0622                     l4173:
  7661     0622  1420               	bsf	___lldiv@quotient,0
  7662     0623                     l4175:
  7663     0623  3001               	movlw	1
  7664     0624                     u3305:
  7665     0624  36F5               	lsrf	___lldiv@divisor+3,f
  7666     0625  0CF4               	rrf	___lldiv@divisor+2,f
  7667     0626  0CF3               	rrf	___lldiv@divisor+1,f
  7668     0627  0CF2               	rrf	___lldiv@divisor,f
  7669     0628  0B89               	decfsz	9,f
  7670     0629  2E24               	goto	u3305
  7671     062A                     l4177:
  7672     062A  3001               	movlw	1
  7673     062B  02A4               	subwf	___lldiv@counter,f
  7674     062C  1D03               	btfss	3,2
  7675     062D  2E2F               	goto	u3311
  7676     062E  2E30               	goto	u3310
  7677     062F                     u3311:
  7678     062F  2E01               	goto	l4167
  7679     0630                     u3310:
  7680     0630                     l4179:
  7681     0630  0823               	movf	___lldiv@quotient+3,w
  7682     0631  00F5               	movwf	?___lldiv+3
  7683     0632  0822               	movf	___lldiv@quotient+2,w
  7684     0633  00F4               	movwf	?___lldiv+2
  7685     0634  0821               	movf	___lldiv@quotient+1,w
  7686     0635  00F3               	movwf	?___lldiv+1
  7687     0636  0820               	movf	___lldiv@quotient,w
  7688     0637  00F2               	movwf	?___lldiv
  7689     0638                     l1185:
  7690     0638  0008               	return
  7691     0639                     __end_of___lldiv:
  7692                           
  7693                           	psect	text11
  7694     052B                     __ptext11:	
  7695 ;; *************** function _read_prec_or_width *****************
  7696 ;; Defined at:
  7697 ;;		line 1158 in file "C:\Program Files\Microchip\xc8\v3.10\pic\sources\c99\common\doprnt.c"
  7698 ;; Parameters:    Size  Location     Type
  7699 ;;  fmt             1    8[COMMON] PTR PTR const unsigned c
  7700 ;;		 -> vfprintf@cfmt(2), 
  7701 ;;  ap              1    9[COMMON] PTR PTR void [1]
  7702 ;;		 -> sprintf@ap(1), 
  7703 ;; Auto vars:     Size  Location     Type
  7704 ;;  c               1    3[BANK0 ] unsigned char 
  7705 ;;  n               2    4[BANK0 ] int 
  7706 ;; Return value:  Size  Location     Type
  7707 ;;                  2    8[COMMON] int 
  7708 ;; Registers used:
  7709 ;;		wreg, fsr0l, fsr0h, fsr1l, fsr1h, status,2, status,0, pclath, cstack
  7710 ;; Tracked objects:
  7711 ;;		On entry : 0/0
  7712 ;;		On exit  : 0/0
  7713 ;;		Unchanged: 0/0
  7714 ;; Data sizes:     COMMON   BANK0   BANK1   BANK2   BANK3   BANK4   BANK5   BANK6   BANK7   BANK8   BANK9  BANK10  BANK1
      +1  BANK12
  7715 ;;      Params:         2       0       0       0       0       0       0       0       0       0       0       0       
      +0       0
  7716 ;;      Locals:         0       3       0       0       0       0       0       0       0       0       0       0       
      +0       0
  7717 ;;      Temps:          0       3       0       0       0       0       0       0       0       0       0       0       
      +0       0
  7718 ;;      Totals:         2       6       0       0       0       0       0       0       0       0       0       0       
      +0       0
  7719 ;;Total ram usage:        8 bytes
  7720 ;; Hardware stack levels used: 1
  7721 ;; Hardware stack levels required when called: 4
  7722 ;; This function calls:
  7723 ;;		___wmul
  7724 ;; This function is called by:
  7725 ;;		_vfpfcnvrt
  7726 ;; This function uses a non-reentrant model
  7727 ;;
  7728                           
  7729     052B                     _read_prec_or_width:	
  7730                           ;psect for function _read_prec_or_width
  7731                           
  7732     052B                     l4279:	
  7733                           ;incstack = 0
  7734                           ; Regs used in _read_prec_or_width: [wreg-fsr1h+status,2+status,0+pclath+cstack]
  7735                           
  7736                           
  7737                           ;C:\Program Files\Microchip\xc8\v3.10\pic\sources\c99\common\doprnt.c: 1159:     int n =
      +                           0;
  7738     052B  0020               	movlb	0	; select bank0
  7739     052C  01A4               	clrf	read_prec_or_width@n
  7740     052D  01A5               	clrf	read_prec_or_width@n+1
  7741     052E                     l4281:
  7742                           
  7743                           ;C:\Program Files\Microchip\xc8\v3.10\pic\sources\c99\common\doprnt.c: 1160:     if ((*f
      +                          mt)[0] == '*') {
  7744     052E  0878               	movf	read_prec_or_width@fmt,w
  7745     052F  0086               	movwf	6
  7746     0530  0187               	clrf	7
  7747     0531  3F40               	moviw [0]fsr1
  7748     0532  00A0               	movwf	??_read_prec_or_width
  7749     0533  3F41               	moviw [1]fsr1
  7750     0534  00A1               	movwf	??_read_prec_or_width+1
  7751     0535  0820               	movf	??_read_prec_or_width,w
  7752     0536  0084               	movwf	4
  7753     0537  0821               	movf	??_read_prec_or_width+1,w
  7754     0538  0085               	movwf	5
  7755     0539  0012               	moviw fsr0++
  7756     053A  3A2A               	xorlw	42
  7757     053B  1D03               	btfss	3,2
  7758     053C  2D3E               	goto	u3561
  7759     053D  2D3F               	goto	u3560
  7760     053E                     u3561:
  7761     053E  2D6E               	goto	l4291
  7762     053F                     u3560:
  7763     053F                     l4283:
  7764                           
  7765                           ;C:\Program Files\Microchip\xc8\v3.10\pic\sources\c99\common\doprnt.c: 1161:         ++*
      +                          fmt;
  7766     053F  0878               	movf	read_prec_or_width@fmt,w
  7767     0540  0086               	movwf	6
  7768     0541  0187               	clrf	7
  7769     0542  3001               	movlw	1
  7770     0543  0781               	addwf	1,f
  7771     0544  3141               	addfsr 1,1
  7772     0545  1803               	skipnc
  7773     0546  0A81               	incf	1,f
  7774     0547                     l4285:
  7775                           
  7776                           ;C:\Program Files\Microchip\xc8\v3.10\pic\sources\c99\common\doprnt.c: 1162:         n =
      +                           (*(int *)__va_arg(*(int **)*ap, (int)0));
  7777     0547  0879               	movf	read_prec_or_width@ap,w
  7778     0548  0086               	movwf	6
  7779     0549  0187               	clrf	7
  7780     054A  0801               	movf	1,w
  7781     054B  0084               	movwf	4
  7782     054C  0185               	clrf	5
  7783     054D  3002               	movlw	2
  7784     054E  0781               	addwf	1,f
  7785     054F  3F00               	moviw [0]fsr0
  7786     0550  00A4               	movwf	read_prec_or_width@n
  7787     0551  3F01               	moviw [1]fsr0
  7788     0552  00A5               	movwf	read_prec_or_width@n+1
  7789                           
  7790                           ;C:\Program Files\Microchip\xc8\v3.10\pic\sources\c99\common\doprnt.c: 1163:     } else 
      +                          {
  7791     0553  2D82               	goto	l4293
  7792     0554                     l4287:
  7793                           
  7794                           ;C:\Program Files\Microchip\xc8\v3.10\pic\sources\c99\common\doprnt.c: 1166:            
      +                           n = n * 10 + c;
  7795     0554  0825               	movf	read_prec_or_width@n+1,w
  7796     0555  00F3               	movwf	___wmul@multiplier+1
  7797     0556  0824               	movf	read_prec_or_width@n,w
  7798     0557  00F2               	movwf	___wmul@multiplier
  7799     0558  300A               	movlw	10
  7800     0559  00F4               	movwf	___wmul@multiplicand
  7801     055A  3000               	movlw	0
  7802     055B  00F5               	movwf	___wmul@multiplicand+1
  7803     055C  318F  27E1  3185   	fcall	___wmul
  7804     055F  0020               	movlb	0	; select bank0
  7805     0560  0823               	movf	read_prec_or_width@c,w
  7806     0561  0772               	addwf	?___wmul,w
  7807     0562  00A4               	movwf	read_prec_or_width@n
  7808     0563  3000               	movlw	0
  7809     0564  3D73               	addwfc	?___wmul+1,w
  7810     0565  00A5               	movwf	read_prec_or_width@n+1
  7811     0566                     l4289:
  7812                           
  7813                           ;C:\Program Files\Microchip\xc8\v3.10\pic\sources\c99\common\doprnt.c: 1167:            
      +                           ++*fmt;
  7814     0566  0878               	movf	read_prec_or_width@fmt,w
  7815     0567  0086               	movwf	6
  7816     0568  0187               	clrf	7
  7817     0569  3001               	movlw	1
  7818     056A  0781               	addwf	1,f
  7819     056B  3141               	addfsr 1,1
  7820     056C  1803               	skipnc
  7821     056D  0A81               	incf	1,f
  7822     056E                     l4291:
  7823                           
  7824                           ;C:\Program Files\Microchip\xc8\v3.10\pic\sources\c99\common\doprnt.c: 1165:         whi
      +                          le ((c = ((unsigned)(*fmt)[0]) - '0') < 10) {
  7825     056E  0878               	movf	read_prec_or_width@fmt,w
  7826     056F  0086               	movwf	6
  7827     0570  0187               	clrf	7
  7828     0571  3F40               	moviw [0]fsr1
  7829     0572  00A0               	movwf	??_read_prec_or_width
  7830     0573  3F41               	moviw [1]fsr1
  7831     0574  00A1               	movwf	??_read_prec_or_width+1
  7832     0575  0820               	movf	??_read_prec_or_width,w
  7833     0576  0084               	movwf	4
  7834     0577  0821               	movf	??_read_prec_or_width+1,w
  7835     0578  0085               	movwf	5
  7836     0579  0800               	movf	0,w	;code access
  7837     057A  3ED0               	addlw	208
  7838     057B  00A3               	movwf	read_prec_or_width@c
  7839     057C  300A               	movlw	10
  7840     057D  0223               	subwf	read_prec_or_width@c,w
  7841     057E  1C03               	skipc
  7842     057F  2D81               	goto	u3571
  7843     0580  2D82               	goto	u3570
  7844     0581                     u3571:
  7845     0581  2D54               	goto	l4287
  7846     0582                     u3570:
  7847     0582                     l4293:
  7848                           
  7849                           ;C:\Program Files\Microchip\xc8\v3.10\pic\sources\c99\common\doprnt.c: 1170:     return 
      +                          n;
  7850     0582  0825               	movf	read_prec_or_width@n+1,w
  7851     0583  00F9               	movwf	?_read_prec_or_width+1
  7852     0584  0824               	movf	read_prec_or_width@n,w
  7853     0585  00F8               	movwf	?_read_prec_or_width
  7854     0586                     l1653:
  7855     0586  0008               	return
  7856     0587                     __end_of_read_prec_or_width:
  7857                           
  7858                           	psect	text12
  7859     0FE1                     __ptext12:	
  7860 ;; *************** function ___wmul *****************
  7861 ;; Defined at:
  7862 ;;		line 15 in file "C:\Program Files\Microchip\xc8\v3.10\pic\sources\c99\common\Umul16.c"
  7863 ;; Parameters:    Size  Location     Type
  7864 ;;  multiplier      2    2[COMMON] unsigned int 
  7865 ;;  multiplicand    2    4[COMMON] unsigned int 
  7866 ;; Auto vars:     Size  Location     Type
  7867 ;;  product         2    6[COMMON] unsigned int 
  7868 ;; Return value:  Size  Location     Type
  7869 ;;                  2    2[COMMON] unsigned int 
  7870 ;; Registers used:
  7871 ;;		wreg, status,2, status,0
  7872 ;; Tracked objects:
  7873 ;;		On entry : 0/0
  7874 ;;		On exit  : 0/0
  7875 ;;		Unchanged: 0/0
  7876 ;; Data sizes:     COMMON   BANK0   BANK1   BANK2   BANK3   BANK4   BANK5   BANK6   BANK7   BANK8   BANK9  BANK10  BANK1
      +1  BANK12
  7877 ;;      Params:         4       0       0       0       0       0       0       0       0       0       0       0       
      +0       0
  7878 ;;      Locals:         2       0       0       0       0       0       0       0       0       0       0       0       
      +0       0
  7879 ;;      Temps:          0       0       0       0       0       0       0       0       0       0       0       0       
      +0       0
  7880 ;;      Totals:         6       0       0       0       0       0       0       0       0       0       0       0       
      +0       0
  7881 ;;Total ram usage:        6 bytes
  7882 ;; Hardware stack levels used: 1
  7883 ;; Hardware stack levels required when called: 3
  7884 ;; This function calls:
  7885 ;;		Nothing
  7886 ;; This function is called by:
  7887 ;;		_read_prec_or_width
  7888 ;; This function uses a non-reentrant model
  7889 ;;
  7890                           
  7891     0FE1                     ___wmul:	
  7892                           ;psect for function ___wmul
  7893                           
  7894     0FE1                     l4145:	
  7895                           ;incstack = 0
  7896                           ; Regs used in ___wmul: [wreg+status,2+status,0]
  7897                           
  7898     0FE1  01F6               	clrf	___wmul@product
  7899     0FE2  01F7               	clrf	___wmul@product+1
  7900     0FE3                     l4147:
  7901     0FE3  1C72               	btfss	___wmul@multiplier,0
  7902     0FE4  2FE6               	goto	u3211
  7903     0FE5  2FE7               	goto	u3210
  7904     0FE6                     u3211:
  7905     0FE6  2FEB               	goto	l1149
  7906     0FE7                     u3210:
  7907     0FE7                     l4149:
  7908     0FE7  0874               	movf	___wmul@multiplicand,w
  7909     0FE8  07F6               	addwf	___wmul@product,f
  7910     0FE9  0875               	movf	___wmul@multiplicand+1,w
  7911     0FEA  3DF7               	addwfc	___wmul@product+1,f
  7912     0FEB                     l1149:
  7913     0FEB  3001               	movlw	1
  7914     0FEC                     u3225:
  7915     0FEC  35F4               	lslf	___wmul@multiplicand,f
  7916     0FED  0DF5               	rlf	___wmul@multiplicand+1,f
  7917     0FEE  0B89               	decfsz	9,f
  7918     0FEF  2FEC               	goto	u3225
  7919     0FF0                     l4151:
  7920     0FF0  3001               	movlw	1
  7921     0FF1                     u3235:
  7922     0FF1  36F3               	lsrf	___wmul@multiplier+1,f
  7923     0FF2  0CF2               	rrf	___wmul@multiplier,f
  7924     0FF3  0B89               	decfsz	9,f
  7925     0FF4  2FF1               	goto	u3235
  7926     0FF5                     l4153:
  7927     0FF5  0872               	movf	___wmul@multiplier,w
  7928     0FF6  0473               	iorwf	___wmul@multiplier+1,w
  7929     0FF7  1D03               	btfss	3,2
  7930     0FF8  2FFA               	goto	u3241
  7931     0FF9  2FFB               	goto	u3240
  7932     0FFA                     u3241:
  7933     0FFA  2FE3               	goto	l4147
  7934     0FFB                     u3240:
  7935     0FFB                     l4155:
  7936     0FFB  0877               	movf	___wmul@product+1,w
  7937     0FFC  00F3               	movwf	?___wmul+1
  7938     0FFD  0876               	movf	___wmul@product,w
  7939     0FFE  00F2               	movwf	?___wmul
  7940     0FFF                     l1151:
  7941     0FFF  0008               	return
  7942     1000                     __end_of___wmul:
  7943                           
  7944                           	psect	text13
  7945     0F30                     __ptext13:	
  7946 ;; *************** function _SYSTEM_Initialize *****************
  7947 ;; Defined at:
  7948 ;;		line 50 in file "mcc_generated_files/mcc.c"
  7949 ;; Parameters:    Size  Location     Type
  7950 ;;		None
  7951 ;; Auto vars:     Size  Location     Type
  7952 ;;		None
  7953 ;; Return value:  Size  Location     Type
  7954 ;;                  1    wreg      void 
  7955 ;; Registers used:
  7956 ;;		wreg, status,2, status,0, pclath, cstack
  7957 ;; Tracked objects:
  7958 ;;		On entry : 0/0
  7959 ;;		On exit  : 0/0
  7960 ;;		Unchanged: 0/0
  7961 ;; Data sizes:     COMMON   BANK0   BANK1   BANK2   BANK3   BANK4   BANK5   BANK6   BANK7   BANK8   BANK9  BANK10  BANK1
      +1  BANK12
  7962 ;;      Params:         0       0       0       0       0       0       0       0       0       0       0       0       
      +0       0
  7963 ;;      Locals:         0       0       0       0       0       0       0       0       0       0       0       0       
      +0       0
  7964 ;;      Temps:          0       0       0       0       0       0       0       0       0       0       0       0       
      +0       0
  7965 ;;      Totals:         0       0       0       0       0       0       0       0       0       0       0       0       
      +0       0
  7966 ;;Total ram usage:        0 bytes
  7967 ;; Hardware stack levels used: 1
  7968 ;; Hardware stack levels required when called: 5
  7969 ;; This function calls:
  7970 ;;		_I2C1_Initialize
  7971 ;;		_OSCILLATOR_Initialize
  7972 ;;		_PIN_MANAGER_Initialize
  7973 ;;		_PMD_Initialize
  7974 ;;		_TMR1_Initialize
  7975 ;; This function is called by:
  7976 ;;		_main
  7977 ;; This function uses a non-reentrant model
  7978 ;;
  7979                           
  7980     0F30                     _SYSTEM_Initialize:	
  7981                           ;psect for function _SYSTEM_Initialize
  7982                           
  7983     0F30                     l4653:	
  7984                           ;incstack = 0
  7985                           ; Regs used in _SYSTEM_Initialize: [wreg+status,2+status,0+pclath+cstack]
  7986                           
  7987                           
  7988                           ;mcc_generated_files/mcc.c: 52:     PMD_Initialize();
  7989     0F30  318F  2708  318F   	fcall	_PMD_Initialize
  7990                           
  7991                           ;mcc_generated_files/mcc.c: 53:     I2C1_Initialize();
  7992     0F33  318F  2719  318F   	fcall	_I2C1_Initialize
  7993                           
  7994                           ;mcc_generated_files/mcc.c: 54:     PIN_MANAGER_Initialize();
  7995     0F36  3187  2713  318F   	fcall	_PIN_MANAGER_Initialize
  7996                           
  7997                           ;mcc_generated_files/mcc.c: 55:     OSCILLATOR_Initialize();
  7998     0F39  318F  2710  318F   	fcall	_OSCILLATOR_Initialize
  7999     0F3C                     l4655:
  8000                           
  8001                           ;mcc_generated_files/mcc.c: 56:     TMR1_Initialize();
  8002     0F3C  318F  27A7  318F   	fcall	_TMR1_Initialize
  8003     0F3F                     l396:
  8004     0F3F  0008               	return
  8005     0F40                     __end_of_SYSTEM_Initialize:
  8006                           
  8007                           	psect	text14
  8008     0FA7                     __ptext14:	
  8009 ;; *************** function _TMR1_Initialize *****************
  8010 ;; Defined at:
  8011 ;;		line 64 in file "mcc_generated_files/tmr1.c"
  8012 ;; Parameters:    Size  Location     Type
  8013 ;;		None
  8014 ;; Auto vars:     Size  Location     Type
  8015 ;;		None
  8016 ;; Return value:  Size  Location     Type
  8017 ;;                  1    wreg      void 
  8018 ;; Registers used:
  8019 ;;		wreg, status,2, status,0, pclath, cstack
  8020 ;; Tracked objects:
  8021 ;;		On entry : 0/0
  8022 ;;		On exit  : 0/0
  8023 ;;		Unchanged: 0/0
  8024 ;; Data sizes:     COMMON   BANK0   BANK1   BANK2   BANK3   BANK4   BANK5   BANK6   BANK7   BANK8   BANK9  BANK10  BANK1
      +1  BANK12
  8025 ;;      Params:         0       0       0       0       0       0       0       0       0       0       0       0       
      +0       0
  8026 ;;      Locals:         0       0       0       0       0       0       0       0       0       0       0       0       
      +0       0
  8027 ;;      Temps:          0       0       0       0       0       0       0       0       0       0       0       0       
      +0       0
  8028 ;;      Totals:         0       0       0       0       0       0       0       0       0       0       0       0       
      +0       0
  8029 ;;Total ram usage:        0 bytes
  8030 ;; Hardware stack levels used: 1
  8031 ;; Hardware stack levels required when called: 4
  8032 ;; This function calls:
  8033 ;;		_TMR1_SetInterruptHandler
  8034 ;; This function is called by:
  8035 ;;		_SYSTEM_Initialize
  8036 ;; This function uses a non-reentrant model
  8037 ;;
  8038                           
  8039     0FA7                     _TMR1_Initialize:	
  8040                           ;psect for function _TMR1_Initialize
  8041                           
  8042     0FA7                     l4563:	
  8043                           ;incstack = 0
  8044                           ; Regs used in _TMR1_Initialize: [wreg+status,2+status,0+pclath+cstack]
  8045                           
  8046                           
  8047                           ;mcc_generated_files/tmr1.c: 69:     T1GCON = 0x00;
  8048     0FA7  0024               	movlb	4	; select bank4
  8049     0FA8  018F               	clrf	15	;volatile
  8050                           
  8051                           ;mcc_generated_files/tmr1.c: 72:     T1GATE = 0x00;
  8052     0FA9  0190               	clrf	16	;volatile
  8053     0FAA                     l4565:
  8054                           
  8055                           ;mcc_generated_files/tmr1.c: 75:     T1CLK = 0x06;
  8056     0FAA  3006               	movlw	6
  8057     0FAB  0091               	movwf	17	;volatile
  8058     0FAC                     l4567:
  8059                           
  8060                           ;mcc_generated_files/tmr1.c: 78:     TMR1H = 0xF0;
  8061     0FAC  30F0               	movlw	240
  8062     0FAD  008D               	movwf	13	;volatile
  8063                           
  8064                           ;mcc_generated_files/tmr1.c: 81:     TMR1L = 0x00;
  8065     0FAE  018C               	clrf	12	;volatile
  8066     0FAF                     l4569:
  8067                           
  8068                           ;mcc_generated_files/tmr1.c: 84:     PIR4bits.TMR1IF = 0;
  8069     0FAF  002E               	movlb	14	; select bank14
  8070     0FB0  1010               	bcf	16,0	;volatile
  8071     0FB1                     l4571:
  8072                           
  8073                           ;mcc_generated_files/tmr1.c: 87:     timer1ReloadVal=(uint16_t)((TMR1H << 8) | TMR1L);
  8074     0FB1  0024               	movlb	4	; select bank4
  8075     0FB2  080D               	movf	13,w	;volatile
  8076     0FB3  00FB               	movwf	_timer1ReloadVal+1	;volatile
  8077     0FB4  080C               	movf	12,w	;volatile
  8078     0FB5  00FA               	movwf	_timer1ReloadVal	;volatile
  8079     0FB6                     l4573:
  8080                           
  8081                           ;mcc_generated_files/tmr1.c: 90:     PIE4bits.TMR1IE = 1;
  8082     0FB6  002E               	movlb	14	; select bank14
  8083     0FB7  141A               	bsf	26,0	;volatile
  8084     0FB8                     l4575:
  8085                           
  8086                           ;mcc_generated_files/tmr1.c: 93:     TMR1_SetInterruptHandler(TMR1_DefaultInterruptHandl
      +                          er);
  8087     0FB8  30E9               	movlw	low _TMR1_DefaultInterruptHandler
  8088     0FB9  00F2               	movwf	TMR1_SetInterruptHandler@InterruptHandler
  8089     0FBA  300E               	movlw	high _TMR1_DefaultInterruptHandler
  8090     0FBB  00F3               	movwf	TMR1_SetInterruptHandler@InterruptHandler+1
  8091     0FBC  318E  26ED  318F   	fcall	_TMR1_SetInterruptHandler
  8092     0FBF                     l4577:
  8093                           
  8094                           ;mcc_generated_files/tmr1.c: 96:     T1CON = 0x31;
  8095     0FBF  3031               	movlw	49
  8096     0FC0  0024               	movlb	4	; select bank4
  8097     0FC1  008E               	movwf	14	;volatile
  8098     0FC2                     l877:
  8099     0FC2  0008               	return
  8100     0FC3                     __end_of_TMR1_Initialize:
  8101                           
  8102                           	psect	text15
  8103     0EED                     __ptext15:	
  8104 ;; *************** function _TMR1_SetInterruptHandler *****************
  8105 ;; Defined at:
  8106 ;;		line 178 in file "mcc_generated_files/tmr1.c"
  8107 ;; Parameters:    Size  Location     Type
  8108 ;;  InterruptHan    2    2[COMMON] PTR FTN()void 
  8109 ;;		 -> TMR1_DefaultInterruptHandler(1), 
  8110 ;; Auto vars:     Size  Location     Type
  8111 ;;		None
  8112 ;; Return value:  Size  Location     Type
  8113 ;;                  1    wreg      void 
  8114 ;; Registers used:
  8115 ;;		wreg
  8116 ;; Tracked objects:
  8117 ;;		On entry : 0/0
  8118 ;;		On exit  : 0/0
  8119 ;;		Unchanged: 0/0
  8120 ;; Data sizes:     COMMON   BANK0   BANK1   BANK2   BANK3   BANK4   BANK5   BANK6   BANK7   BANK8   BANK9  BANK10  BANK1
      +1  BANK12
  8121 ;;      Params:         2       0       0       0       0       0       0       0       0       0       0       0       
      +0       0
  8122 ;;      Locals:         0       0       0       0       0       0       0       0       0       0       0       0       
      +0       0
  8123 ;;      Temps:          0       0       0       0       0       0       0       0       0       0       0       0       
      +0       0
  8124 ;;      Totals:         2       0       0       0       0       0       0       0       0       0       0       0       
      +0       0
  8125 ;;Total ram usage:        2 bytes
  8126 ;; Hardware stack levels used: 1
  8127 ;; Hardware stack levels required when called: 3
  8128 ;; This function calls:
  8129 ;;		Nothing
  8130 ;; This function is called by:
  8131 ;;		_TMR1_Initialize
  8132 ;; This function uses a non-reentrant model
  8133 ;;
  8134                           
  8135     0EED                     _TMR1_SetInterruptHandler:	
  8136                           ;psect for function _TMR1_SetInterruptHandler
  8137                           
  8138     0EED                     l4343:	
  8139                           ;incstack = 0
  8140                           ; Regs used in _TMR1_SetInterruptHandler: [wreg]
  8141                           
  8142                           
  8143                           ;mcc_generated_files/tmr1.c: 179:     TMR1_InterruptHandler = InterruptHandler;
  8144     0EED  0873               	movf	TMR1_SetInterruptHandler@InterruptHandler+1,w
  8145     0EEE  0021               	movlb	1	; select bank1
  8146     0EEF  00D1               	movwf	(_TMR1_InterruptHandler+1)^(0+128)
  8147     0EF0  0872               	movf	TMR1_SetInterruptHandler@InterruptHandler,w
  8148     0EF1  00D0               	movwf	_TMR1_InterruptHandler^(0+128)
  8149     0EF2                     l907:
  8150     0EF2  0008               	return
  8151     0EF3                     __end_of_TMR1_SetInterruptHandler:
  8152                           
  8153                           	psect	text16
  8154     0F08                     __ptext16:	
  8155 ;; *************** function _PMD_Initialize *****************
  8156 ;; Defined at:
  8157 ;;		line 73 in file "mcc_generated_files/mcc.c"
  8158 ;; Parameters:    Size  Location     Type
  8159 ;;		None
  8160 ;; Auto vars:     Size  Location     Type
  8161 ;;		None
  8162 ;; Return value:  Size  Location     Type
  8163 ;;                  1    wreg      void 
  8164 ;; Registers used:
  8165 ;;		status,2
  8166 ;; Tracked objects:
  8167 ;;		On entry : 0/0
  8168 ;;		On exit  : 0/0
  8169 ;;		Unchanged: 0/0
  8170 ;; Data sizes:     COMMON   BANK0   BANK1   BANK2   BANK3   BANK4   BANK5   BANK6   BANK7   BANK8   BANK9  BANK10  BANK1
      +1  BANK12
  8171 ;;      Params:         0       0       0       0       0       0       0       0       0       0       0       0       
      +0       0
  8172 ;;      Locals:         0       0       0       0       0       0       0       0       0       0       0       0       
      +0       0
  8173 ;;      Temps:          0       0       0       0       0       0       0       0       0       0       0       0       
      +0       0
  8174 ;;      Totals:         0       0       0       0       0       0       0       0       0       0       0       0       
      +0       0
  8175 ;;Total ram usage:        0 bytes
  8176 ;; Hardware stack levels used: 1
  8177 ;; Hardware stack levels required when called: 3
  8178 ;; This function calls:
  8179 ;;		Nothing
  8180 ;; This function is called by:
  8181 ;;		_SYSTEM_Initialize
  8182 ;; This function uses a non-reentrant model
  8183 ;;
  8184                           
  8185     0F08                     _PMD_Initialize:	
  8186                           ;psect for function _PMD_Initialize
  8187                           
  8188     0F08                     l4495:	
  8189                           ;incstack = 0
  8190                           ; Regs used in _PMD_Initialize: [status,2]
  8191                           
  8192                           
  8193                           ;mcc_generated_files/mcc.c: 76:     PMD0 = 0x00;
  8194     0F08  002F               	movlb	15	; select bank15
  8195     0F09  0196               	clrf	22	;volatile
  8196                           
  8197                           ;mcc_generated_files/mcc.c: 78:     PMD1 = 0x00;
  8198     0F0A  0197               	clrf	23	;volatile
  8199                           
  8200                           ;mcc_generated_files/mcc.c: 80:     PMD2 = 0x00;
  8201     0F0B  0198               	clrf	24	;volatile
  8202                           
  8203                           ;mcc_generated_files/mcc.c: 82:     PMD3 = 0x00;
  8204     0F0C  0199               	clrf	25	;volatile
  8205                           
  8206                           ;mcc_generated_files/mcc.c: 84:     PMD4 = 0x00;
  8207     0F0D  019A               	clrf	26	;volatile
  8208                           
  8209                           ;mcc_generated_files/mcc.c: 86:     PMD5 = 0x00;
  8210     0F0E  019B               	clrf	27	;volatile
  8211     0F0F                     l402:
  8212     0F0F  0008               	return
  8213     0F10                     __end_of_PMD_Initialize:
  8214                           
  8215                           	psect	text17
  8216     0713                     __ptext17:	
  8217 ;; *************** function _PIN_MANAGER_Initialize *****************
  8218 ;; Defined at:
  8219 ;;		line 55 in file "mcc_generated_files/pin_manager.c"
  8220 ;; Parameters:    Size  Location     Type
  8221 ;;		None
  8222 ;; Auto vars:     Size  Location     Type
  8223 ;;		None
  8224 ;; Return value:  Size  Location     Type
  8225 ;;                  1    wreg      void 
  8226 ;; Registers used:
  8227 ;;		status,2
  8228 ;; Tracked objects:
  8229 ;;		On entry : 0/0
  8230 ;;		On exit  : 0/0
  8231 ;;		Unchanged: 0/0
  8232 ;; Data sizes:     COMMON   BANK0   BANK1   BANK2   BANK3   BANK4   BANK5   BANK6   BANK7   BANK8   BANK9  BANK10  BANK1
      +1  BANK12
  8233 ;;      Params:         0       0       0       0       0       0       0       0       0       0       0       0       
      +0       0
  8234 ;;      Locals:         0       0       0       0       0       0       0       0       0       0       0       0       
      +0       0
  8235 ;;      Temps:          0       0       0       0       0       0       0       0       0       0       0       0       
      +0       0
  8236 ;;      Totals:         0       0       0       0       0       0       0       0       0       0       0       0       
      +0       0
  8237 ;;Total ram usage:        0 bytes
  8238 ;; Hardware stack levels used: 1
  8239 ;; Hardware stack levels required when called: 3
  8240 ;; This function calls:
  8241 ;;		Nothing
  8242 ;; This function is called by:
  8243 ;;		_SYSTEM_Initialize
  8244 ;; This function uses a non-reentrant model
  8245 ;;
  8246                           
  8247     0713                     _PIN_MANAGER_Initialize:	
  8248                           ;psect for function _PIN_MANAGER_Initialize
  8249                           
  8250     0713                     l4505:	
  8251                           ;incstack = 0
  8252                           ; Regs used in _PIN_MANAGER_Initialize: [status,2]
  8253                           
  8254                           
  8255                           ;mcc_generated_files/pin_manager.c: 60:     LATE = 0x00;
  8256     0713  0020               	movlb	0	; select bank0
  8257     0714  019A               	clrf	26	;volatile
  8258                           
  8259                           ;mcc_generated_files/pin_manager.c: 61:     LATD = 0x00;
  8260     0715  0199               	clrf	25	;volatile
  8261                           
  8262                           ;mcc_generated_files/pin_manager.c: 62:     LATA = 0x00;
  8263     0716  0196               	clrf	22	;volatile
  8264                           
  8265                           ;mcc_generated_files/pin_manager.c: 63:     LATB = 0x00;
  8266     0717  0197               	clrf	23	;volatile
  8267                           
  8268                           ;mcc_generated_files/pin_manager.c: 64:     LATC = 0x00;
  8269     0718  0198               	clrf	24	;volatile
  8270     0719                     l4507:
  8271                           
  8272                           ;mcc_generated_files/pin_manager.c: 69:     TRISE = 0x07;
  8273     0719  3007               	movlw	7
  8274     071A  0095               	movwf	21	;volatile
  8275     071B                     l4509:
  8276                           
  8277                           ;mcc_generated_files/pin_manager.c: 70:     TRISA = 0xFF;
  8278     071B  30FF               	movlw	255
  8279     071C  0091               	movwf	17	;volatile
  8280     071D                     l4511:
  8281                           
  8282                           ;mcc_generated_files/pin_manager.c: 71:     TRISB = 0xFF;
  8283     071D  30FF               	movlw	255
  8284     071E  0092               	movwf	18	;volatile
  8285     071F                     l4513:
  8286                           
  8287                           ;mcc_generated_files/pin_manager.c: 72:     TRISC = 0xFF;
  8288     071F  30FF               	movlw	255
  8289     0720  0093               	movwf	19	;volatile
  8290     0721                     l4515:
  8291                           
  8292                           ;mcc_generated_files/pin_manager.c: 73:     TRISD = 0xFF;
  8293     0721  30FF               	movlw	255
  8294     0722  0094               	movwf	20	;volatile
  8295     0723                     l4517:
  8296                           
  8297                           ;mcc_generated_files/pin_manager.c: 78:     ANSELD = 0xFF;
  8298     0723  30FF               	movlw	255
  8299     0724  003E               	movlb	30	; select bank30
  8300     0725  00D9               	movwf	89	;volatile
  8301     0726                     l4519:
  8302                           
  8303                           ;mcc_generated_files/pin_manager.c: 79:     ANSELC = 0xE7;
  8304     0726  30E7               	movlw	231
  8305     0727  00CE               	movwf	78	;volatile
  8306     0728                     l4521:
  8307                           
  8308                           ;mcc_generated_files/pin_manager.c: 80:     ANSELB = 0xFF;
  8309     0728  30FF               	movlw	255
  8310     0729  00C3               	movwf	67	;volatile
  8311     072A                     l4523:
  8312                           
  8313                           ;mcc_generated_files/pin_manager.c: 81:     ANSELE = 0x07;
  8314     072A  3007               	movlw	7
  8315     072B  00E4               	movwf	100	;volatile
  8316     072C                     l4525:
  8317                           
  8318                           ;mcc_generated_files/pin_manager.c: 82:     ANSELA = 0xFF;
  8319     072C  30FF               	movlw	255
  8320     072D  00B8               	movwf	56	;volatile
  8321                           
  8322                           ;mcc_generated_files/pin_manager.c: 87:     WPUD = 0x00;
  8323     072E  01DA               	clrf	90	;volatile
  8324                           
  8325                           ;mcc_generated_files/pin_manager.c: 88:     WPUE = 0x00;
  8326     072F  01E5               	clrf	101	;volatile
  8327                           
  8328                           ;mcc_generated_files/pin_manager.c: 89:     WPUB = 0x00;
  8329     0730  01C4               	clrf	68	;volatile
  8330                           
  8331                           ;mcc_generated_files/pin_manager.c: 90:     WPUA = 0x00;
  8332     0731  01B9               	clrf	57	;volatile
  8333     0732                     l4527:
  8334                           
  8335                           ;mcc_generated_files/pin_manager.c: 91:     WPUC = 0x18;
  8336     0732  3018               	movlw	24
  8337     0733  00CF               	movwf	79	;volatile
  8338                           
  8339                           ;mcc_generated_files/pin_manager.c: 96:     ODCONE = 0x00;
  8340     0734  01E6               	clrf	102	;volatile
  8341                           
  8342                           ;mcc_generated_files/pin_manager.c: 97:     ODCONA = 0x00;
  8343     0735  01BA               	clrf	58	;volatile
  8344                           
  8345                           ;mcc_generated_files/pin_manager.c: 98:     ODCONB = 0x00;
  8346     0736  01C5               	clrf	69	;volatile
  8347                           
  8348                           ;mcc_generated_files/pin_manager.c: 99:     ODCONC = 0x00;
  8349     0737  01D0               	clrf	80	;volatile
  8350                           
  8351                           ;mcc_generated_files/pin_manager.c: 100:     ODCOND = 0x00;
  8352     0738  01DB               	clrf	91	;volatile
  8353     0739                     l4529:
  8354                           
  8355                           ;mcc_generated_files/pin_manager.c: 105:     SLRCONA = 0xFF;
  8356     0739  30FF               	movlw	255
  8357     073A  00BB               	movwf	59	;volatile
  8358     073B                     l4531:
  8359                           
  8360                           ;mcc_generated_files/pin_manager.c: 106:     SLRCONB = 0xFF;
  8361     073B  30FF               	movlw	255
  8362     073C  00C6               	movwf	70	;volatile
  8363     073D                     l4533:
  8364                           
  8365                           ;mcc_generated_files/pin_manager.c: 107:     SLRCONC = 0xFF;
  8366     073D  30FF               	movlw	255
  8367     073E  00D1               	movwf	81	;volatile
  8368     073F                     l4535:
  8369                           
  8370                           ;mcc_generated_files/pin_manager.c: 108:     SLRCOND = 0xFF;
  8371     073F  30FF               	movlw	255
  8372     0740  00DC               	movwf	92	;volatile
  8373     0741                     l4537:
  8374                           
  8375                           ;mcc_generated_files/pin_manager.c: 109:     SLRCONE = 0x07;
  8376     0741  3007               	movlw	7
  8377     0742  00E7               	movwf	103	;volatile
  8378     0743                     l4539:
  8379                           
  8380                           ;mcc_generated_files/pin_manager.c: 114:     INLVLA = 0xFF;
  8381     0743  30FF               	movlw	255
  8382     0744  00BC               	movwf	60	;volatile
  8383     0745                     l4541:
  8384                           
  8385                           ;mcc_generated_files/pin_manager.c: 115:     INLVLB = 0xFF;
  8386     0745  30FF               	movlw	255
  8387     0746  00C7               	movwf	71	;volatile
  8388     0747                     l4543:
  8389                           
  8390                           ;mcc_generated_files/pin_manager.c: 116:     INLVLC = 0xFF;
  8391     0747  30FF               	movlw	255
  8392     0748  00D2               	movwf	82	;volatile
  8393     0749                     l4545:
  8394                           
  8395                           ;mcc_generated_files/pin_manager.c: 117:     INLVLD = 0xFF;
  8396     0749  30FF               	movlw	255
  8397     074A  00DD               	movwf	93	;volatile
  8398     074B                     l4547:
  8399                           
  8400                           ;mcc_generated_files/pin_manager.c: 118:     INLVLE = 0x07;
  8401     074B  3007               	movlw	7
  8402     074C  00E8               	movwf	104	;volatile
  8403     074D                     l4549:
  8404                           
  8405                           ;mcc_generated_files/pin_manager.c: 127:     SSP1CLKPPS = 0x13;
  8406     074D  3013               	movlw	19
  8407     074E  003D               	movlb	29	; select bank29
  8408     074F  00C5               	movwf	69	;volatile
  8409     0750                     l4551:
  8410                           
  8411                           ;mcc_generated_files/pin_manager.c: 128:     RC3PPS = 0x14;
  8412     0750  3014               	movlw	20
  8413     0751  003E               	movlb	30	; select bank30
  8414     0752  00A3               	movwf	35	;volatile
  8415     0753                     l4553:
  8416                           
  8417                           ;mcc_generated_files/pin_manager.c: 129:     RC4PPS = 0x15;
  8418     0753  3015               	movlw	21
  8419     0754  00A4               	movwf	36	;volatile
  8420     0755                     l4555:
  8421                           
  8422                           ;mcc_generated_files/pin_manager.c: 130:     SSP1DATPPS = 0x14;
  8423     0755  3014               	movlw	20
  8424     0756  003D               	movlb	29	; select bank29
  8425     0757  00C6               	movwf	70	;volatile
  8426     0758                     l483:
  8427     0758  0008               	return
  8428     0759                     __end_of_PIN_MANAGER_Initialize:
  8429                           
  8430                           	psect	text18
  8431     0F10                     __ptext18:	
  8432 ;; *************** function _OSCILLATOR_Initialize *****************
  8433 ;; Defined at:
  8434 ;;		line 59 in file "mcc_generated_files/mcc.c"
  8435 ;; Parameters:    Size  Location     Type
  8436 ;;		None
  8437 ;; Auto vars:     Size  Location     Type
  8438 ;;		None
  8439 ;; Return value:  Size  Location     Type
  8440 ;;                  1    wreg      void 
  8441 ;; Registers used:
  8442 ;;		status,2
  8443 ;; Tracked objects:
  8444 ;;		On entry : 0/0
  8445 ;;		On exit  : 0/0
  8446 ;;		Unchanged: 0/0
  8447 ;; Data sizes:     COMMON   BANK0   BANK1   BANK2   BANK3   BANK4   BANK5   BANK6   BANK7   BANK8   BANK9  BANK10  BANK1
      +1  BANK12
  8448 ;;      Params:         0       0       0       0       0       0       0       0       0       0       0       0       
      +0       0
  8449 ;;      Locals:         0       0       0       0       0       0       0       0       0       0       0       0       
      +0       0
  8450 ;;      Temps:          0       0       0       0       0       0       0       0       0       0       0       0       
      +0       0
  8451 ;;      Totals:         0       0       0       0       0       0       0       0       0       0       0       0       
      +0       0
  8452 ;;Total ram usage:        0 bytes
  8453 ;; Hardware stack levels used: 1
  8454 ;; Hardware stack levels required when called: 3
  8455 ;; This function calls:
  8456 ;;		Nothing
  8457 ;; This function is called by:
  8458 ;;		_SYSTEM_Initialize
  8459 ;; This function uses a non-reentrant model
  8460 ;;
  8461                           
  8462     0F10                     _OSCILLATOR_Initialize:	
  8463                           ;psect for function _OSCILLATOR_Initialize
  8464                           
  8465     0F10                     l4557:	
  8466                           ;incstack = 0
  8467                           ; Regs used in _OSCILLATOR_Initialize: [status,2]
  8468                           
  8469                           
  8470                           ;mcc_generated_files/mcc.c: 62:     OSCCON1 = 0x62;
  8471     0F10  3062               	movlw	98
  8472     0F11  0031               	movlb	17	; select bank17
  8473     0F12  008D               	movwf	13	;volatile
  8474     0F13                     l4559:
  8475                           
  8476                           ;mcc_generated_files/mcc.c: 64:     OSCCON3 = 0x00;
  8477     0F13  018F               	clrf	15	;volatile
  8478                           
  8479                           ;mcc_generated_files/mcc.c: 66:     OSCEN = 0x00;
  8480     0F14  0191               	clrf	17	;volatile
  8481     0F15                     l4561:
  8482                           
  8483                           ;mcc_generated_files/mcc.c: 68:     OSCFRQ = 0x02;
  8484     0F15  3002               	movlw	2
  8485     0F16  0093               	movwf	19	;volatile
  8486                           
  8487                           ;mcc_generated_files/mcc.c: 70:     OSCTUNE = 0x00;
  8488     0F17  0192               	clrf	18	;volatile
  8489     0F18                     l399:
  8490     0F18  0008               	return
  8491     0F19                     __end_of_OSCILLATOR_Initialize:
  8492                           
  8493                           	psect	text19
  8494     0F19                     __ptext19:	
  8495 ;; *************** function _I2C1_Initialize *****************
  8496 ;; Defined at:
  8497 ;;		line 167 in file "mcc_generated_files/i2c1_master.c"
  8498 ;; Parameters:    Size  Location     Type
  8499 ;;		None
  8500 ;; Auto vars:     Size  Location     Type
  8501 ;;		None
  8502 ;; Return value:  Size  Location     Type
  8503 ;;                  1    wreg      void 
  8504 ;; Registers used:
  8505 ;;		status,2
  8506 ;; Tracked objects:
  8507 ;;		On entry : 0/0
  8508 ;;		On exit  : 0/0
  8509 ;;		Unchanged: 0/0
  8510 ;; Data sizes:     COMMON   BANK0   BANK1   BANK2   BANK3   BANK4   BANK5   BANK6   BANK7   BANK8   BANK9  BANK10  BANK1
      +1  BANK12
  8511 ;;      Params:         0       0       0       0       0       0       0       0       0       0       0       0       
      +0       0
  8512 ;;      Locals:         0       0       0       0       0       0       0       0       0       0       0       0       
      +0       0
  8513 ;;      Temps:          0       0       0       0       0       0       0       0       0       0       0       0       
      +0       0
  8514 ;;      Totals:         0       0       0       0       0       0       0       0       0       0       0       0       
      +0       0
  8515 ;;Total ram usage:        0 bytes
  8516 ;; Hardware stack levels used: 1
  8517 ;; Hardware stack levels required when called: 3
  8518 ;; This function calls:
  8519 ;;		Nothing
  8520 ;; This function is called by:
  8521 ;;		_SYSTEM_Initialize
  8522 ;; This function uses a non-reentrant model
  8523 ;;
  8524                           
  8525     0F19                     _I2C1_Initialize:	
  8526                           ;psect for function _I2C1_Initialize
  8527                           
  8528     0F19                     l4497:	
  8529                           ;incstack = 0
  8530                           ; Regs used in _I2C1_Initialize: [status,2]
  8531                           
  8532                           
  8533                           ;mcc_generated_files/i2c1_master.c: 169:     SSP1STAT = 0x80;
  8534     0F19  3080               	movlw	128
  8535     0F1A  0023               	movlb	3	; select bank3
  8536     0F1B  008F               	movwf	15	;volatile
  8537                           
  8538                           ;mcc_generated_files/i2c1_master.c: 170:     SSP1CON1 = 0x08;
  8539     0F1C  3008               	movlw	8
  8540     0F1D  0090               	movwf	16	;volatile
  8541     0F1E                     l4499:
  8542                           
  8543                           ;mcc_generated_files/i2c1_master.c: 171:     SSP1CON2 = 0x00;
  8544     0F1E  0191               	clrf	17	;volatile
  8545     0F1F                     l4501:
  8546                           
  8547                           ;mcc_generated_files/i2c1_master.c: 172:     SSP1ADD = 0x03;
  8548     0F1F  3003               	movlw	3
  8549     0F20  008D               	movwf	13	;volatile
  8550     0F21                     l4503:
  8551                           
  8552                           ;mcc_generated_files/i2c1_master.c: 173:     SSP1CON1bits.SSPEN = 0;
  8553     0F21  1290               	bcf	16,5	;volatile
  8554     0F22                     l593:
  8555     0F22  0008               	return
  8556     0F23                     __end_of_I2C1_Initialize:
  8557                           
  8558                           	psect	text20
  8559     0F23                     __ptext20:	
  8560 ;; *************** function _OpenI2C *****************
  8561 ;; Defined at:
  8562 ;;		line 26 in file "I2C/i2c.c"
  8563 ;; Parameters:    Size  Location     Type
  8564 ;;		None
  8565 ;; Auto vars:     Size  Location     Type
  8566 ;;		None
  8567 ;; Return value:  Size  Location     Type
  8568 ;;                  1    wreg      void 
  8569 ;; Registers used:
  8570 ;;		status,2
  8571 ;; Tracked objects:
  8572 ;;		On entry : 0/0
  8573 ;;		On exit  : 0/0
  8574 ;;		Unchanged: 0/0
  8575 ;; Data sizes:     COMMON   BANK0   BANK1   BANK2   BANK3   BANK4   BANK5   BANK6   BANK7   BANK8   BANK9  BANK10  BANK1
      +1  BANK12
  8576 ;;      Params:         0       0       0       0       0       0       0       0       0       0       0       0       
      +0       0
  8577 ;;      Locals:         0       0       0       0       0       0       0       0       0       0       0       0       
      +0       0
  8578 ;;      Temps:          0       0       0       0       0       0       0       0       0       0       0       0       
      +0       0
  8579 ;;      Totals:         0       0       0       0       0       0       0       0       0       0       0       0       
      +0       0
  8580 ;;Total ram usage:        0 bytes
  8581 ;; Hardware stack levels used: 1
  8582 ;; Hardware stack levels required when called: 3
  8583 ;; This function calls:
  8584 ;;		Nothing
  8585 ;; This function is called by:
  8586 ;;		_main
  8587 ;; This function uses a non-reentrant model
  8588 ;;
  8589                           
  8590     0F23                     _OpenI2C:	
  8591                           ;psect for function _OpenI2C
  8592                           
  8593     0F23                     l4589:	
  8594                           ;incstack = 0
  8595                           ; Regs used in _OpenI2C: [status,2]
  8596                           
  8597                           
  8598                           ;I2C/i2c.c: 28:   SSP1STAT = 0x80;
  8599     0F23  3080               	movlw	128
  8600     0F24  0023               	movlb	3	; select bank3
  8601     0F25  008F               	movwf	15	;volatile
  8602                           
  8603                           ;I2C/i2c.c: 29:   SSP1CON1 = 0x08;
  8604     0F26  3008               	movlw	8
  8605     0F27  0090               	movwf	16	;volatile
  8606     0F28                     l4591:
  8607                           
  8608                           ;I2C/i2c.c: 30:   SSP1CON2 = 0x00;
  8609     0F28  0191               	clrf	17	;volatile
  8610     0F29                     l4593:
  8611                           
  8612                           ;I2C/i2c.c: 31:   SSP1ADD = 0x03;
  8613     0F29  3003               	movlw	3
  8614     0F2A  008D               	movwf	13	;volatile
  8615     0F2B                     l4595:
  8616                           
  8617                           ;I2C/i2c.c: 32:   SSP1CON1bits.SSPEN = 1;
  8618     0F2B  1690               	bsf	16,5	;volatile
  8619     0F2C                     l4597:
  8620                           
  8621                           ;I2C/i2c.c: 34:   TRISCbits.TRISC3 = 1;
  8622     0F2C  0020               	movlb	0	; select bank0
  8623     0F2D  1593               	bsf	19,3	;volatile
  8624     0F2E                     l4599:
  8625                           
  8626                           ;I2C/i2c.c: 35:   TRISCbits.TRISC4 = 1;
  8627     0F2E  1613               	bsf	19,4	;volatile
  8628     0F2F                     l23:
  8629     0F2F  0008               	return
  8630     0F30                     __end_of_OpenI2C:
  8631                           
  8632                           	psect	text21
  8633     0F64                     __ptext21:	
  8634 ;; *************** function _LCDstr *****************
  8635 ;; Defined at:
  8636 ;;		line 112 in file "LCD/lcd.c"
  8637 ;; Parameters:    Size  Location     Type
  8638 ;;  p               1    0[BANK0 ] PTR unsigned char 
  8639 ;;		 -> main@buf(17), 
  8640 ;; Auto vars:     Size  Location     Type
  8641 ;;  c               1    1[BANK0 ] unsigned char 
  8642 ;; Return value:  Size  Location     Type
  8643 ;;                  1    wreg      void 
  8644 ;; Registers used:
  8645 ;;		wreg, fsr1l, fsr1h, status,2, status,0, pclath, cstack
  8646 ;; Tracked objects:
  8647 ;;		On entry : 0/0
  8648 ;;		On exit  : 0/0
  8649 ;;		Unchanged: 0/0
  8650 ;; Data sizes:     COMMON   BANK0   BANK1   BANK2   BANK3   BANK4   BANK5   BANK6   BANK7   BANK8   BANK9  BANK10  BANK1
      +1  BANK12
  8651 ;;      Params:         0       1       0       0       0       0       0       0       0       0       0       0       
      +0       0
  8652 ;;      Locals:         0       1       0       0       0       0       0       0       0       0       0       0       
      +0       0
  8653 ;;      Temps:          0       0       0       0       0       0       0       0       0       0       0       0       
      +0       0
  8654 ;;      Totals:         0       2       0       0       0       0       0       0       0       0       0       0       
      +0       0
  8655 ;;Total ram usage:        2 bytes
  8656 ;; Hardware stack levels used: 1
  8657 ;; Hardware stack levels required when called: 5
  8658 ;; This function calls:
  8659 ;;		_LCDchar
  8660 ;; This function is called by:
  8661 ;;		_main
  8662 ;; This function uses a non-reentrant model
  8663 ;;
  8664                           
  8665     0F64                     _LCDstr:	
  8666                           ;psect for function _LCDstr
  8667                           
  8668     0F64                     l4637:	
  8669                           ;incstack = 0
  8670                           ; Regs used in _LCDstr: [wreg+fsr1l+fsr1h+status,2+status,0+pclath+cstack]
  8671                           
  8672                           
  8673                           ;LCD/lcd.c: 112: void LCDstr(char *p);LCD/lcd.c: 113: {;LCD/lcd.c: 114:   unsigned char 
      +                          c;;LCD/lcd.c: 116:   while((c = *p++)) LCDchar(c);
  8674     0F64  2F69               	goto	l4641
  8675     0F65                     l4639:
  8676     0F65  0821               	movf	LCDstr@c,w
  8677     0F66  318F  2700  318F   	fcall	_LCDchar
  8678     0F69                     l4641:
  8679     0F69  0020               	movlb	0	; select bank0
  8680     0F6A  0820               	movf	LCDstr@p,w
  8681     0F6B  0086               	movwf	6
  8682     0F6C  3001               	movlw	1	; select bank2/3
  8683     0F6D  0087               	movwf	7
  8684     0F6E  0AA0               	incf	LCDstr@p,f
  8685     0F6F  0801               	movf	1,w
  8686     0F70  00A1               	movwf	LCDstr@c
  8687     0F71  0821               	movf	LCDstr@c,w
  8688     0F72  1D03               	btfss	3,2
  8689     0F73  2F75               	goto	u4111
  8690     0F74  2F76               	goto	u4110
  8691     0F75                     u4111:
  8692     0F75  2F65               	goto	l4639
  8693     0F76                     u4110:
  8694     0F76                     l244:
  8695     0F76  0008               	return
  8696     0F77                     __end_of_LCDstr:
  8697                           
  8698                           	psect	text22
  8699     0F00                     __ptext22:	
  8700 ;; *************** function _LCDchar *****************
  8701 ;; Defined at:
  8702 ;;		line 107 in file "LCD/lcd.c"
  8703 ;; Parameters:    Size  Location     Type
  8704 ;;  c               1    wreg     unsigned char 
  8705 ;; Auto vars:     Size  Location     Type
  8706 ;;  c               1    9[COMMON] unsigned char 
  8707 ;; Return value:  Size  Location     Type
  8708 ;;                  1    wreg      void 
  8709 ;; Registers used:
  8710 ;;		wreg, status,2, status,0, pclath, cstack
  8711 ;; Tracked objects:
  8712 ;;		On entry : 0/0
  8713 ;;		On exit  : 0/0
  8714 ;;		Unchanged: 0/0
  8715 ;; Data sizes:     COMMON   BANK0   BANK1   BANK2   BANK3   BANK4   BANK5   BANK6   BANK7   BANK8   BANK9  BANK10  BANK1
      +1  BANK12
  8716 ;;      Params:         0       0       0       0       0       0       0       0       0       0       0       0       
      +0       0
  8717 ;;      Locals:         1       0       0       0       0       0       0       0       0       0       0       0       
      +0       0
  8718 ;;      Temps:          0       0       0       0       0       0       0       0       0       0       0       0       
      +0       0
  8719 ;;      Totals:         1       0       0       0       0       0       0       0       0       0       0       0       
      +0       0
  8720 ;;Total ram usage:        1 bytes
  8721 ;; Hardware stack levels used: 1
  8722 ;; Hardware stack levels required when called: 4
  8723 ;; This function calls:
  8724 ;;		_LCDsend2x4
  8725 ;; This function is called by:
  8726 ;;		_LCDstr
  8727 ;; This function uses a non-reentrant model
  8728 ;;
  8729                           
  8730     0F00                     _LCDchar:	
  8731                           ;psect for function _LCDchar
  8732                           
  8733                           
  8734                           ;incstack = 0
  8735                           ; Regs used in _LCDchar: [wreg+status,2+status,0+pclath+cstack]
  8736                           ;LCDchar@c stored from wreg
  8737     0F00  00F9               	movwf	LCDchar@c
  8738     0F01                     l4493:
  8739                           
  8740                           ;LCD/lcd.c: 107: void LCDchar(unsigned char c);LCD/lcd.c: 108: {;LCD/lcd.c: 109:   LCDse
      +                          nd2x4(c, 0x01);
  8741     0F01  01F4               	clrf	LCDsend2x4@mode
  8742     0F02  0AF4               	incf	LCDsend2x4@mode,f
  8743     0F03  0879               	movf	LCDchar@c,w
  8744     0F04  3183  2375  318F   	fcall	_LCDsend2x4
  8745     0F07                     l238:
  8746     0F07  0008               	return
  8747     0F08                     __end_of_LCDchar:
  8748                           
  8749                           	psect	text23
  8750     04AF                     __ptext23:	
  8751 ;; *************** function _LCDinit *****************
  8752 ;; Defined at:
  8753 ;;		line 79 in file "LCD/lcd.c"
  8754 ;; Parameters:    Size  Location     Type
  8755 ;;		None
  8756 ;; Auto vars:     Size  Location     Type
  8757 ;;		None
  8758 ;; Return value:  Size  Location     Type
  8759 ;;                  1    wreg      void 
  8760 ;; Registers used:
  8761 ;;		wreg, status,2, status,0, pclath, cstack
  8762 ;; Tracked objects:
  8763 ;;		On entry : 0/0
  8764 ;;		On exit  : 0/0
  8765 ;;		Unchanged: 0/0
  8766 ;; Data sizes:     COMMON   BANK0   BANK1   BANK2   BANK3   BANK4   BANK5   BANK6   BANK7   BANK8   BANK9  BANK10  BANK1
      +1  BANK12
  8767 ;;      Params:         0       0       0       0       0       0       0       0       0       0       0       0       
      +0       0
  8768 ;;      Locals:         0       0       0       0       0       0       0       0       0       0       0       0       
      +0       0
  8769 ;;      Temps:          1       0       0       0       0       0       0       0       0       0       0       0       
      +0       0
  8770 ;;      Totals:         1       0       0       0       0       0       0       0       0       0       0       0       
      +0       0
  8771 ;;Total ram usage:        1 bytes
  8772 ;; Hardware stack levels used: 1
  8773 ;; Hardware stack levels required when called: 5
  8774 ;; This function calls:
  8775 ;;		_LCDsend
  8776 ;;		_LCDsend2x4
  8777 ;; This function is called by:
  8778 ;;		_main
  8779 ;; This function uses a non-reentrant model
  8780 ;;
  8781                           
  8782     04AF                     _LCDinit:	
  8783                           ;psect for function _LCDinit
  8784                           
  8785     04AF                     l4601:	
  8786                           ;incstack = 0
  8787                           ; Regs used in _LCDinit: [wreg+status,2+status,0+pclath+cstack]
  8788                           
  8789                           
  8790                           ;LCD/lcd.c: 81:   _delay((unsigned long)((50)*(4000000/4000.0)));
  8791     04AF  3041               	movlw	65
  8792     04B0  00F9               	movwf	??_LCDinit
  8793     04B1  30EE               	movlw	238
  8794     04B2                     u4417:
  8795     04B2  0B89               	decfsz	9,f
  8796     04B3  2CB2               	goto	u4417
  8797     04B4  0BF9               	decfsz	??_LCDinit,f
  8798     04B5  2CB2               	goto	u4417
  8799     04B6  3200               	nop2
  8800     04B7                     l4603:
  8801                           
  8802                           ;LCD/lcd.c: 82:   LCDsend(0x30);
  8803     04B7  3030               	movlw	48
  8804     04B8  3187  2759  3184   	fcall	_LCDsend
  8805     04BB                     l4605:
  8806                           
  8807                           ;LCD/lcd.c: 83:   LCDsend(0x34); _delay((unsigned long)((500)*(4000000/4000000.0))); LCD
      +                          send(0x30);
  8808     04BB  3034               	movlw	52
  8809     04BC  3187  2759  3184   	fcall	_LCDsend
  8810     04BF  30A6               	movlw	166
  8811     04C0                     u4427:
  8812     04C0  0B89               	decfsz	9,f
  8813     04C1  2CC0               	goto	u4427
  8814     04C2  3200               	nop2
  8815     04C3                     l4607:
  8816     04C3  3030               	movlw	48
  8817     04C4  3187  2759  3184   	fcall	_LCDsend
  8818     04C7                     l4609:
  8819                           
  8820                           ;LCD/lcd.c: 84:   _delay((unsigned long)((5)*(4000000/4000.0)));
  8821     04C7  3007               	movlw	7
  8822     04C8  00F9               	movwf	??_LCDinit
  8823     04C9  307D               	movlw	125
  8824     04CA                     u4437:
  8825     04CA  0B89               	decfsz	9,f
  8826     04CB  2CCA               	goto	u4437
  8827     04CC  0BF9               	decfsz	??_LCDinit,f
  8828     04CD  2CCA               	goto	u4437
  8829     04CE  0000               	nop
  8830                           
  8831                           ;LCD/lcd.c: 85:   LCDsend(0x30);
  8832     04CF  3030               	movlw	48
  8833     04D0  3187  2759  3184   	fcall	_LCDsend
  8834                           
  8835                           ;LCD/lcd.c: 86:   LCDsend(0x34); _delay((unsigned long)((500)*(4000000/4000000.0))); LCD
      +                          send(0x30);
  8836     04D3  3034               	movlw	52
  8837     04D4  3187  2759  3184   	fcall	_LCDsend
  8838     04D7                     l4611:
  8839     04D7  30A6               	movlw	166
  8840     04D8                     u4447:
  8841     04D8  0B89               	decfsz	9,f
  8842     04D9  2CD8               	goto	u4447
  8843     04DA  3200               	nop2
  8844     04DB                     l4613:
  8845     04DB  3030               	movlw	48
  8846     04DC  3187  2759  3184   	fcall	_LCDsend
  8847                           
  8848                           ;LCD/lcd.c: 87:   _delay((unsigned long)((100)*(4000000/4000000.0)));
  8849     04DF  3021               	movlw	33
  8850     04E0                     u4457:
  8851     04E0  0B89               	decfsz	9,f
  8852     04E1  2CE0               	goto	u4457
  8853     04E2  0000               	nop
  8854     04E3                     l4615:
  8855                           
  8856                           ;LCD/lcd.c: 88:   LCDsend(0x30);
  8857     04E3  3030               	movlw	48
  8858     04E4  3187  2759  3184   	fcall	_LCDsend
  8859     04E7                     l4617:
  8860                           
  8861                           ;LCD/lcd.c: 89:   LCDsend(0x34); _delay((unsigned long)((500)*(4000000/4000000.0))); LCD
      +                          send(0x30);
  8862     04E7  3034               	movlw	52
  8863     04E8  3187  2759  3184   	fcall	_LCDsend
  8864     04EB  30A6               	movlw	166
  8865     04EC                     u4467:
  8866     04EC  0B89               	decfsz	9,f
  8867     04ED  2CEC               	goto	u4467
  8868     04EE  3200               	nop2
  8869     04EF                     l4619:
  8870     04EF  3030               	movlw	48
  8871     04F0  3187  2759  3184   	fcall	_LCDsend
  8872     04F3                     l4621:
  8873                           
  8874                           ;LCD/lcd.c: 90:   _delay((unsigned long)((100)*(4000000/4000000.0)));
  8875     04F3  3021               	movlw	33
  8876     04F4                     u4477:
  8877     04F4  0B89               	decfsz	9,f
  8878     04F5  2CF4               	goto	u4477
  8879     04F6  0000               	nop
  8880                           
  8881                           ;LCD/lcd.c: 91:   LCDsend(0x20);
  8882     04F7  3020               	movlw	32
  8883     04F8  3187  2759  3184   	fcall	_LCDsend
  8884                           
  8885                           ;LCD/lcd.c: 92:   LCDsend(0x24); _delay((unsigned long)((500)*(4000000/4000000.0))); LCD
      +                          send(0x20);
  8886     04FB  3024               	movlw	36
  8887     04FC  3187  2759  3184   	fcall	_LCDsend
  8888     04FF                     l4623:
  8889     04FF  30A6               	movlw	166
  8890     0500                     u4487:
  8891     0500  0B89               	decfsz	9,f
  8892     0501  2D00               	goto	u4487
  8893     0502  3200               	nop2
  8894     0503                     l4625:
  8895     0503  3020               	movlw	32
  8896     0504  3187  2759  3184   	fcall	_LCDsend
  8897                           
  8898                           ;LCD/lcd.c: 93:   _delay((unsigned long)((5)*(4000000/4000.0)));
  8899     0507  3007               	movlw	7
  8900     0508  00F9               	movwf	??_LCDinit
  8901     0509  307D               	movlw	125
  8902     050A                     u4497:
  8903     050A  0B89               	decfsz	9,f
  8904     050B  2D0A               	goto	u4497
  8905     050C  0BF9               	decfsz	??_LCDinit,f
  8906     050D  2D0A               	goto	u4497
  8907     050E  0000               	nop
  8908     050F                     l4627:
  8909                           
  8910                           ;LCD/lcd.c: 95:   LCDsend2x4(0x28, 0);
  8911     050F  01F4               	clrf	LCDsend2x4@mode
  8912     0510  3028               	movlw	40
  8913     0511  3183  2375  3184   	fcall	_LCDsend2x4
  8914     0514                     l4629:
  8915                           
  8916                           ;LCD/lcd.c: 96:   LCDsend2x4(0x06, 0);
  8917     0514  01F4               	clrf	LCDsend2x4@mode
  8918     0515  3006               	movlw	6
  8919     0516  3183  2375  3184   	fcall	_LCDsend2x4
  8920     0519                     l4631:
  8921                           
  8922                           ;LCD/lcd.c: 97:   LCDsend2x4(0x0f, 0);
  8923     0519  01F4               	clrf	LCDsend2x4@mode
  8924     051A  300F               	movlw	15
  8925     051B  3183  2375  3184   	fcall	_LCDsend2x4
  8926     051E                     l4633:
  8927                           
  8928                           ;LCD/lcd.c: 98:   LCDsend2x4(0x01, 0);
  8929     051E  01F4               	clrf	LCDsend2x4@mode
  8930     051F  3001               	movlw	1
  8931     0520  3183  2375  3184   	fcall	_LCDsend2x4
  8932                           
  8933                           ;LCD/lcd.c: 99:   _delay((unsigned long)((2)*(4000000/4000.0)));
  8934     0523  3003               	movlw	3
  8935     0524  00F9               	movwf	??_LCDinit
  8936     0525  3098               	movlw	152
  8937     0526                     u4507:
  8938     0526  0B89               	decfsz	9,f
  8939     0527  2D26               	goto	u4507
  8940     0528  0BF9               	decfsz	??_LCDinit,f
  8941     0529  2D26               	goto	u4507
  8942     052A                     l232:
  8943     052A  0008               	return
  8944     052B                     __end_of_LCDinit:
  8945                           
  8946                           	psect	text24
  8947     0759                     __ptext24:	
  8948 ;; *************** function _LCDsend *****************
  8949 ;; Defined at:
  8950 ;;		line 17 in file "LCD/lcd.c"
  8951 ;; Parameters:    Size  Location     Type
  8952 ;;  c               1    wreg     unsigned char 
  8953 ;; Auto vars:     Size  Location     Type
  8954 ;;  c               1    5[COMMON] unsigned char 
  8955 ;; Return value:  Size  Location     Type
  8956 ;;                  1    wreg      void 
  8957 ;; Registers used:
  8958 ;;		wreg, status,2, status,0, pclath, cstack
  8959 ;; Tracked objects:
  8960 ;;		On entry : 0/0
  8961 ;;		On exit  : 0/0
  8962 ;;		Unchanged: 0/0
  8963 ;; Data sizes:     COMMON   BANK0   BANK1   BANK2   BANK3   BANK4   BANK5   BANK6   BANK7   BANK8   BANK9  BANK10  BANK1
      +1  BANK12
  8964 ;;      Params:         0       0       0       0       0       0       0       0       0       0       0       0       
      +0       0
  8965 ;;      Locals:         1       0       0       0       0       0       0       0       0       0       0       0       
      +0       0
  8966 ;;      Temps:          1       0       0       0       0       0       0       0       0       0       0       0       
      +0       0
  8967 ;;      Totals:         2       0       0       0       0       0       0       0       0       0       0       0       
      +0       0
  8968 ;;Total ram usage:        2 bytes
  8969 ;; Hardware stack levels used: 1
  8970 ;; Hardware stack levels required when called: 4
  8971 ;; This function calls:
  8972 ;;		_WriteI2C
  8973 ;; This function is called by:
  8974 ;;		_LCDinit
  8975 ;; This function uses a non-reentrant model
  8976 ;;
  8977                           
  8978     0759                     _LCDsend:	
  8979                           ;psect for function _LCDsend
  8980                           
  8981                           
  8982                           ;incstack = 0
  8983                           ; Regs used in _LCDsend: [wreg+status,2+status,0+pclath+cstack]
  8984                           ;LCDsend@c stored from wreg
  8985     0759  00F5               	movwf	LCDsend@c
  8986     075A                     l4413:
  8987     075A                     l4415:	
  8988                           ;LCD/lcd.c: 17: void LCDsend(unsigned char c);LCD/lcd.c: 18: {;LCD/lcd.c: 19:   while ((
      +                          SSP1CON2 & 0x1F) | (SSP1STATbits.R_W));
  8989                           
  8990     075A  0023               	movlb	3	; select bank3
  8991     075B  0C0F               	rrf	15,w	;volatile
  8992     075C  0C89               	rrf	9,f
  8993     075D  3901               	andlw	1
  8994     075E  00F4               	movwf	??_LCDsend
  8995     075F  0811               	movf	17,w	;volatile
  8996     0760  391F               	andlw	31
  8997     0761  0474               	iorwf	??_LCDsend,w
  8998     0762  1D03               	btfss	3,2
  8999     0763  2F65               	goto	u3771
  9000     0764  2F66               	goto	u3770
  9001     0765                     u3771:
  9002     0765  2F5A               	goto	l4415
  9003     0766                     u3770:
  9004     0766                     l73:	
  9005                           ;LCD/lcd.c: 20:   do { SSP1CON2bits.SEN=1;while(SSP1CON2bits.SEN); } while (0); while ((
      +                          SSP1CON2 & 0x1F) | (SSP1STATbits.R_W));
  9006                           
  9007     0766  1411               	bsf	17,0	;volatile
  9008     0767                     l74:
  9009     0767  1811               	btfsc	17,0	;volatile
  9010     0768  2F6A               	goto	u3781
  9011     0769  2F6B               	goto	u3780
  9012     076A                     u3781:
  9013     076A  2F67               	goto	l74
  9014     076B                     u3780:
  9015     076B                     l4417:
  9016     076B  0C0F               	rrf	15,w	;volatile
  9017     076C  0C89               	rrf	9,f
  9018     076D  3901               	andlw	1
  9019     076E  00F4               	movwf	??_LCDsend
  9020     076F  0811               	movf	17,w	;volatile
  9021     0770  391F               	andlw	31
  9022     0771  0474               	iorwf	??_LCDsend,w
  9023     0772  1D03               	btfss	3,2
  9024     0773  2F75               	goto	u3791
  9025     0774  2F76               	goto	u3790
  9026     0775                     u3791:
  9027     0775  2F6B               	goto	l4417
  9028     0776                     u3790:
  9029     0776                     l4419:
  9030                           
  9031                           ;LCD/lcd.c: 21:   WriteI2C(0x4e | 0x00); while ((SSP1CON2 & 0x1F) | (SSP1STATbits.R_W));
  9032     0776  304E               	movlw	78
  9033     0777  3186  2639  3187   	fcall	_WriteI2C
  9034     077A                     l4421:
  9035     077A  0023               	movlb	3	; select bank3
  9036     077B  0C0F               	rrf	15,w	;volatile
  9037     077C  0C89               	rrf	9,f
  9038     077D  3901               	andlw	1
  9039     077E  00F4               	movwf	??_LCDsend
  9040     077F  0811               	movf	17,w	;volatile
  9041     0780  391F               	andlw	31
  9042     0781  0474               	iorwf	??_LCDsend,w
  9043     0782  1D03               	btfss	3,2
  9044     0783  2F85               	goto	u3801
  9045     0784  2F86               	goto	u3800
  9046     0785                     u3801:
  9047     0785  2F7A               	goto	l4421
  9048     0786                     u3800:
  9049     0786                     l4423:
  9050                           
  9051                           ;LCD/lcd.c: 22:   WriteI2C(c); while ((SSP1CON2 & 0x1F) | (SSP1STATbits.R_W));
  9052     0786  0875               	movf	LCDsend@c,w
  9053     0787  3186  2639  3187   	fcall	_WriteI2C
  9054     078A                     l4425:
  9055     078A  0023               	movlb	3	; select bank3
  9056     078B  0C0F               	rrf	15,w	;volatile
  9057     078C  0C89               	rrf	9,f
  9058     078D  3901               	andlw	1
  9059     078E  00F4               	movwf	??_LCDsend
  9060     078F  0811               	movf	17,w	;volatile
  9061     0790  391F               	andlw	31
  9062     0791  0474               	iorwf	??_LCDsend,w
  9063     0792  1D03               	btfss	3,2
  9064     0793  2F95               	goto	u3811
  9065     0794  2F96               	goto	u3810
  9066     0795                     u3811:
  9067     0795  2F8A               	goto	l4425
  9068     0796                     u3810:
  9069     0796                     l87:	
  9070                           ;LCD/lcd.c: 23:   do { SSP1CON2bits.PEN = 1;while(SSP1CON2bits.PEN); } while (0);
  9071                           
  9072     0796  1511               	bsf	17,2	;volatile
  9073     0797                     l88:
  9074     0797  1911               	btfsc	17,2	;volatile
  9075     0798  2F9A               	goto	u3821
  9076     0799  2F9B               	goto	u3820
  9077     079A                     u3821:
  9078     079A  2F97               	goto	l88
  9079     079B                     u3820:
  9080     079B                     l92:
  9081     079B  0008               	return
  9082     079C                     __end_of_LCDsend:
  9083                           
  9084                           	psect	text25
  9085     0EF9                     __ptext25:	
  9086 ;; *************** function _LCDcmd *****************
  9087 ;; Defined at:
  9088 ;;		line 102 in file "LCD/lcd.c"
  9089 ;; Parameters:    Size  Location     Type
  9090 ;;  c               1    wreg     unsigned char 
  9091 ;; Auto vars:     Size  Location     Type
  9092 ;;  c               1    9[COMMON] unsigned char 
  9093 ;; Return value:  Size  Location     Type
  9094 ;;                  1    wreg      void 
  9095 ;; Registers used:
  9096 ;;		wreg, status,2, status,0, pclath, cstack
  9097 ;; Tracked objects:
  9098 ;;		On entry : 0/0
  9099 ;;		On exit  : 0/0
  9100 ;;		Unchanged: 0/0
  9101 ;; Data sizes:     COMMON   BANK0   BANK1   BANK2   BANK3   BANK4   BANK5   BANK6   BANK7   BANK8   BANK9  BANK10  BANK1
      +1  BANK12
  9102 ;;      Params:         0       0       0       0       0       0       0       0       0       0       0       0       
      +0       0
  9103 ;;      Locals:         1       0       0       0       0       0       0       0       0       0       0       0       
      +0       0
  9104 ;;      Temps:          0       0       0       0       0       0       0       0       0       0       0       0       
      +0       0
  9105 ;;      Totals:         1       0       0       0       0       0       0       0       0       0       0       0       
      +0       0
  9106 ;;Total ram usage:        1 bytes
  9107 ;; Hardware stack levels used: 1
  9108 ;; Hardware stack levels required when called: 5
  9109 ;; This function calls:
  9110 ;;		_LCDsend2x4
  9111 ;; This function is called by:
  9112 ;;		_main
  9113 ;;		_LCDpos
  9114 ;; This function uses a non-reentrant model
  9115 ;;
  9116                           
  9117     0EF9                     _LCDcmd:	
  9118                           ;psect for function _LCDcmd
  9119                           
  9120                           
  9121                           ;incstack = 0
  9122                           ; Regs used in _LCDcmd: [wreg+status,2+status,0+pclath+cstack]
  9123                           ;LCDcmd@c stored from wreg
  9124     0EF9  00F9               	movwf	LCDcmd@c
  9125     0EFA                     l4635:
  9126                           
  9127                           ;LCD/lcd.c: 102: void LCDcmd(unsigned char c);LCD/lcd.c: 103: {;LCD/lcd.c: 104:   LCDsen
      +                          d2x4(c, 0);
  9128     0EFA  01F4               	clrf	LCDsend2x4@mode
  9129     0EFB  0879               	movf	LCDcmd@c,w
  9130     0EFC  3183  2375  318E   	fcall	_LCDsend2x4
  9131     0EFF                     l235:
  9132     0EFF  0008               	return
  9133     0F00                     __end_of_LCDcmd:
  9134                           
  9135                           	psect	text26
  9136     0375                     __ptext26:	
  9137 ;; *************** function _LCDsend2x4 *****************
  9138 ;; Defined at:
  9139 ;;		line 56 in file "LCD/lcd.c"
  9140 ;; Parameters:    Size  Location     Type
  9141 ;;  c               1    wreg     unsigned char 
  9142 ;;  mode            1    4[COMMON] unsigned char 
  9143 ;; Auto vars:     Size  Location     Type
  9144 ;;  c               1    6[COMMON] unsigned char 
  9145 ;;  lc              1    8[COMMON] unsigned char 
  9146 ;;  hc              1    7[COMMON] unsigned char 
  9147 ;; Return value:  Size  Location     Type
  9148 ;;                  1    wreg      void 
  9149 ;; Registers used:
  9150 ;;		wreg, status,2, status,0, pclath, cstack
  9151 ;; Tracked objects:
  9152 ;;		On entry : 0/0
  9153 ;;		On exit  : 0/0
  9154 ;;		Unchanged: 0/0
  9155 ;; Data sizes:     COMMON   BANK0   BANK1   BANK2   BANK3   BANK4   BANK5   BANK6   BANK7   BANK8   BANK9  BANK10  BANK1
      +1  BANK12
  9156 ;;      Params:         1       0       0       0       0       0       0       0       0       0       0       0       
      +0       0
  9157 ;;      Locals:         3       0       0       0       0       0       0       0       0       0       0       0       
      +0       0
  9158 ;;      Temps:          1       0       0       0       0       0       0       0       0       0       0       0       
      +0       0
  9159 ;;      Totals:         5       0       0       0       0       0       0       0       0       0       0       0       
      +0       0
  9160 ;;Total ram usage:        5 bytes
  9161 ;; Hardware stack levels used: 1
  9162 ;; Hardware stack levels required when called: 3
  9163 ;; This function calls:
  9164 ;;		_WriteI2C
  9165 ;; This function is called by:
  9166 ;;		_LCDinit
  9167 ;;		_LCDcmd
  9168 ;;		_LCDchar
  9169 ;; This function uses a non-reentrant model
  9170 ;;
  9171                           
  9172     0375                     _LCDsend2x4:	
  9173                           ;psect for function _LCDsend2x4
  9174                           
  9175                           
  9176                           ;incstack = 0
  9177                           ; Regs used in _LCDsend2x4: [wreg+status,2+status,0+pclath+cstack]
  9178                           ;LCDsend2x4@c stored from wreg
  9179     0375  00F6               	movwf	LCDsend2x4@c
  9180     0376                     l4305:
  9181                           
  9182                           ;LCD/lcd.c: 56: void LCDsend2x4(unsigned char c, unsigned char mode);LCD/lcd.c: 57: {;LC
      +                          D/lcd.c: 58:   unsigned char hc;;LCD/lcd.c: 59:   unsigned char lc;;LCD/lcd.c: 61:   hc 
      +                          = c & 0xf0;
  9183     0376  0876               	movf	LCDsend2x4@c,w
  9184     0377  39F0               	andlw	240
  9185     0378  00F7               	movwf	LCDsend2x4@hc
  9186     0379                     l4307:
  9187                           
  9188                           ;LCD/lcd.c: 62:   lc = (c << 4) & 0xf0;
  9189     0379  0876               	movf	LCDsend2x4@c,w
  9190     037A  00F5               	movwf	??_LCDsend2x4
  9191     037B  3004               	movlw	4
  9192     037C                     u3615:
  9193     037C  35F5               	lslf	??_LCDsend2x4,f
  9194     037D  0B89               	decfsz	9,f
  9195     037E  2B7C               	goto	u3615
  9196     037F  0875               	movf	??_LCDsend2x4,w
  9197     0380  39F0               	andlw	240
  9198     0381  00F8               	movwf	LCDsend2x4@lc
  9199     0382                     l4309:	
  9200                           ;LCD/lcd.c: 64:   while ((SSP1CON2 & 0x1F) | (SSP1STATbits.R_W));
  9201                           
  9202     0382  0023               	movlb	3	; select bank3
  9203     0383  0C0F               	rrf	15,w	;volatile
  9204     0384  0C89               	rrf	9,f
  9205     0385  3901               	andlw	1
  9206     0386  00F5               	movwf	??_LCDsend2x4
  9207     0387  0811               	movf	17,w	;volatile
  9208     0388  391F               	andlw	31
  9209     0389  0475               	iorwf	??_LCDsend2x4,w
  9210     038A  1D03               	btfss	3,2
  9211     038B  2B8D               	goto	u3621
  9212     038C  2B8E               	goto	u3620
  9213     038D                     u3621:
  9214     038D  2B82               	goto	l4309
  9215     038E                     u3620:
  9216     038E                     l195:	
  9217                           ;LCD/lcd.c: 65:   do { SSP1CON2bits.SEN=1;while(SSP1CON2bits.SEN); } while (0); while ((
      +                          SSP1CON2 & 0x1F) | (SSP1STATbits.R_W));
  9218                           
  9219     038E  1411               	bsf	17,0	;volatile
  9220     038F                     l196:
  9221     038F  1811               	btfsc	17,0	;volatile
  9222     0390  2B92               	goto	u3631
  9223     0391  2B93               	goto	u3630
  9224     0392                     u3631:
  9225     0392  2B8F               	goto	l196
  9226     0393                     u3630:
  9227     0393                     l4311:
  9228     0393  0C0F               	rrf	15,w	;volatile
  9229     0394  0C89               	rrf	9,f
  9230     0395  3901               	andlw	1
  9231     0396  00F5               	movwf	??_LCDsend2x4
  9232     0397  0811               	movf	17,w	;volatile
  9233     0398  391F               	andlw	31
  9234     0399  0475               	iorwf	??_LCDsend2x4,w
  9235     039A  1D03               	btfss	3,2
  9236     039B  2B9D               	goto	u3641
  9237     039C  2B9E               	goto	u3640
  9238     039D                     u3641:
  9239     039D  2B93               	goto	l4311
  9240     039E                     u3640:
  9241     039E                     l4313:
  9242                           
  9243                           ;LCD/lcd.c: 66:   WriteI2C(0x4e | 0x00); while ((SSP1CON2 & 0x1F) | (SSP1STATbits.R_W));
  9244     039E  304E               	movlw	78
  9245     039F  3186  2639  3183   	fcall	_WriteI2C
  9246     03A2                     l4315:
  9247     03A2  0023               	movlb	3	; select bank3
  9248     03A3  0C0F               	rrf	15,w	;volatile
  9249     03A4  0C89               	rrf	9,f
  9250     03A5  3901               	andlw	1
  9251     03A6  00F5               	movwf	??_LCDsend2x4
  9252     03A7  0811               	movf	17,w	;volatile
  9253     03A8  391F               	andlw	31
  9254     03A9  0475               	iorwf	??_LCDsend2x4,w
  9255     03AA  1D03               	btfss	3,2
  9256     03AB  2BAD               	goto	u3651
  9257     03AC  2BAE               	goto	u3650
  9258     03AD                     u3651:
  9259     03AD  2BA2               	goto	l4315
  9260     03AE                     u3650:
  9261     03AE                     l4317:
  9262                           
  9263                           ;LCD/lcd.c: 67:   WriteI2C(hc | 0x08 | mode); while ((SSP1CON2 & 0x1F) | (SSP1STATbits.R
      +                          _W));
  9264     03AE  0877               	movf	LCDsend2x4@hc,w
  9265     03AF  0474               	iorwf	LCDsend2x4@mode,w
  9266     03B0  3808               	iorlw	8
  9267     03B1  3186  2639  3183   	fcall	_WriteI2C
  9268     03B4                     l4319:
  9269     03B4  0023               	movlb	3	; select bank3
  9270     03B5  0C0F               	rrf	15,w	;volatile
  9271     03B6  0C89               	rrf	9,f
  9272     03B7  3901               	andlw	1
  9273     03B8  00F5               	movwf	??_LCDsend2x4
  9274     03B9  0811               	movf	17,w	;volatile
  9275     03BA  391F               	andlw	31
  9276     03BB  0475               	iorwf	??_LCDsend2x4,w
  9277     03BC  1D03               	btfss	3,2
  9278     03BD  2BBF               	goto	u3661
  9279     03BE  2BC0               	goto	u3660
  9280     03BF                     u3661:
  9281     03BF  2BB4               	goto	l4319
  9282     03C0                     u3660:
  9283     03C0                     l4321:
  9284                           
  9285                           ;LCD/lcd.c: 68:   WriteI2C(hc | 0x08 | 0x04 | mode); while ((SSP1CON2 & 0x1F) | (SSP1STA
      +                          Tbits.R_W));
  9286     03C0  0877               	movf	LCDsend2x4@hc,w
  9287     03C1  0474               	iorwf	LCDsend2x4@mode,w
  9288     03C2  380C               	iorlw	12
  9289     03C3  3186  2639  3183   	fcall	_WriteI2C
  9290     03C6                     l4323:
  9291     03C6  0023               	movlb	3	; select bank3
  9292     03C7  0C0F               	rrf	15,w	;volatile
  9293     03C8  0C89               	rrf	9,f
  9294     03C9  3901               	andlw	1
  9295     03CA  00F5               	movwf	??_LCDsend2x4
  9296     03CB  0811               	movf	17,w	;volatile
  9297     03CC  391F               	andlw	31
  9298     03CD  0475               	iorwf	??_LCDsend2x4,w
  9299     03CE  1D03               	btfss	3,2
  9300     03CF  2BD1               	goto	u3671
  9301     03D0  2BD2               	goto	u3670
  9302     03D1                     u3671:
  9303     03D1  2BC6               	goto	l4323
  9304     03D2                     u3670:
  9305     03D2                     l211:
  9306                           
  9307                           ;LCD/lcd.c: 69:   _delay((unsigned long)((1)*(4000000/4000000.0)));
  9308     03D2  0000               	nop
  9309     03D3                     l4325:
  9310                           
  9311                           ;LCD/lcd.c: 70:   WriteI2C(hc | 0x08 | mode); while ((SSP1CON2 & 0x1F) | (SSP1STATbits.R
      +                          _W));
  9312     03D3  0877               	movf	LCDsend2x4@hc,w
  9313     03D4  0474               	iorwf	LCDsend2x4@mode,w
  9314     03D5  3808               	iorlw	8
  9315     03D6  3186  2639  3183   	fcall	_WriteI2C
  9316     03D9                     l4327:
  9317     03D9  0023               	movlb	3	; select bank3
  9318     03DA  0C0F               	rrf	15,w	;volatile
  9319     03DB  0C89               	rrf	9,f
  9320     03DC  3901               	andlw	1
  9321     03DD  00F5               	movwf	??_LCDsend2x4
  9322     03DE  0811               	movf	17,w	;volatile
  9323     03DF  391F               	andlw	31
  9324     03E0  0475               	iorwf	??_LCDsend2x4,w
  9325     03E1  1D03               	btfss	3,2
  9326     03E2  2BE4               	goto	u3681
  9327     03E3  2BE5               	goto	u3680
  9328     03E4                     u3681:
  9329     03E4  2BD9               	goto	l4327
  9330     03E5                     u3680:
  9331     03E5                     l4329:
  9332                           
  9333                           ;LCD/lcd.c: 71:   WriteI2C(lc | 0x08 | mode); while ((SSP1CON2 & 0x1F) | (SSP1STATbits.R
      +                          _W));
  9334     03E5  0878               	movf	LCDsend2x4@lc,w
  9335     03E6  0474               	iorwf	LCDsend2x4@mode,w
  9336     03E7  3808               	iorlw	8
  9337     03E8  3186  2639  3183   	fcall	_WriteI2C
  9338     03EB                     l4331:
  9339     03EB  0023               	movlb	3	; select bank3
  9340     03EC  0C0F               	rrf	15,w	;volatile
  9341     03ED  0C89               	rrf	9,f
  9342     03EE  3901               	andlw	1
  9343     03EF  00F5               	movwf	??_LCDsend2x4
  9344     03F0  0811               	movf	17,w	;volatile
  9345     03F1  391F               	andlw	31
  9346     03F2  0475               	iorwf	??_LCDsend2x4,w
  9347     03F3  1D03               	btfss	3,2
  9348     03F4  2BF6               	goto	u3691
  9349     03F5  2BF7               	goto	u3690
  9350     03F6                     u3691:
  9351     03F6  2BEB               	goto	l4331
  9352     03F7                     u3690:
  9353     03F7                     l4333:
  9354                           
  9355                           ;LCD/lcd.c: 72:   WriteI2C(lc | 0x08 | 0x04 | mode); while ((SSP1CON2 & 0x1F) | (SSP1STA
      +                          Tbits.R_W));
  9356     03F7  0878               	movf	LCDsend2x4@lc,w
  9357     03F8  0474               	iorwf	LCDsend2x4@mode,w
  9358     03F9  380C               	iorlw	12
  9359     03FA  3186  2639  3183   	fcall	_WriteI2C
  9360     03FD                     l4335:
  9361     03FD  0023               	movlb	3	; select bank3
  9362     03FE  0C0F               	rrf	15,w	;volatile
  9363     03FF  0C89               	rrf	9,f
  9364     0400  3901               	andlw	1
  9365     0401  00F5               	movwf	??_LCDsend2x4
  9366     0402  0811               	movf	17,w	;volatile
  9367     0403  391F               	andlw	31
  9368     0404  0475               	iorwf	??_LCDsend2x4,w
  9369     0405  1D03               	btfss	3,2
  9370     0406  2C08               	goto	u3701
  9371     0407  2C09               	goto	u3700
  9372     0408                     u3701:
  9373     0408  2BFD               	goto	l4335
  9374     0409                     u3700:
  9375     0409                     l220:
  9376                           
  9377                           ;LCD/lcd.c: 73:   _delay((unsigned long)((1)*(4000000/4000000.0)));
  9378     0409  0000               	nop
  9379     040A                     l4337:
  9380                           
  9381                           ;LCD/lcd.c: 74:   WriteI2C(lc | 0x08 | mode); while ((SSP1CON2 & 0x1F) | (SSP1STATbits.R
      +                          _W));
  9382     040A  0878               	movf	LCDsend2x4@lc,w
  9383     040B  0474               	iorwf	LCDsend2x4@mode,w
  9384     040C  3808               	iorlw	8
  9385     040D  3186  2639  3183   	fcall	_WriteI2C
  9386     0410                     l4339:
  9387     0410  0023               	movlb	3	; select bank3
  9388     0411  0C0F               	rrf	15,w	;volatile
  9389     0412  0C89               	rrf	9,f
  9390     0413  3901               	andlw	1
  9391     0414  00F5               	movwf	??_LCDsend2x4
  9392     0415  0811               	movf	17,w	;volatile
  9393     0416  391F               	andlw	31
  9394     0417  0475               	iorwf	??_LCDsend2x4,w
  9395     0418  1D03               	btfss	3,2
  9396     0419  2C1B               	goto	u3711
  9397     041A  2C1C               	goto	u3710
  9398     041B                     u3711:
  9399     041B  2C10               	goto	l4339
  9400     041C                     u3710:
  9401     041C                     l224:	
  9402                           ;LCD/lcd.c: 75:   do { SSP1CON2bits.PEN = 1;while(SSP1CON2bits.PEN); } while (0);
  9403                           
  9404     041C  1511               	bsf	17,2	;volatile
  9405     041D                     l225:
  9406     041D  1911               	btfsc	17,2	;volatile
  9407     041E  2C20               	goto	u3721
  9408     041F  2C21               	goto	u3720
  9409     0420                     u3721:
  9410     0420  2C1D               	goto	l225
  9411     0421                     u3720:
  9412     0421                     l4341:
  9413                           
  9414                           ;LCD/lcd.c: 76:   _delay((unsigned long)((50)*(4000000/4000000.0)));
  9415     0421  3010               	movlw	16
  9416     0422                     u4517:
  9417     0422  0B89               	decfsz	9,f
  9418     0423  2C22               	goto	u4517
  9419     0424  3200               	nop2
  9420     0425                     l229:
  9421     0425  0008               	return
  9422     0426                     __end_of_LCDsend2x4:
  9423                           
  9424                           	psect	text27
  9425     0F51                     __ptext27:	
  9426 ;; *************** function _LCDbusy *****************
  9427 ;; Defined at:
  9428 ;;		line 119 in file "LCD/lcd.c"
  9429 ;; Parameters:    Size  Location     Type
  9430 ;;		None
  9431 ;; Auto vars:     Size  Location     Type
  9432 ;;		None
  9433 ;; Return value:  Size  Location     Type
  9434 ;;                  2    0[BANK0 ] int 
  9435 ;; Registers used:
  9436 ;;		wreg, status,2, status,0, pclath, cstack
  9437 ;; Tracked objects:
  9438 ;;		On entry : 0/0
  9439 ;;		On exit  : 0/0
  9440 ;;		Unchanged: 0/0
  9441 ;; Data sizes:     COMMON   BANK0   BANK1   BANK2   BANK3   BANK4   BANK5   BANK6   BANK7   BANK8   BANK9  BANK10  BANK1
      +1  BANK12
  9442 ;;      Params:         0       2       0       0       0       0       0       0       0       0       0       0       
      +0       0
  9443 ;;      Locals:         0       0       0       0       0       0       0       0       0       0       0       0       
      +0       0
  9444 ;;      Temps:          0       0       0       0       0       0       0       0       0       0       0       0       
      +0       0
  9445 ;;      Totals:         0       2       0       0       0       0       0       0       0       0       0       0       
      +0       0
  9446 ;;Total ram usage:        2 bytes
  9447 ;; Hardware stack levels used: 1
  9448 ;; Hardware stack levels required when called: 5
  9449 ;; This function calls:
  9450 ;;		_LCDrecv
  9451 ;; This function is called by:
  9452 ;;		_main
  9453 ;; This function uses a non-reentrant model
  9454 ;;
  9455                           
  9456     0F51                     _LCDbusy:	
  9457                           ;psect for function _LCDbusy
  9458                           
  9459     0F51                     l4643:	
  9460                           ;incstack = 0
  9461                           ; Regs used in _LCDbusy: [wreg+status,2+status,0+pclath+cstack]
  9462                           
  9463                           
  9464                           ;LCD/lcd.c: 121:   if(LCDrecv(0) & 0x80) return 1;
  9465     0F51  3000               	movlw	0
  9466     0F52  3180  2036  318F   	fcall	_LCDrecv
  9467     0F55  3980               	andlw	128
  9468     0F56  1903               	btfsc	3,2
  9469     0F57  2F59               	goto	u4121
  9470     0F58  2F5A               	goto	u4120
  9471     0F59                     u4121:
  9472     0F59  2F60               	goto	l4649
  9473     0F5A                     u4120:
  9474     0F5A                     l4645:
  9475     0F5A  3001               	movlw	1
  9476     0F5B  0020               	movlb	0	; select bank0
  9477     0F5C  00A0               	movwf	?_LCDbusy
  9478     0F5D  3000               	movlw	0
  9479     0F5E  00A1               	movwf	?_LCDbusy+1
  9480     0F5F  2F63               	goto	l248
  9481     0F60                     l4649:
  9482                           
  9483                           ;LCD/lcd.c: 122:   return 0;
  9484     0F60  0020               	movlb	0	; select bank0
  9485     0F61  01A0               	clrf	?_LCDbusy
  9486     0F62  01A1               	clrf	?_LCDbusy+1
  9487     0F63                     l248:
  9488     0F63  0008               	return
  9489     0F64                     __end_of_LCDbusy:
  9490                           
  9491                           	psect	text28
  9492     0036                     __ptext28:	
  9493 ;; *************** function _LCDrecv *****************
  9494 ;; Defined at:
  9495 ;;		line 25 in file "LCD/lcd.c"
  9496 ;; Parameters:    Size  Location     Type
  9497 ;;  mode            1    wreg     unsigned char 
  9498 ;; Auto vars:     Size  Location     Type
  9499 ;;  mode            1    8[COMMON] unsigned char 
  9500 ;;  lc              1    7[COMMON] unsigned char 
  9501 ;;  hc              1    6[COMMON] unsigned char 
  9502 ;; Return value:  Size  Location     Type
  9503 ;;                  1    wreg      unsigned char 
  9504 ;; Registers used:
  9505 ;;		wreg, status,2, status,0, pclath, cstack
  9506 ;; Tracked objects:
  9507 ;;		On entry : 0/0
  9508 ;;		On exit  : 0/0
  9509 ;;		Unchanged: 0/0
  9510 ;; Data sizes:     COMMON   BANK0   BANK1   BANK2   BANK3   BANK4   BANK5   BANK6   BANK7   BANK8   BANK9  BANK10  BANK1
      +1  BANK12
  9511 ;;      Params:         0       0       0       0       0       0       0       0       0       0       0       0       
      +0       0
  9512 ;;      Locals:         3       0       0       0       0       0       0       0       0       0       0       0       
      +0       0
  9513 ;;      Temps:          2       0       0       0       0       0       0       0       0       0       0       0       
      +0       0
  9514 ;;      Totals:         5       0       0       0       0       0       0       0       0       0       0       0       
      +0       0
  9515 ;;Total ram usage:        5 bytes
  9516 ;; Hardware stack levels used: 1
  9517 ;; Hardware stack levels required when called: 4
  9518 ;; This function calls:
  9519 ;;		_ReadI2C
  9520 ;;		_WriteI2C
  9521 ;; This function is called by:
  9522 ;;		_LCDbusy
  9523 ;; This function uses a non-reentrant model
  9524 ;;
  9525                           
  9526     0036                     _LCDrecv:	
  9527                           ;psect for function _LCDrecv
  9528                           
  9529                           
  9530                           ;incstack = 0
  9531                           ; Regs used in _LCDrecv: [wreg+status,2+status,0+pclath+cstack]
  9532                           ;LCDrecv@mode stored from wreg
  9533     0036  00F8               	movwf	LCDrecv@mode
  9534     0037                     l4427:
  9535     0037                     l4429:	
  9536                           ;LCD/lcd.c: 25: unsigned char LCDrecv(unsigned char mode);LCD/lcd.c: 26: {;LCD/lcd.c: 27
      +                          :   unsigned char hc;;LCD/lcd.c: 28:   unsigned char lc;;LCD/lcd.c: 30:   while ((SSP1CO
      +                          N2 & 0x1F) | (SSP1STATbits.R_W));
  9537                           
  9538     0037  0023               	movlb	3	; select bank3
  9539     0038  0C0F               	rrf	15,w	;volatile
  9540     0039  0C89               	rrf	9,f
  9541     003A  3901               	andlw	1
  9542     003B  00F4               	movwf	??_LCDrecv
  9543     003C  0811               	movf	17,w	;volatile
  9544     003D  391F               	andlw	31
  9545     003E  0474               	iorwf	??_LCDrecv,w
  9546     003F  1D03               	btfss	3,2
  9547     0040  2842               	goto	u3831
  9548     0041  2843               	goto	u3830
  9549     0042                     u3831:
  9550     0042  2837               	goto	l4429
  9551     0043                     u3830:
  9552     0043                     l98:	
  9553                           ;LCD/lcd.c: 31:   do { SSP1CON2bits.SEN=1;while(SSP1CON2bits.SEN); } while (0); while ((
      +                          SSP1CON2 & 0x1F) | (SSP1STATbits.R_W));
  9554                           
  9555     0043  1411               	bsf	17,0	;volatile
  9556     0044                     l99:
  9557     0044  1811               	btfsc	17,0	;volatile
  9558     0045  2847               	goto	u3841
  9559     0046  2848               	goto	u3840
  9560     0047                     u3841:
  9561     0047  2844               	goto	l99
  9562     0048                     u3840:
  9563     0048                     l4431:
  9564     0048  0C0F               	rrf	15,w	;volatile
  9565     0049  0C89               	rrf	9,f
  9566     004A  3901               	andlw	1
  9567     004B  00F4               	movwf	??_LCDrecv
  9568     004C  0811               	movf	17,w	;volatile
  9569     004D  391F               	andlw	31
  9570     004E  0474               	iorwf	??_LCDrecv,w
  9571     004F  1D03               	btfss	3,2
  9572     0050  2852               	goto	u3851
  9573     0051  2853               	goto	u3850
  9574     0052                     u3851:
  9575     0052  2848               	goto	l4431
  9576     0053                     u3850:
  9577     0053                     l4433:
  9578                           
  9579                           ;LCD/lcd.c: 32:   WriteI2C(0x4e | 0x00); while ((SSP1CON2 & 0x1F) | (SSP1STATbits.R_W));
  9580     0053  304E               	movlw	78
  9581     0054  3186  2639  3180   	fcall	_WriteI2C
  9582     0057                     l4435:
  9583     0057  0023               	movlb	3	; select bank3
  9584     0058  0C0F               	rrf	15,w	;volatile
  9585     0059  0C89               	rrf	9,f
  9586     005A  3901               	andlw	1
  9587     005B  00F4               	movwf	??_LCDrecv
  9588     005C  0811               	movf	17,w	;volatile
  9589     005D  391F               	andlw	31
  9590     005E  0474               	iorwf	??_LCDrecv,w
  9591     005F  1D03               	btfss	3,2
  9592     0060  2862               	goto	u3861
  9593     0061  2863               	goto	u3860
  9594     0062                     u3861:
  9595     0062  2857               	goto	l4435
  9596     0063                     u3860:
  9597     0063                     l4437:
  9598                           
  9599                           ;LCD/lcd.c: 33:   WriteI2C(0xf0 | 0x08 | 0x02 | mode); while ((SSP1CON2 & 0x1F) | (SSP1S
      +                          TATbits.R_W));
  9600     0063  0878               	movf	LCDrecv@mode,w
  9601     0064  38FA               	iorlw	250
  9602     0065  3186  2639  3180   	fcall	_WriteI2C
  9603     0068                     l4439:
  9604     0068  0023               	movlb	3	; select bank3
  9605     0069  0C0F               	rrf	15,w	;volatile
  9606     006A  0C89               	rrf	9,f
  9607     006B  3901               	andlw	1
  9608     006C  00F4               	movwf	??_LCDrecv
  9609     006D  0811               	movf	17,w	;volatile
  9610     006E  391F               	andlw	31
  9611     006F  0474               	iorwf	??_LCDrecv,w
  9612     0070  1D03               	btfss	3,2
  9613     0071  2873               	goto	u3871
  9614     0072  2874               	goto	u3870
  9615     0073                     u3871:
  9616     0073  2868               	goto	l4439
  9617     0074                     u3870:
  9618     0074                     l4441:
  9619                           
  9620                           ;LCD/lcd.c: 34:   WriteI2C(0xf0 | 0x08 | 0x04 | 0x02 | mode); while ((SSP1CON2 & 0x1F) |
      +                           (SSP1STATbits.R_W));
  9621     0074  0878               	movf	LCDrecv@mode,w
  9622     0075  38FE               	iorlw	254
  9623     0076  3186  2639  3180   	fcall	_WriteI2C
  9624     0079                     l4443:
  9625     0079  0023               	movlb	3	; select bank3
  9626     007A  0C0F               	rrf	15,w	;volatile
  9627     007B  0C89               	rrf	9,f
  9628     007C  3901               	andlw	1
  9629     007D  00F4               	movwf	??_LCDrecv
  9630     007E  0811               	movf	17,w	;volatile
  9631     007F  391F               	andlw	31
  9632     0080  0474               	iorwf	??_LCDrecv,w
  9633     0081  1D03               	btfss	3,2
  9634     0082  2884               	goto	u3881
  9635     0083  2885               	goto	u3880
  9636     0084                     u3881:
  9637     0084  2879               	goto	l4443
  9638     0085                     u3880:
  9639     0085                     l114:
  9640                           
  9641                           ;LCD/lcd.c: 35:   _delay((unsigned long)((1)*(4000000/4000000.0)));
  9642     0085  0000               	nop
  9643     0086                     l115:	
  9644                           ;LCD/lcd.c: 36:   do { SSP1CON2bits.RSEN=1;while(SSP1CON2bits.RSEN); } while (0); while 
      +                          ((SSP1CON2 & 0x1F) | (SSP1STATbits.R_W));
  9645                           
  9646     0086  0023               	movlb	3	; select bank3
  9647     0087  1491               	bsf	17,1	;volatile
  9648     0088                     l116:
  9649     0088  1891               	btfsc	17,1	;volatile
  9650     0089  288B               	goto	u3891
  9651     008A  288C               	goto	u3890
  9652     008B                     u3891:
  9653     008B  2888               	goto	l116
  9654     008C                     u3890:
  9655     008C                     l4445:
  9656     008C  0C0F               	rrf	15,w	;volatile
  9657     008D  0C89               	rrf	9,f
  9658     008E  3901               	andlw	1
  9659     008F  00F4               	movwf	??_LCDrecv
  9660     0090  0811               	movf	17,w	;volatile
  9661     0091  391F               	andlw	31
  9662     0092  0474               	iorwf	??_LCDrecv,w
  9663     0093  1D03               	btfss	3,2
  9664     0094  2896               	goto	u3901
  9665     0095  2897               	goto	u3900
  9666     0096                     u3901:
  9667     0096  288C               	goto	l4445
  9668     0097                     u3900:
  9669     0097                     l4447:
  9670                           
  9671                           ;LCD/lcd.c: 37:   WriteI2C(0x4e | 0x01); while ((SSP1CON2 & 0x1F) | (SSP1STATbits.R_W));
  9672     0097  304F               	movlw	79
  9673     0098  3186  2639  3180   	fcall	_WriteI2C
  9674     009B                     l4449:
  9675     009B  0023               	movlb	3	; select bank3
  9676     009C  0C0F               	rrf	15,w	;volatile
  9677     009D  0C89               	rrf	9,f
  9678     009E  3901               	andlw	1
  9679     009F  00F4               	movwf	??_LCDrecv
  9680     00A0  0811               	movf	17,w	;volatile
  9681     00A1  391F               	andlw	31
  9682     00A2  0474               	iorwf	??_LCDrecv,w
  9683     00A3  1D03               	btfss	3,2
  9684     00A4  28A6               	goto	u3911
  9685     00A5  28A7               	goto	u3910
  9686     00A6                     u3911:
  9687     00A6  289B               	goto	l4449
  9688     00A7                     u3910:
  9689     00A7                     l4451:
  9690                           
  9691                           ;LCD/lcd.c: 38:   hc = ReadI2C(); while ((SSP1CON2 & 0x1F) | (SSP1STATbits.R_W));
  9692     00A7  318F  278D  3180   	fcall	_ReadI2C
  9693     00AA  00F6               	movwf	LCDrecv@hc
  9694     00AB                     l4453:
  9695     00AB  0023               	movlb	3	; select bank3
  9696     00AC  0C0F               	rrf	15,w	;volatile
  9697     00AD  0C89               	rrf	9,f
  9698     00AE  3901               	andlw	1
  9699     00AF  00F4               	movwf	??_LCDrecv
  9700     00B0  0811               	movf	17,w	;volatile
  9701     00B1  391F               	andlw	31
  9702     00B2  0474               	iorwf	??_LCDrecv,w
  9703     00B3  1D03               	btfss	3,2
  9704     00B4  28B6               	goto	u3921
  9705     00B5  28B7               	goto	u3920
  9706     00B6                     u3921:
  9707     00B6  28AB               	goto	l4453
  9708     00B7                     u3920:
  9709     00B7                     l129:	
  9710                           ;LCD/lcd.c: 39:   do { SSP1CON2bits.ACKDT=1;SSP1CON2bits.ACKEN=1;while(SSP1CON2bits.ACKE
      +                          N); } while (0);
  9711                           
  9712     00B7  1691               	bsf	17,5	;volatile
  9713     00B8  1611               	bsf	17,4	;volatile
  9714     00B9                     l130:
  9715     00B9  1A11               	btfsc	17,4	;volatile
  9716     00BA  28BC               	goto	u3931
  9717     00BB  28BD               	goto	u3930
  9718     00BC                     u3931:
  9719     00BC  28B9               	goto	l130
  9720     00BD                     u3930:
  9721     00BD                     l134:	
  9722                           ;LCD/lcd.c: 40:   do { SSP1CON2bits.RSEN=1;while(SSP1CON2bits.RSEN); } while (0); while 
      +                          ((SSP1CON2 & 0x1F) | (SSP1STATbits.R_W));
  9723                           
  9724     00BD  1491               	bsf	17,1	;volatile
  9725     00BE                     l135:
  9726     00BE  1891               	btfsc	17,1	;volatile
  9727     00BF  28C1               	goto	u3941
  9728     00C0  28C2               	goto	u3940
  9729     00C1                     u3941:
  9730     00C1  28BE               	goto	l135
  9731     00C2                     u3940:
  9732     00C2                     l4455:
  9733     00C2  0C0F               	rrf	15,w	;volatile
  9734     00C3  0C89               	rrf	9,f
  9735     00C4  3901               	andlw	1
  9736     00C5  00F4               	movwf	??_LCDrecv
  9737     00C6  0811               	movf	17,w	;volatile
  9738     00C7  391F               	andlw	31
  9739     00C8  0474               	iorwf	??_LCDrecv,w
  9740     00C9  1D03               	btfss	3,2
  9741     00CA  28CC               	goto	u3951
  9742     00CB  28CD               	goto	u3950
  9743     00CC                     u3951:
  9744     00CC  28C2               	goto	l4455
  9745     00CD                     u3950:
  9746     00CD                     l4457:
  9747                           
  9748                           ;LCD/lcd.c: 41:   WriteI2C(0x4e | 0x00); while ((SSP1CON2 & 0x1F) | (SSP1STATbits.R_W));
  9749     00CD  304E               	movlw	78
  9750     00CE  3186  2639  3180   	fcall	_WriteI2C
  9751     00D1                     l4459:
  9752     00D1  0023               	movlb	3	; select bank3
  9753     00D2  0C0F               	rrf	15,w	;volatile
  9754     00D3  0C89               	rrf	9,f
  9755     00D4  3901               	andlw	1
  9756     00D5  00F4               	movwf	??_LCDrecv
  9757     00D6  0811               	movf	17,w	;volatile
  9758     00D7  391F               	andlw	31
  9759     00D8  0474               	iorwf	??_LCDrecv,w
  9760     00D9  1D03               	btfss	3,2
  9761     00DA  28DC               	goto	u3961
  9762     00DB  28DD               	goto	u3960
  9763     00DC                     u3961:
  9764     00DC  28D1               	goto	l4459
  9765     00DD                     u3960:
  9766     00DD                     l4461:
  9767                           
  9768                           ;LCD/lcd.c: 42:   WriteI2C(0xf0 | 0x08 | 0x02 | mode); while ((SSP1CON2 & 0x1F) | (SSP1S
      +                          TATbits.R_W));
  9769     00DD  0878               	movf	LCDrecv@mode,w
  9770     00DE  38FA               	iorlw	250
  9771     00DF  3186  2639  3180   	fcall	_WriteI2C
  9772     00E2                     l4463:
  9773     00E2  0023               	movlb	3	; select bank3
  9774     00E3  0C0F               	rrf	15,w	;volatile
  9775     00E4  0C89               	rrf	9,f
  9776     00E5  3901               	andlw	1
  9777     00E6  00F4               	movwf	??_LCDrecv
  9778     00E7  0811               	movf	17,w	;volatile
  9779     00E8  391F               	andlw	31
  9780     00E9  0474               	iorwf	??_LCDrecv,w
  9781     00EA  1D03               	btfss	3,2
  9782     00EB  28ED               	goto	u3971
  9783     00EC  28EE               	goto	u3970
  9784     00ED                     u3971:
  9785     00ED  28E2               	goto	l4463
  9786     00EE                     u3970:
  9787     00EE                     l4465:
  9788                           
  9789                           ;LCD/lcd.c: 43:   WriteI2C(0xf0 | 0x08 | 0x04 | 0x02 | mode); while ((SSP1CON2 & 0x1F) |
      +                           (SSP1STATbits.R_W));
  9790     00EE  0878               	movf	LCDrecv@mode,w
  9791     00EF  38FE               	iorlw	254
  9792     00F0  3186  2639  3180   	fcall	_WriteI2C
  9793     00F3                     l4467:
  9794     00F3  0023               	movlb	3	; select bank3
  9795     00F4  0C0F               	rrf	15,w	;volatile
  9796     00F5  0C89               	rrf	9,f
  9797     00F6  3901               	andlw	1
  9798     00F7  00F4               	movwf	??_LCDrecv
  9799     00F8  0811               	movf	17,w	;volatile
  9800     00F9  391F               	andlw	31
  9801     00FA  0474               	iorwf	??_LCDrecv,w
  9802     00FB  1D03               	btfss	3,2
  9803     00FC  28FE               	goto	u3981
  9804     00FD  28FF               	goto	u3980
  9805     00FE                     u3981:
  9806     00FE  28F3               	goto	l4467
  9807     00FF                     u3980:
  9808     00FF                     l150:
  9809                           
  9810                           ;LCD/lcd.c: 44:   _delay((unsigned long)((1)*(4000000/4000000.0)));
  9811     00FF  0000               	nop
  9812     0100                     l151:	
  9813                           ;LCD/lcd.c: 45:   do { SSP1CON2bits.RSEN=1;while(SSP1CON2bits.RSEN); } while (0); while 
      +                          ((SSP1CON2 & 0x1F) | (SSP1STATbits.R_W));
  9814                           
  9815     0100  0023               	movlb	3	; select bank3
  9816     0101  1491               	bsf	17,1	;volatile
  9817     0102                     l152:
  9818     0102  1891               	btfsc	17,1	;volatile
  9819     0103  2905               	goto	u3991
  9820     0104  2906               	goto	u3990
  9821     0105                     u3991:
  9822     0105  2902               	goto	l152
  9823     0106                     u3990:
  9824     0106                     l4469:
  9825     0106  0C0F               	rrf	15,w	;volatile
  9826     0107  0C89               	rrf	9,f
  9827     0108  3901               	andlw	1
  9828     0109  00F4               	movwf	??_LCDrecv
  9829     010A  0811               	movf	17,w	;volatile
  9830     010B  391F               	andlw	31
  9831     010C  0474               	iorwf	??_LCDrecv,w
  9832     010D  1D03               	btfss	3,2
  9833     010E  2910               	goto	u4001
  9834     010F  2911               	goto	u4000
  9835     0110                     u4001:
  9836     0110  2906               	goto	l4469
  9837     0111                     u4000:
  9838     0111                     l4471:
  9839                           
  9840                           ;LCD/lcd.c: 46:   WriteI2C(0x4e | 0x01); while ((SSP1CON2 & 0x1F) | (SSP1STATbits.R_W));
  9841     0111  304F               	movlw	79
  9842     0112  3186  2639  3180   	fcall	_WriteI2C
  9843     0115                     l4473:
  9844     0115  0023               	movlb	3	; select bank3
  9845     0116  0C0F               	rrf	15,w	;volatile
  9846     0117  0C89               	rrf	9,f
  9847     0118  3901               	andlw	1
  9848     0119  00F4               	movwf	??_LCDrecv
  9849     011A  0811               	movf	17,w	;volatile
  9850     011B  391F               	andlw	31
  9851     011C  0474               	iorwf	??_LCDrecv,w
  9852     011D  1D03               	btfss	3,2
  9853     011E  2920               	goto	u4011
  9854     011F  2921               	goto	u4010
  9855     0120                     u4011:
  9856     0120  2915               	goto	l4473
  9857     0121                     u4010:
  9858     0121                     l4475:
  9859                           
  9860                           ;LCD/lcd.c: 47:   lc = ReadI2C(); while ((SSP1CON2 & 0x1F) | (SSP1STATbits.R_W));
  9861     0121  318F  278D  3180   	fcall	_ReadI2C
  9862     0124  00F7               	movwf	LCDrecv@lc
  9863     0125                     l4477:
  9864     0125  0023               	movlb	3	; select bank3
  9865     0126  0C0F               	rrf	15,w	;volatile
  9866     0127  0C89               	rrf	9,f
  9867     0128  3901               	andlw	1
  9868     0129  00F4               	movwf	??_LCDrecv
  9869     012A  0811               	movf	17,w	;volatile
  9870     012B  391F               	andlw	31
  9871     012C  0474               	iorwf	??_LCDrecv,w
  9872     012D  1D03               	btfss	3,2
  9873     012E  2930               	goto	u4021
  9874     012F  2931               	goto	u4020
  9875     0130                     u4021:
  9876     0130  2925               	goto	l4477
  9877     0131                     u4020:
  9878     0131                     l165:	
  9879                           ;LCD/lcd.c: 48:   do { SSP1CON2bits.ACKDT=1;SSP1CON2bits.ACKEN=1;while(SSP1CON2bits.ACKE
      +                          N); } while (0);
  9880                           
  9881     0131  1691               	bsf	17,5	;volatile
  9882     0132  1611               	bsf	17,4	;volatile
  9883     0133                     l166:
  9884     0133  1A11               	btfsc	17,4	;volatile
  9885     0134  2936               	goto	u4031
  9886     0135  2937               	goto	u4030
  9887     0136                     u4031:
  9888     0136  2933               	goto	l166
  9889     0137                     u4030:
  9890     0137                     l170:	
  9891                           ;LCD/lcd.c: 49:   do { SSP1CON2bits.RSEN=1;while(SSP1CON2bits.RSEN); } while (0); while 
      +                          ((SSP1CON2 & 0x1F) | (SSP1STATbits.R_W));
  9892                           
  9893     0137  1491               	bsf	17,1	;volatile
  9894     0138                     l171:
  9895     0138  1891               	btfsc	17,1	;volatile
  9896     0139  293B               	goto	u4041
  9897     013A  293C               	goto	u4040
  9898     013B                     u4041:
  9899     013B  2938               	goto	l171
  9900     013C                     u4040:
  9901     013C                     l4479:
  9902     013C  0C0F               	rrf	15,w	;volatile
  9903     013D  0C89               	rrf	9,f
  9904     013E  3901               	andlw	1
  9905     013F  00F4               	movwf	??_LCDrecv
  9906     0140  0811               	movf	17,w	;volatile
  9907     0141  391F               	andlw	31
  9908     0142  0474               	iorwf	??_LCDrecv,w
  9909     0143  1D03               	btfss	3,2
  9910     0144  2946               	goto	u4051
  9911     0145  2947               	goto	u4050
  9912     0146                     u4051:
  9913     0146  293C               	goto	l4479
  9914     0147                     u4050:
  9915     0147                     l4481:
  9916                           
  9917                           ;LCD/lcd.c: 50:   WriteI2C(0x4e | 0x00); while ((SSP1CON2 & 0x1F) | (SSP1STATbits.R_W));
  9918     0147  304E               	movlw	78
  9919     0148  3186  2639  3180   	fcall	_WriteI2C
  9920     014B                     l4483:
  9921     014B  0023               	movlb	3	; select bank3
  9922     014C  0C0F               	rrf	15,w	;volatile
  9923     014D  0C89               	rrf	9,f
  9924     014E  3901               	andlw	1
  9925     014F  00F4               	movwf	??_LCDrecv
  9926     0150  0811               	movf	17,w	;volatile
  9927     0151  391F               	andlw	31
  9928     0152  0474               	iorwf	??_LCDrecv,w
  9929     0153  1D03               	btfss	3,2
  9930     0154  2956               	goto	u4061
  9931     0155  2957               	goto	u4060
  9932     0156                     u4061:
  9933     0156  294B               	goto	l4483
  9934     0157                     u4060:
  9935     0157                     l4485:
  9936                           
  9937                           ;LCD/lcd.c: 51:   WriteI2C(0xf0 | 0x08 | 0x02 | mode); while ((SSP1CON2 & 0x1F) | (SSP1S
      +                          TATbits.R_W));
  9938     0157  0878               	movf	LCDrecv@mode,w
  9939     0158  38FA               	iorlw	250
  9940     0159  3186  2639  3180   	fcall	_WriteI2C
  9941     015C                     l4487:
  9942     015C  0023               	movlb	3	; select bank3
  9943     015D  0C0F               	rrf	15,w	;volatile
  9944     015E  0C89               	rrf	9,f
  9945     015F  3901               	andlw	1
  9946     0160  00F4               	movwf	??_LCDrecv
  9947     0161  0811               	movf	17,w	;volatile
  9948     0162  391F               	andlw	31
  9949     0163  0474               	iorwf	??_LCDrecv,w
  9950     0164  1D03               	btfss	3,2
  9951     0165  2967               	goto	u4071
  9952     0166  2968               	goto	u4070
  9953     0167                     u4071:
  9954     0167  295C               	goto	l4487
  9955     0168                     u4070:
  9956     0168                     l184:	
  9957                           ;LCD/lcd.c: 52:   do { SSP1CON2bits.PEN = 1;while(SSP1CON2bits.PEN); } while (0);
  9958                           
  9959     0168  1511               	bsf	17,2	;volatile
  9960     0169                     l185:
  9961     0169  1911               	btfsc	17,2	;volatile
  9962     016A  296C               	goto	u4081
  9963     016B  296D               	goto	u4080
  9964     016C                     u4081:
  9965     016C  2969               	goto	l185
  9966     016D                     u4080:
  9967     016D                     l4489:
  9968                           
  9969                           ;LCD/lcd.c: 53:   return ((hc&0xf0) | ((lc>>4)&0x0f));
  9970     016D  0877               	movf	LCDrecv@lc,w
  9971     016E  00F4               	movwf	??_LCDrecv
  9972     016F  3004               	movlw	4
  9973     0170                     u4095:
  9974     0170  36F4               	lsrf	??_LCDrecv,f
  9975     0171  0B89               	decfsz	9,f
  9976     0172  2970               	goto	u4095
  9977     0173  300F               	movlw	15
  9978     0174  0574               	andwf	??_LCDrecv,w
  9979     0175  00F5               	movwf	??_LCDrecv+1
  9980     0176  0876               	movf	LCDrecv@hc,w
  9981     0177  39F0               	andlw	240
  9982     0178  0475               	iorwf	??_LCDrecv+1,w
  9983     0179                     l189:
  9984     0179  0008               	return
  9985     017A                     __end_of_LCDrecv:
  9986                           
  9987                           	psect	text29
  9988     0639                     __ptext29:	
  9989 ;; *************** function _WriteI2C *****************
  9990 ;; Defined at:
  9991 ;;		line 59 in file "I2C/i2c.c"
  9992 ;; Parameters:    Size  Location     Type
  9993 ;;  data_out        1    wreg     unsigned char 
  9994 ;; Auto vars:     Size  Location     Type
  9995 ;;  data_out        1    3[COMMON] unsigned char 
  9996 ;; Return value:  Size  Location     Type
  9997 ;;                  1    wreg      char 
  9998 ;; Registers used:
  9999 ;;		wreg, status,2, status,0
 10000 ;; Tracked objects:
 10001 ;;		On entry : 0/0
 10002 ;;		On exit  : 0/0
 10003 ;;		Unchanged: 0/0
 10004 ;; Data sizes:     COMMON   BANK0   BANK1   BANK2   BANK3   BANK4   BANK5   BANK6   BANK7   BANK8   BANK9  BANK10  BANK1
      +1  BANK12
 10005 ;;      Params:         0       0       0       0       0       0       0       0       0       0       0       0       
      +0       0
 10006 ;;      Locals:         1       0       0       0       0       0       0       0       0       0       0       0       
      +0       0
 10007 ;;      Temps:          1       0       0       0       0       0       0       0       0       0       0       0       
      +0       0
 10008 ;;      Totals:         2       0       0       0       0       0       0       0       0       0       0       0       
      +0       0
 10009 ;;Total ram usage:        2 bytes
 10010 ;; Hardware stack levels used: 1
 10011 ;; Hardware stack levels required when called: 3
 10012 ;; This function calls:
 10013 ;;		Nothing
 10014 ;; This function is called by:
 10015 ;;		_LCDsend
 10016 ;;		_LCDrecv
 10017 ;;		_LCDsend2x4
 10018 ;;		_readTC74
 10019 ;; This function uses a non-reentrant model
 10020 ;;
 10021                           
 10022     0639                     _WriteI2C:	
 10023                           ;psect for function _WriteI2C
 10024                           
 10025                           
 10026                           ;incstack = 0
 10027                           ; Regs used in _WriteI2C: [wreg+status,2+status,0]
 10028                           ;WriteI2C@data_out stored from wreg
 10029     0639  00F3               	movwf	WriteI2C@data_out
 10030     063A                     l4219:
 10031                           
 10032                           ;I2C/i2c.c: 59: signed char WriteI2C( unsigned char data_out );I2C/i2c.c: 60: {;I2C/i2c.
      +                          c: 61:   SSP1BUF = data_out;
 10033     063A  0873               	movf	WriteI2C@data_out,w
 10034     063B  0023               	movlb	3	; select bank3
 10035     063C  008C               	movwf	12	;volatile
 10036     063D                     l4221:
 10037                           
 10038                           ;I2C/i2c.c: 62:   if ( SSP1CON1bits.WCOL )
 10039     063D  1F90               	btfss	16,7	;volatile
 10040     063E  2E40               	goto	u3421
 10041     063F  2E41               	goto	u3420
 10042     0640                     u3421:
 10043     0640  2E42               	goto	l4227
 10044     0641                     u3420:
 10045     0641  2E83               	goto	l36
 10046     0642                     l4227:
 10047                           
 10048                           ;I2C/i2c.c: 65:   {;I2C/i2c.c: 66:  if( ((SSP1CON1&0x0F)!=0x08) && ((SSP1CON1&0x0F)!=0x0
      +                          B) )
 10049     0642  300F               	movlw	15
 10050     0643  0510               	andwf	16,w	;volatile
 10051     0644  00F2               	movwf	??_WriteI2C
 10052     0645  3008               	movlw	8
 10053     0646  0672               	xorwf	??_WriteI2C,w
 10054     0647  1903               	btfsc	3,2
 10055     0648  2E4A               	goto	u3431
 10056     0649  2E4B               	goto	u3430
 10057     064A                     u3431:
 10058     064A  2E61               	goto	l4239
 10059     064B                     u3430:
 10060     064B                     l4229:
 10061     064B  300F               	movlw	15
 10062     064C  0510               	andwf	16,w	;volatile
 10063     064D  00F2               	movwf	??_WriteI2C
 10064     064E  300B               	movlw	11
 10065     064F  0672               	xorwf	??_WriteI2C,w
 10066     0650  1903               	btfsc	3,2
 10067     0651  2E53               	goto	u3441
 10068     0652  2E54               	goto	u3440
 10069     0653                     u3441:
 10070     0653  2E61               	goto	l4239
 10071     0654                     u3440:
 10072     0654                     l4231:
 10073                           
 10074                           ;I2C/i2c.c: 67:  {;I2C/i2c.c: 68:        SSP1CON1bits.CKP = 1;
 10075     0654  1610               	bsf	16,4	;volatile
 10076     0655                     l39:	
 10077                           ;I2C/i2c.c: 69:        while ( !PIR3bits.SSP1IF );
 10078                           
 10079     0655  002E               	movlb	14	; select bank14
 10080     0656  1C0F               	btfss	15,0	;volatile
 10081     0657  2E59               	goto	u3451
 10082     0658  2E5A               	goto	u3450
 10083     0659                     u3451:
 10084     0659  2E55               	goto	l39
 10085     065A                     u3450:
 10086     065A                     l41:
 10087                           
 10088                           ;I2C/i2c.c: 71:        if ( ( !SSP1STATbits.R_W ) && ( !SSP1STATbits.BF ) )
 10089     065A  0023               	movlb	3	; select bank3
 10090     065B  190F               	btfsc	15,2	;volatile
 10091     065C  2E5E               	goto	u3461
 10092     065D  2E5F               	goto	u3460
 10093     065E                     u3461:
 10094     065E  2E83               	goto	l36
 10095     065F                     u3460:
 10096     065F                     l4233:
 10097     065F  080F               	movf	15,w	;volatile
 10098     0660  2E83               	goto	l36
 10099     0661                     l4239:
 10100     0661  300F               	movlw	15
 10101     0662  0510               	andwf	16,w	;volatile
 10102     0663  00F2               	movwf	??_WriteI2C
 10103     0664  3008               	movlw	8
 10104     0665  0672               	xorwf	??_WriteI2C,w
 10105     0666  1903               	btfsc	3,2
 10106     0667  2E69               	goto	u3471
 10107     0668  2E6A               	goto	u3470
 10108     0669                     u3471:
 10109     0669  2E73               	goto	l48
 10110     066A                     u3470:
 10111     066A                     l4241:
 10112     066A  300F               	movlw	15
 10113     066B  0510               	andwf	16,w	;volatile
 10114     066C  00F2               	movwf	??_WriteI2C
 10115     066D  300B               	movlw	11
 10116     066E  0672               	xorwf	??_WriteI2C,w
 10117     066F  1D03               	btfss	3,2
 10118     0670  2E72               	goto	u3481
 10119     0671  2E73               	goto	u3480
 10120     0672                     u3481:
 10121     0672  2E83               	goto	l36
 10122     0673                     u3480:
 10123     0673                     l48:
 10124     0673  180F               	btfsc	15,0	;volatile
 10125     0674  2E76               	goto	u3491
 10126     0675  2E77               	goto	u3490
 10127     0676                     u3491:
 10128     0676  2E73               	goto	l48
 10129     0677                     u3490:
 10130     0677                     l4243:
 10131     0677  0C0F               	rrf	15,w	;volatile
 10132     0678  0C89               	rrf	9,f
 10133     0679  3901               	andlw	1
 10134     067A  00F2               	movwf	??_WriteI2C
 10135     067B  0811               	movf	17,w	;volatile
 10136     067C  391F               	andlw	31
 10137     067D  0472               	iorwf	??_WriteI2C,w
 10138     067E  1D03               	btfss	3,2
 10139     067F  2E81               	goto	u3501
 10140     0680  2E82               	goto	u3500
 10141     0681                     u3501:
 10142     0681  2E77               	goto	l4243
 10143     0682                     u3500:
 10144     0682                     l53:
 10145                           
 10146                           ;I2C/i2c.c: 84:      if ( SSP1CON2bits.ACKSTAT )
 10147     0682  0811               	movf	17,w	;volatile
 10148     0683                     l36:
 10149     0683  0008               	return
 10150     0684                     __end_of_WriteI2C:
 10151                           
 10152                           	psect	text30
 10153     0F8D                     __ptext30:	
 10154 ;; *************** function _ReadI2C *****************
 10155 ;; Defined at:
 10156 ;;		line 44 in file "I2C/i2c.c"
 10157 ;; Parameters:    Size  Location     Type
 10158 ;;		None
 10159 ;; Auto vars:     Size  Location     Type
 10160 ;;		None
 10161 ;; Return value:  Size  Location     Type
 10162 ;;                  1    wreg      unsigned char 
 10163 ;; Registers used:
 10164 ;;		wreg, status,2, status,0
 10165 ;; Tracked objects:
 10166 ;;		On entry : 0/0
 10167 ;;		On exit  : 0/0
 10168 ;;		Unchanged: 0/0
 10169 ;; Data sizes:     COMMON   BANK0   BANK1   BANK2   BANK3   BANK4   BANK5   BANK6   BANK7   BANK8   BANK9  BANK10  BANK1
      +1  BANK12
 10170 ;;      Params:         0       0       0       0       0       0       0       0       0       0       0       0       
      +0       0
 10171 ;;      Locals:         0       0       0       0       0       0       0       0       0       0       0       0       
      +0       0
 10172 ;;      Temps:          1       0       0       0       0       0       0       0       0       0       0       0       
      +0       0
 10173 ;;      Totals:         1       0       0       0       0       0       0       0       0       0       0       0       
      +0       0
 10174 ;;Total ram usage:        1 bytes
 10175 ;; Hardware stack levels used: 1
 10176 ;; Hardware stack levels required when called: 3
 10177 ;; This function calls:
 10178 ;;		Nothing
 10179 ;; This function is called by:
 10180 ;;		_LCDrecv
 10181 ;;		_readTC74
 10182 ;; This function uses a non-reentrant model
 10183 ;;
 10184                           
 10185     0F8D                     _ReadI2C:	
 10186                           ;psect for function _ReadI2C
 10187                           
 10188     0F8D                     l4297:	
 10189                           ;incstack = 0
 10190                           ; Regs used in _ReadI2C: [wreg+status,2+status,0]
 10191                           
 10192                           
 10193                           ;I2C/i2c.c: 46: if( ((SSP1CON1&0x0F)==0x08) || ((SSP1CON1&0x0F)==0x0B) )
 10194     0F8D  300F               	movlw	15
 10195     0F8E  0023               	movlb	3	; select bank3
 10196     0F8F  0510               	andwf	16,w	;volatile
 10197     0F90  00F2               	movwf	??_ReadI2C
 10198     0F91  3008               	movlw	8
 10199     0F92  0672               	xorwf	??_ReadI2C,w
 10200     0F93  1903               	btfsc	3,2
 10201     0F94  2F96               	goto	u3581
 10202     0F95  2F97               	goto	u3580
 10203     0F96                     u3581:
 10204     0F96  2FA0               	goto	l28
 10205     0F97                     u3580:
 10206     0F97                     l4299:
 10207     0F97  300F               	movlw	15
 10208     0F98  0510               	andwf	16,w	;volatile
 10209     0F99  00F2               	movwf	??_ReadI2C
 10210     0F9A  300B               	movlw	11
 10211     0F9B  0672               	xorwf	??_ReadI2C,w
 10212     0F9C  1D03               	btfss	3,2
 10213     0F9D  2F9F               	goto	u3591
 10214     0F9E  2FA0               	goto	u3590
 10215     0F9F                     u3591:
 10216     0F9F  2FA1               	goto	l29
 10217     0FA0                     u3590:
 10218     0FA0                     l28:
 10219                           
 10220                           ;I2C/i2c.c: 47:   SSP1CON2bits.RCEN = 1;
 10221     0FA0  1591               	bsf	17,3	;volatile
 10222     0FA1                     l29:
 10223     0FA1  1C0F               	btfss	15,0	;volatile
 10224     0FA2  2FA4               	goto	u3601
 10225     0FA3  2FA5               	goto	u3600
 10226     0FA4                     u3601:
 10227     0FA4  2FA1               	goto	l29
 10228     0FA5                     u3600:
 10229     0FA5                     l4301:
 10230                           
 10231                           ;I2C/i2c.c: 49:   return ( SSP1BUF );
 10232     0FA5  080C               	movf	12,w	;volatile
 10233     0FA6                     l32:
 10234     0FA6  0008               	return
 10235     0FA7                     __end_of_ReadI2C:
 10236                           
 10237                           	psect	intentry
 10238     0004                     __pintentry:	
 10239 ;; *************** function _INTERRUPT_InterruptManager *****************
 10240 ;; Defined at:
 10241 ;;		line 52 in file "mcc_generated_files/interrupt_manager.c"
 10242 ;; Parameters:    Size  Location     Type
 10243 ;;		None
 10244 ;; Auto vars:     Size  Location     Type
 10245 ;;		None
 10246 ;; Return value:  Size  Location     Type
 10247 ;;                  1    wreg      void 
 10248 ;; Registers used:
 10249 ;;		wreg, status,2, status,0, pclath, cstack
 10250 ;; Tracked objects:
 10251 ;;		On entry : 0/0
 10252 ;;		On exit  : 0/0
 10253 ;;		Unchanged: 0/0
 10254 ;; Data sizes:     COMMON   BANK0   BANK1   BANK2   BANK3   BANK4   BANK5   BANK6   BANK7   BANK8   BANK9  BANK10  BANK1
      +1  BANK12
 10255 ;;      Params:         0       0       0       0       0       0       0       0       0       0       0       0       
      +0       0
 10256 ;;      Locals:         0       0       0       0       0       0       0       0       0       0       0       0       
      +0       0
 10257 ;;      Temps:          0       0       0       0       0       0       0       0       0       0       0       0       
      +0       0
 10258 ;;      Totals:         0       0       0       0       0       0       0       0       0       0       0       0       
      +0       0
 10259 ;;Total ram usage:        0 bytes
 10260 ;; Hardware stack levels used: 1
 10261 ;; Hardware stack levels required when called: 2
 10262 ;; This function calls:
 10263 ;;		_TMR1_ISR
 10264 ;; This function is called by:
 10265 ;;		Interrupt level 1
 10266 ;; This function uses a non-reentrant model
 10267 ;;
 10268                           
 10269     0004                     _INTERRUPT_InterruptManager:
 10270                           
 10271                           ;incstack = 0
 10272     0004  147E               	bsf	int$flags,0	;set compiler interrupt flag (level 1)
 10273                           
 10274                           ; Regs used in _INTERRUPT_InterruptManager: [wreg+status,2+status,0+pclath+cstack]
 10275     0005  3180               	pagesel	$
 10276     0006  3000               	movlw	low ___int_sp
 10277     0007  0086               	movwf	6
 10278     0008  3000               	movlw	high ___int_sp
 10279     0009  0087               	movwf	7
 10280     000A                     i1l4033:
 10281                           
 10282                           ;mcc_generated_files/interrupt_manager.c: 55:     if(INTCONbits.PEIE == 1)
 10283     000A  1F0B               	btfss	11,6	;volatile
 10284     000B  280D               	goto	u286_21
 10285     000C  280E               	goto	u286_20
 10286     000D                     u286_21:
 10287     000D  281A               	goto	i1l844
 10288     000E                     u286_20:
 10289     000E                     i1l4035:
 10290                           
 10291                           ;mcc_generated_files/interrupt_manager.c: 56:     {;mcc_generated_files/interrupt_manage
      +                          r.c: 57:         if(PIE4bits.TMR1IE == 1 && PIR4bits.TMR1IF == 1)
 10292     000E  002E               	movlb	14	; select bank14
 10293     000F  1C1A               	btfss	26,0	;volatile
 10294     0010  2812               	goto	u287_21
 10295     0011  2813               	goto	u287_20
 10296     0012                     u287_21:
 10297     0012  281A               	goto	i1l844
 10298     0013                     u287_20:
 10299     0013                     i1l4037:
 10300     0013  1C10               	btfss	16,0	;volatile
 10301     0014  2816               	goto	u288_21
 10302     0015  2817               	goto	u288_20
 10303     0016                     u288_21:
 10304     0016  281A               	goto	i1l844
 10305     0017                     u288_20:
 10306     0017                     i1l4039:
 10307                           
 10308                           ;mcc_generated_files/interrupt_manager.c: 58:         {;mcc_generated_files/interrupt_ma
      +                          nager.c: 59:             TMR1_ISR();
 10309     0017  318F  2777  3180   	fcall	_TMR1_ISR
 10310     001A                     i1l844:	
 10311                           ;mcc_generated_files/interrupt_manager.c: 60:         }
 10312                           
 10313     001A  107E               	bcf	int$flags,0	;clear compiler interrupt flag (level 1)
 10314     001B  0009               	retfie
 10315     001C                     __end_of_INTERRUPT_InterruptManager:
 10316                           
 10317                           	psect	text32
 10318     0F77                     __ptext32:	
 10319 ;; *************** function _TMR1_ISR *****************
 10320 ;; Defined at:
 10321 ;;		line 164 in file "mcc_generated_files/tmr1.c"
 10322 ;; Parameters:    Size  Location     Type
 10323 ;;		None
 10324 ;; Auto vars:     Size  Location     Type
 10325 ;;		None
 10326 ;; Return value:  Size  Location     Type
 10327 ;;                  1    wreg      void 
 10328 ;; Registers used:
 10329 ;;		wreg, status,2, status,0, pclath, cstack
 10330 ;; Tracked objects:
 10331 ;;		On entry : 0/0
 10332 ;;		On exit  : 0/0
 10333 ;;		Unchanged: 0/0
 10334 ;; Data sizes:     COMMON   BANK0   BANK1   BANK2   BANK3   BANK4   BANK5   BANK6   BANK7   BANK8   BANK9  BANK10  BANK1
      +1  BANK12
 10335 ;;      Params:         0       0       0       0       0       0       0       0       0       0       0       0       
      +0       0
 10336 ;;      Locals:         0       0       0       0       0       0       0       0       0       0       0       0       
      +0       0
 10337 ;;      Temps:          0       0       0       0       0       0       0       0       0       0       0       0       
      +0       0
 10338 ;;      Totals:         0       0       0       0       0       0       0       0       0       0       0       0       
      +0       0
 10339 ;;Total ram usage:        0 bytes
 10340 ;; Hardware stack levels used: 1
 10341 ;; Hardware stack levels required when called: 1
 10342 ;; This function calls:
 10343 ;;		NULL
 10344 ;;		_TMR1_DefaultInterruptHandler
 10345 ;;		_TMR1_WriteTimer
 10346 ;; This function is called by:
 10347 ;;		_INTERRUPT_InterruptManager
 10348 ;; This function uses a non-reentrant model
 10349 ;;
 10350                           
 10351     0F77                     _TMR1_ISR:	
 10352                           ;psect for function _TMR1_ISR
 10353                           
 10354     0F77                     i1l3477:	
 10355                           ;incstack = 0
 10356                           ; Regs used in _TMR1_ISR: [wreg+status,2+status,0+pclath+cstack]
 10357                           
 10358                           
 10359                           ;mcc_generated_files/tmr1.c: 168:     PIR4bits.TMR1IF = 0;
 10360     0F77  002E               	movlb	14	; select bank14
 10361     0F78  1010               	bcf	16,0	;volatile
 10362     0F79                     i1l3479:
 10363                           
 10364                           ;mcc_generated_files/tmr1.c: 169:     TMR1_WriteTimer(timer1ReloadVal);
 10365     0F79  087B               	movf	_timer1ReloadVal+1,w	;volatile
 10366     0F7A  00F1               	movwf	TMR1_WriteTimer@timerVal+1
 10367     0F7B  087A               	movf	_timer1ReloadVal,w	;volatile
 10368     0F7C  00F0               	movwf	TMR1_WriteTimer@timerVal
 10369     0F7D  318F  2740  318F   	fcall	_TMR1_WriteTimer
 10370     0F80                     i1l3481:
 10371                           
 10372                           ;mcc_generated_files/tmr1.c: 171:     if(TMR1_InterruptHandler)
 10373     0F80  0021               	movlb	1	; select bank1
 10374     0F81  0850               	movf	_TMR1_InterruptHandler^(0+128),w
 10375     0F82  0451               	iorwf	(_TMR1_InterruptHandler+1)^(0+128),w
 10376     0F83  1903               	btfsc	3,2
 10377     0F84  2F86               	goto	u257_21
 10378     0F85  2F87               	goto	u257_20
 10379     0F86                     u257_21:
 10380     0F86  2F8C               	goto	i1l904
 10381     0F87                     u257_20:
 10382     0F87                     i1l3483:
 10383                           
 10384                           ;mcc_generated_files/tmr1.c: 172:     {;mcc_generated_files/tmr1.c: 173:         TMR1_In
      +                          terruptHandler();
 10385     0F87  0851               	movf	(_TMR1_InterruptHandler+1)^(0+128),w
 10386     0F88  008A               	movwf	10
 10387     0F89  0850               	movf	_TMR1_InterruptHandler^(0+128),w
 10388     0F8A  000A               	callw
 10389     0F8B  318F               	pagesel	$
 10390     0F8C                     i1l904:
 10391     0F8C  0008               	return
 10392     0F8D                     __end_of_TMR1_ISR:
 10393                           
 10394                           	psect	text33
 10395     0F40                     __ptext33:	
 10396 ;; *************** function _TMR1_WriteTimer *****************
 10397 ;; Defined at:
 10398 ;;		line 127 in file "mcc_generated_files/tmr1.c"
 10399 ;; Parameters:    Size  Location     Type
 10400 ;;  timerVal        2    0[COMMON] unsigned short 
 10401 ;; Auto vars:     Size  Location     Type
 10402 ;;		None
 10403 ;; Return value:  Size  Location     Type
 10404 ;;                  1    wreg      void 
 10405 ;; Registers used:
 10406 ;;		wreg, status,2
 10407 ;; Tracked objects:
 10408 ;;		On entry : 0/0
 10409 ;;		On exit  : 0/0
 10410 ;;		Unchanged: 0/0
 10411 ;; Data sizes:     COMMON   BANK0   BANK1   BANK2   BANK3   BANK4   BANK5   BANK6   BANK7   BANK8   BANK9  BANK10  BANK1
      +1  BANK12
 10412 ;;      Params:         2       0       0       0       0       0       0       0       0       0       0       0       
      +0       0
 10413 ;;      Locals:         0       0       0       0       0       0       0       0       0       0       0       0       
      +0       0
 10414 ;;      Temps:          0       0       0       0       0       0       0       0       0       0       0       0       
      +0       0
 10415 ;;      Totals:         2       0       0       0       0       0       0       0       0       0       0       0       
      +0       0
 10416 ;;Total ram usage:        2 bytes
 10417 ;; Hardware stack levels used: 1
 10418 ;; This function calls:
 10419 ;;		Nothing
 10420 ;; This function is called by:
 10421 ;;		_TMR1_ISR
 10422 ;;		_TMR1_Reload
 10423 ;; This function uses a non-reentrant model
 10424 ;;
 10425                           
 10426     0F40                     _TMR1_WriteTimer:	
 10427                           ;psect for function _TMR1_WriteTimer
 10428                           
 10429     0F40                     i1l3383:	
 10430                           ;incstack = 0
 10431                           ; Regs used in _TMR1_WriteTimer: [wreg+status,2]
 10432                           
 10433                           
 10434                           ;mcc_generated_files/tmr1.c: 127: void TMR1_WriteTimer(uint16_t timerVal);mcc_generated_
      +                          files/tmr1.c: 128: {;mcc_generated_files/tmr1.c: 129:     if (T1CONbits.nT1SYNC == 1)
 10435     0F40  0024               	movlb	4	; select bank4
 10436     0F41  1D0E               	btfss	14,2	;volatile
 10437     0F42  2F44               	goto	u253_21
 10438     0F43  2F45               	goto	u253_20
 10439     0F44                     u253_21:
 10440     0F44  2F4C               	goto	i1l3393
 10441     0F45                     u253_20:
 10442     0F45                     i1l3385:
 10443                           
 10444                           ;mcc_generated_files/tmr1.c: 130:     {;mcc_generated_files/tmr1.c: 132:         T1CONbi
      +                          ts.TMR1ON = 0;
 10445     0F45  100E               	bcf	14,0	;volatile
 10446     0F46                     i1l3387:
 10447                           
 10448                           ;mcc_generated_files/tmr1.c: 135:         TMR1H = (timerVal >> 8);
 10449     0F46  0871               	movf	TMR1_WriteTimer@timerVal+1,w
 10450     0F47  008D               	movwf	13	;volatile
 10451     0F48                     i1l3389:
 10452                           
 10453                           ;mcc_generated_files/tmr1.c: 136:         TMR1L = timerVal;
 10454     0F48  0870               	movf	TMR1_WriteTimer@timerVal,w
 10455     0F49  008C               	movwf	12	;volatile
 10456     0F4A                     i1l3391:
 10457                           
 10458                           ;mcc_generated_files/tmr1.c: 139:         T1CONbits.TMR1ON =1;
 10459     0F4A  140E               	bsf	14,0	;volatile
 10460                           
 10461                           ;mcc_generated_files/tmr1.c: 140:     }
 10462     0F4B  2F50               	goto	i1l891
 10463     0F4C                     i1l3393:
 10464                           
 10465                           ;mcc_generated_files/tmr1.c: 142:     {;mcc_generated_files/tmr1.c: 144:         TMR1H =
      +                           (timerVal >> 8);
 10466     0F4C  0871               	movf	TMR1_WriteTimer@timerVal+1,w
 10467     0F4D  008D               	movwf	13	;volatile
 10468     0F4E                     i1l3395:
 10469                           
 10470                           ;mcc_generated_files/tmr1.c: 145:         TMR1L = timerVal;
 10471     0F4E  0870               	movf	TMR1_WriteTimer@timerVal,w
 10472     0F4F  008C               	movwf	12	;volatile
 10473     0F50                     i1l891:
 10474     0F50  0008               	return
 10475     0F51                     __end_of_TMR1_WriteTimer:
 10476                           
 10477                           	psect	text34
 10478     0EE9                     __ptext34:	
 10479 ;; *************** function _TMR1_DefaultInterruptHandler *****************
 10480 ;; Defined at:
 10481 ;;		line 182 in file "mcc_generated_files/tmr1.c"
 10482 ;; Parameters:    Size  Location     Type
 10483 ;;		None
 10484 ;; Auto vars:     Size  Location     Type
 10485 ;;		None
 10486 ;; Return value:  Size  Location     Type
 10487 ;;                  1    wreg      void 
 10488 ;; Registers used:
 10489 ;;		None
 10490 ;; Tracked objects:
 10491 ;;		On entry : 0/0
 10492 ;;		On exit  : 0/0
 10493 ;;		Unchanged: 0/0
 10494 ;; Data sizes:     COMMON   BANK0   BANK1   BANK2   BANK3   BANK4   BANK5   BANK6   BANK7   BANK8   BANK9  BANK10  BANK1
      +1  BANK12
 10495 ;;      Params:         0       0       0       0       0       0       0       0       0       0       0       0       
      +0       0
 10496 ;;      Locals:         0       0       0       0       0       0       0       0       0       0       0       0       
      +0       0
 10497 ;;      Temps:          0       0       0       0       0       0       0       0       0       0       0       0       
      +0       0
 10498 ;;      Totals:         0       0       0       0       0       0       0       0       0       0       0       0       
      +0       0
 10499 ;;Total ram usage:        0 bytes
 10500 ;; Hardware stack levels used: 1
 10501 ;; This function calls:
 10502 ;;		Nothing
 10503 ;; This function is called by:
 10504 ;;		_TMR1_Initialize
 10505 ;;		_TMR1_ISR
 10506 ;; This function uses a non-reentrant model
 10507 ;;
 10508                           
 10509     0EE9                     _TMR1_DefaultInterruptHandler:	
 10510                           ;psect for function _TMR1_DefaultInterruptHandler
 10511                           
 10512     0EE9                     i1l3397:	
 10513                           ;incstack = 0
 10514                           ; Regs used in _TMR1_DefaultInterruptHandler: []
 10515                           
 10516                           
 10517                           ;mcc_generated_files/tmr1.c: 183:     second_has_passed = 1;
 10518     0EE9  3001               	movlw	1
 10519     0EEA  0021               	movlb	1	; select bank1
 10520     0EEB  00C3               	movwf	_second_has_passed^(0+128)	;volatile
 10521     0EEC                     i1l910:
 10522     0EEC  0008               	return
 10523     0EED                     __end_of_TMR1_DefaultInterruptHandler:
 10524     0002                     ___latbits      equ	2
 10525     007E                     btemp           set	126	;btemp
 10526     007E                     int$flags       set	126
 10527     007E                     btemp0          set	126
 10528     007F                     btemp1          set	127
 10529     007E                     wtemp0          set	126
 10530     007F                     wtemp0a         set	127
 10531     007F                     ttemp0a         set	127
 10532     0080                     ltemp0a         set	128
 10533                           
 10534                           	psect	idloc
 10535                           
 10536                           ;Config register IDLOC0 @ 0x8000
 10537                           ;	unspecified, using default values
 10538     8000                     	org	32768
 10539     8000  3FFF               	dw	16383
 10540                           
 10541                           ;Config register IDLOC1 @ 0x8001
 10542                           ;	unspecified, using default values
 10543     8001                     	org	32769
 10544     8001  3FFF               	dw	16383
 10545                           
 10546                           ;Config register IDLOC2 @ 0x8002
 10547                           ;	unspecified, using default values
 10548     8002                     	org	32770
 10549     8002  3FFF               	dw	16383
 10550                           
 10551                           ;Config register IDLOC3 @ 0x8003
 10552                           ;	unspecified, using default values
 10553     8003                     	org	32771
 10554     8003  3FFF               	dw	16383
 10555                           
 10556                           	psect	config
 10557                           
 10558                           ;Config register CONFIG1 @ 0x8007
 10559                           ;	External Oscillator mode selection bits
 10560                           ;	FEXTOSC = OFF, Oscillator not enabled
 10561                           ;	Power-up default value for COSC bits
 10562                           ;	RSTOSC = HFINT1, HFINTOSC (1MHz)
 10563                           ;	Clock Out Enable bit
 10564                           ;	CLKOUTEN = OFF, CLKOUT function is disabled; i/o or oscillator function on OSC2
 10565                           ;	Clock Switch Enable bit
 10566                           ;	CSWEN = ON, Writing to NOSC and NDIV is allowed
 10567                           ;	Fail-Safe Clock Monitor Enable bit
 10568                           ;	FCMEN = ON, FSCM timer enabled
 10569     8007                     	org	32775
 10570     8007  3FEC               	dw	16364
 10571                           
 10572                           ;Config register CONFIG2 @ 0x8008
 10573                           ;	Master Clear Enable bit
 10574                           ;	MCLRE = ON, MCLR pin is Master Clear function
 10575                           ;	Power-up Timer Enable bit
 10576                           ;	PWRTE = OFF, PWRT disabled
 10577                           ;	Low-Power BOR enable bit
 10578                           ;	LPBOREN = OFF, ULPBOR disabled
 10579                           ;	Brown-out reset enable bits
 10580                           ;	BOREN = ON, Brown-out Reset Enabled, SBOREN bit is ignored
 10581                           ;	Brown-out Reset Voltage Selection
 10582                           ;	BORV = LO, Brown-out Reset Voltage (VBOR) set to 1.9V on LF, and 2.45V on F Devices
 10583                           ;	Zero-cross detect disable
 10584                           ;	ZCD = OFF, Zero-cross detect circuit is disabled at POR.
 10585                           ;	Peripheral Pin Select one-way control
 10586                           ;	PPS1WAY = ON, The PPSLOCK bit can be cleared and set only once in software
 10587                           ;	Stack Overflow/Underflow Reset Enable bit
 10588                           ;	STVREN = ON, Stack Overflow or Underflow will cause a reset
 10589                           ;	Background Debugger
 10590                           ;	DEBUG = OFF, Background Debugger disabled
 10591     8008                     	org	32776
 10592     8008  3FFF               	dw	16383
 10593                           
 10594                           ;Config register CONFIG3 @ 0x8009
 10595                           ;	WDT Period Select bits
 10596                           ;	WDTCPS = WDTCPS_31, Divider ratio 1:65536; software control of WDTPS
 10597                           ;	WDT operating mode
 10598                           ;	WDTE = OFF, WDT Disabled, SWDTEN is ignored
 10599                           ;	WDT Window Select bits
 10600                           ;	WDTCWS = WDTCWS_7, window always open (100%); software control; keyed access not requi
      +                          red
 10601                           ;	WDT input clock selector
 10602                           ;	WDTCCS = SC, Software Control
 10603     8009                     	org	32777
 10604     8009  3F9F               	dw	16287
 10605                           
 10606                           ;Config register CONFIG4 @ 0x800A
 10607                           ;	UserNVM self-write protection bits
 10608                           ;	WRT = OFF, Write protection off
 10609                           ;	Scanner Enable bit
 10610                           ;	SCANE = available, Scanner module is available for use
 10611                           ;	Low Voltage Programming Enable bit
 10612                           ;	LVP = ON, Low Voltage programming enabled. MCLR/Vpp pin function is MCLR.
 10613     800A                     	org	32778
 10614     800A  3FFF               	dw	16383
 10615                           
 10616                           ;Config register CONFIG5 @ 0x800B
 10617                           ;	UserNVM Program memory code protection bit
 10618                           ;	CP = OFF, Program Memory code protection disabled
 10619                           ;	DataNVM code protection bit
 10620                           ;	CPD = OFF, Data EEPROM code protection disabled
 10621     800B                     	org	32779
 10622     800B  3FFF               	dw	16383

Data Sizes:
    Strings     23
    Constant    32
    Data        0
    BSS         71
    Persistent  50
    Stack       0

Auto Spaces:
    Space          Size  Autos    Used
    COMMON           14     10      12
    BANK0            80     69      70
    BANK1            80     12      50
    BANK2            80     33      65
    BANK3            80      0       0
    BANK4            80      0       0
    BANK5            80      0       0
    BANK6            80      0       0
    BANK7            80      0       0
    BANK8            80      0       0
    BANK9            80      0       0
    BANK10           80      0       0
    BANK11           80      0       0
    BANK12           48      0       0

Pointer List with Targets:

    bufferBlock$data	PTR unsigned char  size(2) Largest target is 0

    cb$0	PTR void  size(1) Largest target is 4
		 -> I2C1_Read1ByteRegister@returnValue(COMMON[1]), I2C1_Read2ByteRegister@returnValue(COMMON[2]), I2C1_ReadDataBlock@bufferBlock(COMMON[4]), I2C1_Write1ByteRegister@data(COMMON[1]), 
		 -> I2C1_Write2ByteRegister@data(COMMON[2]), NULL(NULL[0]), 

    cb$0	PTR void  size(1) Largest target is 4
		 -> I2C1_Read1ByteRegister@returnValue(COMMON[1]), I2C1_Read2ByteRegister@returnValue(COMMON[2]), I2C1_ReadDataBlock@bufferBlock(COMMON[4]), I2C1_Write1ByteRegister@data(COMMON[1]), 
		 -> I2C1_Write2ByteRegister@data(COMMON[2]), NULL(NULL[0]), 

    f$.$buffer	PTR unsigned char  size(2) Largest target is 17
		 -> main@buf(BANK2[17]), 

    f$.$source	PTR const unsigned char  size(2) Largest target is 0

    fputc@fp	PTR struct _IO_FILE size(2) Largest target is 11
		 -> sprintf@f(BANK1[11]), 

    fputc@fp$.$buffer	PTR unsigned char  size(2) Largest target is 17
		 -> main@buf(BANK2[17]), 

    fputc@fp$.$source	PTR const unsigned char  size(2) Largest target is 0

    fputs@fp	PTR struct _IO_FILE size(2) Largest target is 11
		 -> sprintf@f(BANK1[11]), 

    fputs@s	PTR const unsigned char  size(1) Largest target is 32
		 -> dbuf(BANK2[32]), 

    I2C1_DO_TX$2702$0	PTR void  size(1) Largest target is 4
		 -> I2C1_Read1ByteRegister@returnValue(COMMON[1]), I2C1_Read2ByteRegister@returnValue(COMMON[2]), I2C1_ReadDataBlock@bufferBlock(COMMON[4]), I2C1_Write1ByteRegister@data(COMMON[1]), 
		 -> I2C1_Write2ByteRegister@data(COMMON[2]), NULL(NULL[0]), 

    i2c1_fsmStateTable	const PTR FTN()enum E12623[16] size(2) Largest target is 1
		 -> I2C1_DO_ADDRESS_NACK(), I2C1_DO_IDLE(), I2C1_DO_RCEN(), I2C1_DO_RESET(), 
		 -> I2C1_DO_RX(), I2C1_DO_RX_ACK(), I2C1_DO_RX_NACK_RESTART(), I2C1_DO_RX_NACK_STOP(), 
		 -> I2C1_DO_SEND_ADR_READ(), I2C1_DO_SEND_ADR_WRITE(), I2C1_DO_SEND_RESTART(), I2C1_DO_SEND_RESTART_READ(), 
		 -> I2C1_DO_SEND_RESTART_WRITE(), I2C1_DO_SEND_STOP(), I2C1_DO_TX(), I2C1_DO_TX_EMPTY(), 

    I2C1_Read1ByteRegister@returnValue$data	PTR unsigned char  size(2) Largest target is 0

    I2C1_Read2ByteRegister@returnValue$data	PTR unsigned char  size(2) Largest target is 0

    I2C1_Status$callbackPayload	PTR void [6] size(1) Largest target is 4
		 -> I2C1_Read1ByteRegister@returnValue(COMMON[1]), I2C1_Read2ByteRegister@returnValue(COMMON[2]), I2C1_ReadDataBlock@bufferBlock(COMMON[4]), I2C1_Write1ByteRegister@data(COMMON[1]), 
		 -> I2C1_Write2ByteRegister@data(COMMON[2]), NULL(NULL[0]), 

    I2C1_Status$callbackTable	PTR FTN(PTR void ,)enum E363[6] size(2) Largest target is 1
		 -> I2C1_CallbackReturnReset(), I2C1_CallbackReturnStop(), rd1RegCompleteHandler(), rd2RegCompleteHandler(), 
		 -> rdBlkRegCompleteHandler(), wr1RegCompleteHandler(), wr2RegCompleteHandler(), NULL(), 

    I2C1_Status$data_ptr	PTR unsigned char  size(1) Largest target is 4
		 -> bufferBlock$data(COMMON[2]), I2C1_Read1ByteRegister@reg(COMMON[1]), I2C1_Read1ByteRegister@returnValue(COMMON[1]), I2C1_Read1ByteRegister@returnValue$data(COMMON[2]), 
		 -> I2C1_Read2ByteRegister@reg(COMMON[1]), I2C1_Read2ByteRegister@returnValue(COMMON[2]), I2C1_Read2ByteRegister@returnValue$data(COMMON[2]), I2C1_ReadDataBlock@bufferBlock(COMMON[4]), 
		 -> I2C1_ReadDataBlock@reg(COMMON[1]), I2C1_Write1ByteRegister@data(COMMON[1]), I2C1_Write1ByteRegister@data$data(COMMON[2]), I2C1_Write1ByteRegister@reg(COMMON[1]), 
		 -> I2C1_Write2ByteRegister@data(COMMON[2]), I2C1_Write2ByteRegister@data$data(COMMON[2]), I2C1_Write2ByteRegister@reg(COMMON[1]), NULL(NULL[0]), 

    I2C1_Write1ByteRegister@data$data	PTR unsigned char  size(2) Largest target is 0

    I2C1_Write2ByteRegister@data$data	PTR unsigned char  size(2) Largest target is 0

    LCDstr@p	PTR unsigned char  size(1) Largest target is 17
		 -> main@buf(BANK2[17]), 

    MSSP1_InterruptHandler	PTR FTN()void  size(2) Largest target is 1
		 -> I2C1_MasterIsr(), NULL(), 

    NULL$0	PTR void  size(1) Largest target is 4
		 -> I2C1_Read1ByteRegister@returnValue(COMMON[1]), I2C1_Read2ByteRegister@returnValue(COMMON[2]), I2C1_ReadDataBlock@bufferBlock(COMMON[4]), I2C1_Write1ByteRegister@data(COMMON[1]), 
		 -> I2C1_Write2ByteRegister@data(COMMON[2]), NULL(NULL[0]), 

    pad@buf	PTR unsigned char  size(1) Largest target is 32
		 -> dbuf(BANK2[32]), 

    pad@fp	PTR struct _IO_FILE size(2) Largest target is 11
		 -> sprintf@f(BANK1[11]), 

    rdBlkRegCompleteHandler@ptr$data	PTR unsigned char  size(2) Largest target is 0

    read_prec_or_width@ap	PTR PTR void [1] size(1) Largest target is 1
		 -> sprintf@ap(BANK1[1]), 

    read_prec_or_width@fmt	PTR PTR const unsigned char  size(1) Largest target is 2
		 -> vfprintf@cfmt(BANK0[2]), 

    S2281$buffer	PTR unsigned char  size(2) Largest target is 17
		 -> main@buf(BANK2[17]), 

    S2281$source	PTR const unsigned char  size(2) Largest target is 0

    S680$data	PTR unsigned char  size(2) Largest target is 0

    S912$0$0	PTR void  size(1) Largest target is 4
		 -> I2C1_Read1ByteRegister@returnValue(COMMON[1]), I2C1_Read2ByteRegister@returnValue(COMMON[2]), I2C1_ReadDataBlock@bufferBlock(COMMON[4]), I2C1_Write1ByteRegister@data(COMMON[1]), 
		 -> I2C1_Write2ByteRegister@data(COMMON[2]), NULL(NULL[0]), 

    S912$callbackPayload	PTR void [6] size(1) Largest target is 4
		 -> I2C1_Read1ByteRegister@returnValue(COMMON[1]), I2C1_Read2ByteRegister@returnValue(COMMON[2]), I2C1_ReadDataBlock@bufferBlock(COMMON[4]), I2C1_Write1ByteRegister@data(COMMON[1]), 
		 -> I2C1_Write2ByteRegister@data(COMMON[2]), NULL(NULL[0]), 

    S912$callbackTable	PTR FTN(PTR void ,)enum E363[6] size(2) Largest target is 1
		 -> I2C1_CallbackReturnReset(), I2C1_CallbackReturnStop(), rd1RegCompleteHandler(), rd2RegCompleteHandler(), 
		 -> rdBlkRegCompleteHandler(), wr1RegCompleteHandler(), wr2RegCompleteHandler(), NULL(), 

    S912$data_ptr	PTR unsigned char  size(1) Largest target is 4
		 -> I2C1_Read1ByteRegister@reg(COMMON[1]), I2C1_Read1ByteRegister@returnValue(COMMON[1]), I2C1_Read2ByteRegister@reg(COMMON[1]), I2C1_Read2ByteRegister@returnValue(COMMON[2]), 
		 -> I2C1_ReadDataBlock@bufferBlock(COMMON[4]), I2C1_ReadDataBlock@reg(COMMON[1]), I2C1_Write1ByteRegister@data(COMMON[1]), I2C1_Write1ByteRegister@reg(COMMON[1]), 
		 -> I2C1_Write2ByteRegister@data(COMMON[2]), I2C1_Write2ByteRegister@reg(COMMON[1]), NULL(NULL[0]), 

    sprintf@ap	PTR void [1] size(1) Largest target is 2
		 -> ?_sprintf(BANK0[2]), 

    sprintf@fmt	PTR const unsigned char  size(2) Largest target is 23
		 -> STR_1(CODE[23]), 

    sprintf@s	PTR unsigned char  size(1) Largest target is 17
		 -> main@buf(BANK2[17]), 

    TMR1_InterruptHandler	PTR FTN()void  size(2) Largest target is 1
		 -> TMR1_DefaultInterruptHandler(), NULL(), 

    TMR1_SetInterruptHandler@InterruptHandler	PTR FTN()void  size(2) Largest target is 1
		 -> TMR1_DefaultInterruptHandler(), 

    utoa@fp	PTR struct _IO_FILE size(2) Largest target is 11
		 -> sprintf@f(BANK1[11]), 

    vfpfcnvrt@ap	PTR PTR void  size(1) Largest target is 1
		 -> sprintf@ap(BANK1[1]), 

    vfpfcnvrt@cp	PTR unsigned char  size(2) Largest target is 23
		 -> STR_1(CODE[23]), 

    vfpfcnvrt@fmt	PTR PTR unsigned char  size(1) Largest target is 2
		 -> vfprintf@cfmt(BANK0[2]), 

    vfpfcnvrt@fp	PTR struct _IO_FILE size(2) Largest target is 11
		 -> sprintf@f(BANK1[11]), 

    vfprintf@ap	PTR PTR void  size(1) Largest target is 1
		 -> sprintf@ap(BANK1[1]), 

    vfprintf@cfmt	PTR unsigned char  size(2) Largest target is 23
		 -> STR_1(CODE[23]), 

    vfprintf@fmt	PTR const unsigned char  size(2) Largest target is 23
		 -> STR_1(CODE[23]), 

    vfprintf@fp	PTR struct _IO_FILE size(2) Largest target is 11
		 -> sprintf@f(BANK1[11]), 


Critical Paths under _main in COMMON

    _main->_LCDcmd
    _main->_LCDinit
    _main->___lldiv
    _vfpfcnvrt->_read_prec_or_width
    _utoa->___lldiv
    _pad->_fputs
    _fputs->_fputc
    ___llmod->___lldiv
    _read_prec_or_width->___wmul
    _TMR1_Initialize->_TMR1_SetInterruptHandler
    _LCDstr->_LCDchar
    _LCDchar->_LCDsend2x4
    _LCDinit->_LCDsend2x4
    _LCDsend->_WriteI2C
    _LCDcmd->_LCDsend2x4
    _LCDsend2x4->_WriteI2C
    _LCDbusy->_LCDrecv
    _LCDrecv->_WriteI2C

Critical Paths under _INTERRUPT_InterruptManager in COMMON

    _TMR1_ISR->_TMR1_WriteTimer

Critical Paths under _main in BANK0

    _main->_sprintf
    _sprintf->_vfprintf
    _vfprintf->_vfpfcnvrt
    _vfpfcnvrt->_utoa
    _utoa->_pad
    _pad->_fputs
    _fputs->_fputc
    ___llmod->___lldiv

Critical Paths under _INTERRUPT_InterruptManager in BANK0

    None.

Critical Paths under _main in BANK1

    _main->_sprintf

Critical Paths under _INTERRUPT_InterruptManager in BANK1

    None.

Critical Paths under _main in BANK2

    None.

Critical Paths under _INTERRUPT_InterruptManager in BANK2

    None.

Critical Paths under _main in BANK3

    None.

Critical Paths under _INTERRUPT_InterruptManager in BANK3

    None.

Critical Paths under _main in BANK4

    None.

Critical Paths under _INTERRUPT_InterruptManager in BANK4

    None.

Critical Paths under _main in BANK5

    None.

Critical Paths under _INTERRUPT_InterruptManager in BANK5

    None.

Critical Paths under _main in BANK6

    None.

Critical Paths under _INTERRUPT_InterruptManager in BANK6

    None.

Critical Paths under _main in BANK7

    None.

Critical Paths under _INTERRUPT_InterruptManager in BANK7

    None.

Critical Paths under _main in BANK8

    None.

Critical Paths under _INTERRUPT_InterruptManager in BANK8

    None.

Critical Paths under _main in BANK9

    None.

Critical Paths under _INTERRUPT_InterruptManager in BANK9

    None.

Critical Paths under _main in BANK10

    None.

Critical Paths under _INTERRUPT_InterruptManager in BANK10

    None.

Critical Paths under _main in BANK11

    None.

Critical Paths under _INTERRUPT_InterruptManager in BANK11

    None.

Critical Paths under _main in BANK12

    None.

Critical Paths under _INTERRUPT_InterruptManager in BANK12

    None.

Call Graph Tables:

 ---------------------------------------------------------------------------------
 (Depth) Function   	        Calls       Base Space   Used Autos Params    Refs
 ---------------------------------------------------------------------------------
 (0) _main                                                34    34      0    7046
                                              0 BANK2     33    33      0
                            _LCDbusy
                             _LCDcmd
                            _LCDinit
                             _LCDstr
                            _OpenI2C
                  _SYSTEM_Initialize
                            ___lldiv
                            ___llmod
                            _sprintf
 ---------------------------------------------------------------------------------
 (1) _sprintf                                             29    14     15    4008
                                             54 BANK0     15     0     15
                                              0 BANK1     12    12      0
                           _vfprintf
 ---------------------------------------------------------------------------------
 (2) _vfprintf                                             8     3      5    3684
                                             46 BANK0      8     3      5
                          _vfpfcnvrt
 ---------------------------------------------------------------------------------
 (3) _vfpfcnvrt                                           16    12      4    3457
                                             30 BANK0     16    12      4
                              _fputc
                 _read_prec_or_width
                               _utoa
 ---------------------------------------------------------------------------------
 (4) _utoa                                                12     6      6    1965
                                             18 BANK0     12     6      6
                            ___lldiv
                            ___llmod
                                _pad
 ---------------------------------------------------------------------------------
 (5) _pad                                                  8     3      5    1088
                                              8 COMMON     1     1      0
                                             11 BANK0      7     2      5
                              _fputc
                              _fputs
 ---------------------------------------------------------------------------------
 (6) _fputs                                                8     5      3     487
                                              6 COMMON     2     2      0
                                              5 BANK0      6     3      3
                              _fputc
 ---------------------------------------------------------------------------------
 (7) _fputc                                                9     5      4     335
                                              2 COMMON     4     0      4
                                              0 BANK0      5     5      0
                              _putch
 ---------------------------------------------------------------------------------
 (8) _putch                                                1     1      0       0
 ---------------------------------------------------------------------------------
 (5) ___llmod                                              9     1      8     250
                                              5 BANK0      9     1      8
                            ___lldiv (ARG)
 ---------------------------------------------------------------------------------
 (5) ___lldiv                                             13     5      8     259
                                              2 COMMON     8     0      8
                                              0 BANK0      5     5      0
 ---------------------------------------------------------------------------------
 (4) _read_prec_or_width                                   8     6      2     408
                                              8 COMMON     2     0      2
                                              0 BANK0      6     6      0
                             ___wmul
 ---------------------------------------------------------------------------------
 (5) ___wmul                                               6     2      4     142
                                              2 COMMON     6     2      4
 ---------------------------------------------------------------------------------
 (1) _SYSTEM_Initialize                                    0     0      0      34
                    _I2C1_Initialize
              _OSCILLATOR_Initialize
             _PIN_MANAGER_Initialize
                     _PMD_Initialize
                    _TMR1_Initialize
 ---------------------------------------------------------------------------------
 (2) _TMR1_Initialize                                      0     0      0      34
           _TMR1_SetInterruptHandler
 ---------------------------------------------------------------------------------
 (3) _TMR1_SetInterruptHandler                             2     0      2      34
                                              2 COMMON     2     0      2
 ---------------------------------------------------------------------------------
 (2) _PMD_Initialize                                       0     0      0       0
 ---------------------------------------------------------------------------------
 (2) _PIN_MANAGER_Initialize                               0     0      0       0
 ---------------------------------------------------------------------------------
 (2) _OSCILLATOR_Initialize                                0     0      0       0
 ---------------------------------------------------------------------------------
 (2) _I2C1_Initialize                                      0     0      0       0
 ---------------------------------------------------------------------------------
 (1) _OpenI2C                                              0     0      0       0
 ---------------------------------------------------------------------------------
 (1) _LCDstr                                               2     1      1     652
                                              0 BANK0      2     1      1
                            _LCDchar
 ---------------------------------------------------------------------------------
 (2) _LCDchar                                              1     1      0     584
                                              9 COMMON     1     1      0
                         _LCDsend2x4
 ---------------------------------------------------------------------------------
 (1) _LCDinit                                              1     1      0     631
                                              9 COMMON     1     1      0
                            _LCDsend
                         _LCDsend2x4
 ---------------------------------------------------------------------------------
 (2) _LCDsend                                              2     2      0      94
                                              4 COMMON     2     2      0
                           _WriteI2C
 ---------------------------------------------------------------------------------
 (1) _LCDcmd                                               1     1      0     584
                                              9 COMMON     1     1      0
                         _LCDsend2x4
 ---------------------------------------------------------------------------------
 (3) _LCDsend2x4                                           5     4      1     537
                                              4 COMMON     5     4      1
                           _WriteI2C
 ---------------------------------------------------------------------------------
 (1) _LCDbusy                                              2     0      2     350
                                              0 BANK0      2     0      2
                            _LCDrecv
 ---------------------------------------------------------------------------------
 (2) _LCDrecv                                              5     5      0     350
                                              4 COMMON     5     5      0
                            _ReadI2C
                           _WriteI2C
 ---------------------------------------------------------------------------------
 (4) _WriteI2C                                             2     2      0      47
                                              2 COMMON     2     2      0
 ---------------------------------------------------------------------------------
 (3) _ReadI2C                                              1     1      0       0
                                              2 COMMON     1     1      0
 ---------------------------------------------------------------------------------
 Estimated maximum stack depth 8
 ---------------------------------------------------------------------------------
 (Depth) Function   	        Calls       Base Space   Used Autos Params    Refs
 ---------------------------------------------------------------------------------
 (9) _INTERRUPT_InterruptManager                           0     0      0      90
                           _TMR1_ISR
 ---------------------------------------------------------------------------------
 (10) _TMR1_ISR                                            0     0      0      90
                                NULL *
       _TMR1_DefaultInterruptHandler *
                    _TMR1_WriteTimer
 ---------------------------------------------------------------------------------
 (11) _TMR1_WriteTimer                                     2     0      2      90
                                              0 COMMON     2     0      2
 ---------------------------------------------------------------------------------
 (11) _TMR1_DefaultInterruptHandler                        0     0      0       0
 ---------------------------------------------------------------------------------
 (11) NULL(Fake)                                           1     0      1       0
 ---------------------------------------------------------------------------------
 Estimated maximum stack depth 11
 ---------------------------------------------------------------------------------

 Call Graph Graphs:

 _main (ROOT)
   _LCDbusy
     _LCDrecv
       _ReadI2C
       _WriteI2C
   _LCDcmd
     _LCDsend2x4
       _WriteI2C
   _LCDinit
     _LCDsend
       _WriteI2C
     _LCDsend2x4
   _LCDstr
     _LCDchar
       _LCDsend2x4
   _OpenI2C
   _SYSTEM_Initialize
     _I2C1_Initialize
     _OSCILLATOR_Initialize
     _PIN_MANAGER_Initialize
     _PMD_Initialize
     _TMR1_Initialize
       _TMR1_SetInterruptHandler
   ___lldiv
   ___llmod
     ___lldiv (ARG)
   _sprintf
     _vfprintf
       _vfpfcnvrt
         _fputc
           _putch
         _read_prec_or_width
           ___wmul
         _utoa
           ___lldiv
           ___llmod
           _pad
             _fputc
             _fputs
               _fputc

 _INTERRUPT_InterruptManager (ROOT)
   _TMR1_ISR
     NULL(Fake) *
     _TMR1_DefaultInterruptHandler *
     _TMR1_WriteTimer *

Address spaces:
Name               Size   Autos  Total    Usage
BITCOMMON           14      0       0      0.0%
BITBANK0            80      0       0      0.0%
BITBANK1            80      0       0      0.0%
BITBANK2            80      0       0      0.0%
BITBANK3            80      0       0      0.0%
BITBANK4            80      0       0      0.0%
BITBANK5            80      0       0      0.0%
BITBANK6            80      0       0      0.0%
BITBANK7            80      0       0      0.0%
BITBANK8            80      0       0      0.0%
BITBANK9            80      0       0      0.0%
BITBANK10           80      0       0      0.0%
BITBANK11           80      0       0      0.0%
BITBANK12           48      0       0      0.0%
BIGRAM            1008      0       0      0.0%
COMMON              14     10      12     85.7%
BANK0               80     69      70     87.5%
BANK1               80     12      50     62.5%
BANK2               80     33      65     81.2%
BANK3               80      0       0      0.0%
BANK4               80      0       0      0.0%
BANK5               80      0       0      0.0%
BANK6               80      0       0      0.0%
BANK7               80      0       0      0.0%
BANK8               80      0       0      0.0%
BANK9               80      0       0      0.0%
BANK10              80      0       0      0.0%
BANK11              80      0       0      0.0%
BANK12              48      0       0      0.0%
STACK                0      0       0      0.0%
DATA                 0      0     196      0.0%


Microchip Technology PIC Macro Assembler V3.10 build 20250813170317 
Symbol Table                                                                                   Fri Nov 28 16:59:57 2025

                                      l23 0F2F                                        l32 0FA6  
                                      l41 065A                                        l28 0FA0  
                                      l36 0683                                        l29 0FA1  
                                      l53 0682                                        l39 0655  
                                      l48 0673                                        l73 0766  
                                      l74 0767                                        l92 079B  
                                      l87 0796                                        l88 0797  
                                      l98 0043                                        l99 0044  
                     ___wmul@multiplicand 0074                                       l130 00B9  
                                     l114 0085                                       l115 0086  
                                     l211 03D2                                       l116 0088  
                                     l220 0409                                       l150 00FF  
                                     l134 00BD                                       l151 0100  
                                     l135 00BE                                       l152 0102  
                                     l224 041C                                       l232 052A  
                                     l129 00B7                                       l225 041D  
                                     l170 0137                                       l402 0F0F  
                                     l171 0138                                       l235 0EFF  
                                     l244 0F76                                       l165 0131  
                                     l229 0425                                       l166 0133  
                                     l238 0F07                                       l184 0168  
                                     l248 0F63                                       l185 0169  
                                     l195 038E                                       l196 038F  
                                     l189 0179                                       l483 0758  
                                     l396 0F3F                                       l399 0F18  
                                     l593 0F22                                       l907 0EF2  
                                     l877 0FC2                           _timer1ReloadVal 007A  
                                     _pad 06CD                                       wreg 0009  
                    _I2C1_DO_RX_NACK_STOP 0000                               ?_LCDsend2x4 0074  
                         __end_of_LCDchar 0F08                                      l1043 0371  
                                    l1151 0FFF                                      l1149 0FEB  
                                    l1185 0638                                      l1612 07BF  
                                    l1630 06E2                                      l4121 0587  
                                    l1633 0704                                      l1706 07E3  
                                    l1379 06CC                                      l4131 05C1  
                                    l4123 058D                                      l1635 0712  
                                    l4211 06E5                                      l4203 06CD  
                                    l1660 01A2                                      l4301 0FA5  
                                    l4221 063D                                      l1653 0586  
                                    l1709 0003                                      l4133 05D6  
                                    l4125 0593                                      l4141 07D2  
                                    l4213 06F1                                      l4205 06D2  
                                    l1645 04AE                                      l1662 01AC  
                                    l4231 0654                                      l4311 0393  
                                    l4151 0FF0                                      l4127 0598  
                                    l4143 07D7                                      l4215 06F6  
                                    l4207 06DB                                      l4241 066A  
                                    l4233 065F                                      l4321 03C0  
                                    l4313 039E                                      l4305 0376  
                                    l4153 0FF5                                      l4145 0FE1  
                                    l4161 05F1                                      l4129 05A2  
                                    l4137 07C0                                      l4217 0709  
                                    l4209 06E0                                      l4401 0252  
                                    l4243 0677                                      l4227 0642  
                                    l4219 063A                                      l4331 03EB  
                                    l4323 03C6                                      l4315 03A2  
                                    l4307 0379                                      l4155 0FFB  
                                    l4147 0FE3                                      l4171 061A  
                                    l4163 05F4                                      l4139 07C4  
                                    l4251 0429                                      l4403 025B  
                                    l1668 01F0                                      l4229 064B  
                                    l4341 0421                                      l4333 03F7  
                                    l4325 03D3                                      l4317 03AE  
                                    l4309 0382                                      l4421 077A  
                                    l4413 075A                                      l4501 0F1F  
                                    l4149 0FE7                                      l4173 0622  
                                    l4165 05FD                                      l4261 0459  
                                    l4253 0435                                      l1686 0FE0  
                                    l4239 0661                                      l4431 0048  
                                    l4335 03FD                                      l4327 03D9  
                                    l4319 03B4                                      l4423 0786  
                                    l4415 075A                                      l4503 0F21  
                                    l4511 071D                                      l4343 0EED  
                                    l4175 0623                                      l4167 0601  
                                    l4159 05E0                                      l4191 069D  
                                    l4183 0684                                      l4271 048D  
                                    l4263 045D                                      l4255 0438  
                                    l1679 027F                                      l4351 019A  
                                    l4407 0265                                      l4441 0074  
                                    l4433 0053                                      l4337 040A  
                                    l4329 03E5                                      l4425 078A  
                                    l4417 076B                                      l4601 04AF  
                                    l4521 0728                                      l4513 071F  
                                    l4505 0713                                      l4281 052E  
                                    l4177 062A                                      l4169 0608  
                                    l4193 06AF                                      l4185 068D  
                                    l4273 049A                                      l4257 043C  
                                    l4265 0479                                      l4249 0426  
                                    l4361 01BF                                      l4353 019F  
                                    l4345 017A                                      l1698 05DF  
                                    l4451 00A7                                      l4443 0079  
                                    l4435 0057                                      l4427 0037  
                                    l4339 0410                                      l4419 0776  
                                    l4611 04D7                                      l4603 04B7  
                                    l4531 073B                                      l4523 072A  
                                    l4515 0721                                      l4507 0719  
                                    l4283 053F                                      l4291 056E  
                                    l4179 0630                                      l4195 06B7  
                                    l4187 0690                                      l4267 0480  
                                    l4275 049F                                      l4259 0458  
                                    l4371 01DC                                      l4363 01C4  
                                    l4355 01A3                                      l4347 018C  
                                    l4461 00DD                                      l4453 00AB  
                                    l4445 008C                                      l4437 0063  
                                    l4429 0037                                      l4621 04F3  
                                    l4613 04DB                                      l4605 04BB  
                                    l4541 0745                                      l4533 073D  
                                    l4525 072C                                      l4517 0723  
                                    l4509 071B                                      l4293 0582  
                                    l4285 0547                                      l4197 06BE  
                                    l4189 0699                                      l4269 0488  
                                    l4381 01F5                                      l4373 01E4  
                                    l4365 01D0                                      l4349 0194  
                         __end_of_LCDbusy 0F64                                      ?_pad 002B  
                                    l4471 0111                                      l4463 00E2  
                                    l4455 00C2                                      l4447 0097  
                                    l4439 0068                                      l4631 0519  
                                    l4623 04FF                                      l4615 04E3  
                                    l4607 04C3                                      l4551 0750  
                                    l4543 0747                                      l4535 073F  
                                    l4527 0732                                      l4519 0726  
                                    l4287 0554                                      l4279 052B  
                                    l4199 06C4                                      l4391 022C  
                                    l4383 01FD                                      l4375 01EB  
                                    l4367 01D4                                      l4359 01AF  
                                    l4297 0F8D                                      l4481 0147  
                                    l4473 0115                                      l4465 00EE  
                                    l4457 00CD                                      l4449 009B  
                         __end_of_LCDinit 052B                                      l4633 051E  
                                    l4625 0503                                      l4617 04E7  
                                    l4609 04C7                                      l4641 0F69  
                                    l4561 0F15                                      l4553 0753  
                                    l4545 0749                                      l4537 0741  
                                    l4529 0739                                      l4289 0566  
                                    l4393 0234                                      l4385 0208  
                                    l4377 01F3                                      l4369 01D6  
                                    l4299 0F97                                      l4483 014B  
                                    l4475 0121                                      l4467 00F3  
                                    l4459 00D1                                      l4643 0F51  
                                    l4635 0EFA                                      l4627 050F  
                                    l4619 04EF                                      l4555 0755  
                                    l4547 074B                                      l4539 0743  
                                    l4571 0FB1                                      l4563 0FA7  
                                    l4395 0242                                      l4387 021B  
                                    l4731 028D                                      l4485 0157  
                                    l4477 0125                                      l4469 0106  
                                    l4645 0F5A                                      l4629 0514  
                                    l4493 0F01                                      l4637 0F64  
                                    l4557 0F10                                      l4549 074D  
                                    l4573 0FB6                                      l4565 0FAA  
                                    l4653 0F30                                      l4581 0FC9  
                                    l4661 07A7                                      l4741 02A2  
                                    l4733 0291                                      l4725 0280  
                                    l4487 015C                                      l4479 013C  
                                    l4639 0F65                                      l4591 0F28  
                                    l4559 0F13                                      l4495 0F08  
                                    l4575 0FB8                                      l4567 0FAC  
                                    l4655 0F3C                                      l4583 0FD4  
                                    l4663 07A9                                      l4751 0361  
                                    l4743 02BE                                      l4735 0294  
                                    l4727 0283                                      l4489 016D  
                                    l4649 0F60                                      l4593 0F29  
                                    l4497 0F19                                      l4577 0FBF  
                                    l4569 0FAF                                      l4585 0FDE  
                                    l4665 07B7                                      l4657 079C  
                                    l4753 0367                                      l4745 02F7  
                                    l4737 029A                                      l4729 028C  
                                    l4595 0F2B                                      l4499 0F1E  
                                    l4579 0FC3                                      l4659 07A5  
                                    l4747 0323                                      l4739 029B  
                                    l4597 0F2C                                      l4589 0F23  
                                    l4749 0327                                      l4599 0F2E  
                         __end_of_LCDrecv 017A                           __end_of_LCDsend 079C  
                                    STR_1 1000                                      _LATA 0016  
                                    _LATB 0017                                      _LATC 0018  
                                    u4000 0111                                      u3200 07E3  
                                    _LATD 0019                                      u4001 0110  
                                    u3201 07E2                                      _LATE 001A  
                                    u4010 0121                                      u3210 0FE7  
                                    u4011 0120                                      u3211 0FE6  
                                    u4020 0131                                      u4100 0FDE  
                                    u4021 0130                                      u4101 0FDD  
                                    u4030 0137                                      u4110 0F76  
                                    u3310 0630                                      u4031 0136  
                                    u4111 0F75                                      u3311 062F  
                                    u4040 013C                                      u4120 0F5A  
                                    u3240 0FFB                                      u3320 068D  
                                    u3160 058D                                      u3400 0704  
                                    u4041 013B                                      u4121 0F59  
                                    u3241 0FFA                                      u3225 0FEC  
                                    u3305 0624                                      u3321 068C  
                                    u3161 058C                                      u3401 0703  
                                    u4050 0147                                      u3250 05F1  
                                    u3170 0593                                      u3410 0709  
                                    u4051 0146                                      u3235 0FF1  
                                    u3251 05F0                                      u3171 0592  
                                    u3411 0708                                      u3500 0682  
                                    u3420 0641                                      u4060 0157  
                                    u3340 069D                                      u3180 05A2  
                                    u3501 0681                                      u3421 0640  
                                    u4061 0156                                      u3341 069C  
                                    u3181 05A1                                      u3405 0700  
                                    u3430 064B                                      u4070 0168  
                                    u3270 0601                                      u3350 06AF  
                                    u3190 05C1                                      u3510 0480  
                                    u3431 064A                                      u4071 0167  
                                    u3271 0600                                      u3351 06AE  
                                    u3335 0691                                      u3191 05C0  
                                    u3511 047F                                      u3600 0FA5  
                                    u3440 0654                                      u4080 016D  
                                    u3520 0488                                      u4400 0371  
                                    u3601 0FA4                                      u3441 0653  
                                    u4081 016C                                      u3265 05F5  
                                    u3521 0487                                      u4401 0370  
                                    u3450 065A                                      u3290 061A  
                                    u3370 06C4                                      u3530 048D  
                                    u3451 0659                                      u3291 0619  
                                    u3371 06C3                                      u3355 06AB  
                                    u3195 05BD                                      u3531 048C  
                                    u3460 065F                                      u3700 0409  
                                    u3620 038E                                      u3380 06D2  
                                    u3540 049A                                      u3461 065E  
                                    u3701 0408                                      u3621 038D  
                                    u3285 0602                                      u3365 06B8  
                                    u3381 06D1                                      u3541 0499  
                                    u3470 066A                                      u3710 041C  
                                    u3630 0393                                      u3390 06E0  
                                    u3550 049F                                      u3471 0669  
                                    u4095 0170                                      u3711 041B  
                                    u3631 0392                                      u3615 037C  
                                    u3295 0616                                      u3391 06DF  
                                    u3551 049E                                      u3480 0673  
                                    u3720 0421                                      u3640 039E  
                                    u3800 0786                                      u3560 053F  
                                    u3481 0672                                      u3721 0420  
                                    u3641 039D                                      u3801 0785  
                                    u4417 04B2                                      u3561 053E  
                                    u3545 0496                                      u3490 0677  
                                    u3650 03AE                                      u3810 0796  
                                    u3570 0582                                      u3730 018C  
                                    u3491 0676                                      u3651 03AD  
                                    u3811 0795                                      u4507 0526  
                                    u4427 04C0                                      u3571 0581  
                                    u3731 018B                                      u3580 0F97  
                                    u3900 0097                                      u3660 03C0  
                                    u3820 079B                                      u3740 01C4  
                                    _PMD0 0796                                      u3581 0F96  
                                    u3901 0096                                      u4517 0422  
                                    u3661 03BF                                      u3821 079A  
                                    u4437 04CA                                      u3741 01C3  
                                    _PMD1 0797                                      u3590 0FA0  
                                    u3910 00A7                                      u3830 0043  
                                    u3670 03D2                                      u3750 01D4  
                                    u4390 029A                                      _PMD2 0798  
                                    u3591 0F9F                                      u3911 00A6  
                                    u3831 0042                                      u3671 03D1  
                                    u4447 04D8                                      u3751 01D3  
                                    u4391 0299                                      _PMD3 0799  
                                    u3920 00B7                                      u3840 0048  
                                    u3680 03E5                                      u3760 0207  
                                    _PMD4 079A                                      u3921 00B6  
                                    u3841 0047                                      u3681 03E4  
                                    u4457 04E0                                      u3761 0206  
                                    _PMD5 079B                                      u3930 00BD  
                                    u3850 0053                                      u3690 03F7  
                                    u3770 0766                                      u3931 00BC  
                                    u3851 0052                                      u3691 03F6  
                                    u3771 0765                                      u4467 04EC  
                                    u3940 00C2                                      u3860 0063  
                                    u3780 076B                                      u3941 00C1  
                                    u3861 0062                                      u3781 076A  
                                    u4477 04F4                                      u3950 00CD  
                                    u3870 0074                                      u3790 0776  
                                    u3951 00CC                                      u3871 0073  
                                    u3791 0775                                      u4487 0500  
                                    u3960 00DD                                      u3880 0085  
                                    u3961 00DC                                      u3881 0084  
                                    u4497 050A                                      u3970 00EE  
                                    u3890 008C                                      u3971 00ED  
                                    u3891 008B                                      u3980 00FF  
                                    u3981 00FE                                      u3990 0106  
                                    u3991 0105                                      _WPUA 0F39  
                                    _WPUB 0F44                                      _WPUC 0F4F  
                                    _WPUD 0F5A                                      _WPUE 0F65  
                             main@minutes 0135                               main@seconds 013D  
                                    _dbuf 0141                                      _main 0280  
                                    _prec 00BF                                      pad@i 0030  
                                    pad@p 002E                                      fsr0h 0005  
                                    fsr1h 0007                                      indf0 0000  
                                    fsr0l 0004                                      indf1 0001  
                                    fsr1l 0006                                      btemp 007E  
                                    _utoa 0426                                      start 001C  
              ??_TMR1_SetInterruptHandler 0074                           __end_of_ReadI2C 0FA7  
                         __end_of_OpenI2C 0F30                                     ??_pad 0078  
           __end_of_OSCILLATOR_Initialize 0F19                                     ?_main 0070  
                         __end_of___lldiv 0639                                     ?_utoa 0032  
                                   _T1CLK 0211                                     _T1CON 020E  
                         __end_of___llmod 06CD                                     i1l910 0EEC  
                                   i1l904 0F8C                                     i1l844 001A  
                                   i1l891 0F50                __end_of_i2c1_fsmStateTable 0804  
                                   _OSCEN 0891                              vfpfcnvrt@fmt 0040  
                                   _TMR1H 020D                                     _TMR1L 020C  
                                   _TRISA 0011                                     _TRISB 0012  
                                   _TRISC 0013                                     _TRISD 0014  
                                   _TRISE 0015                         ??_I2C1_Initialize 0072  
                        __end_of_TMR1_ISR 0F8D                                     _flags 0065  
                     read_prec_or_width@c 0023                       read_prec_or_width@n 0024  
                                   _fputc 0587                                     _fputs 07C0  
                                   btemp0 007E                                     pad@fp 002B  
                                   btemp1 007F                                     _width 00BD  
                                   _putch 0003                   __end_of_TMR1_Initialize 0FC3  
                                   pclath 000A                                     utoa@d 0034  
                                   utoa@i 003C                                     utoa@p 0039  
                                   utoa@w 003A                                     status 0003  
                                   wtemp0 007E                           __end_of_sprintf 07C0  
                         _TMR1_WriteTimer 0F40                           __initialization 001E  
                            __end_of_main 0375                              __end_of_utoa 04AF  
             ?_INTERRUPT_InterruptManager 0070                                    ??_main 007A  
                                  ??_utoa 0038                                 ??_LCDchar 0079  
                               ??_LCDbusy 0079                                 ??_LCDinit 0079  
              __end_of_read_prec_or_width 0587                                 ??_LCDrecv 0074  
                               ??_LCDsend 0074                         _second_has_passed 00C3  
                                  ?_fputc 0072                          ___llmod@dividend 0029  
                                  ?_fputs 0025                          __end_of_WriteI2C 0684  
                                  _ANSELA 0F38                                    ?_putch 0070  
                                  _ANSELB 0F43                                    _ANSELC 0F4E  
                                  _ANSELD 0F59                                    _ANSELE 0F64  
                                  _T1GATE 0210                                    _T1GCON 020F  
                                  _RC3PPS 0F23                   TMR1_WriteTimer@timerVal 0070  
                                  _RC4PPS 0F24                                    _ODCONA 0F3A  
                                  _ODCONB 0F45                                    _ODCONC 0F50  
                                  _ODCOND 0F5B                                    _ODCONE 0F66  
                                  i1l4033 000A                                    i1l4035 000E  
                                  i1l4037 0013                                    i1l4039 0017  
                                  i1l3391 0F4A                                    i1l3383 0F40  
                                  i1l3385 0F45                                    i1l3393 0F4C  
                                  i1l3481 0F80                                    i1l3395 0F4E  
                                  i1l3387 0F46                                    i1l3483 0F87  
                                  i1l3397 0EE9                                    i1l3389 0F48  
                                  i1l3477 0F77                                    i1l3479 0F79  
                                  _INLVLA 0F3C                                    _INLVLB 0F47  
                                  _INLVLC 0F52                                    _INLVLD 0F5D  
                                  _INLVLE 0F68                                    _LCDcmd 0EF9  
                                  u253_20 0F45                                    u253_21 0F44  
                                  u257_20 0F87                                    u257_21 0F86  
                                  _LCDstr 0F64                                    u286_20 000E  
                                  u286_21 000D                                    u287_20 0013  
                                  u287_21 0012                                    u288_20 0017  
                                  u288_21 0016                                    _OSCFRQ 0893  
                           vfpfcnvrt@done 004A                                 ??_ReadI2C 0072  
                             LCDsend2x4@c 0076                               LCDrecv@mode 0078  
                               ??_OpenI2C 0072                          _I2C1_DO_TX_EMPTY 0000  
    __end_of_TMR1_DefaultInterruptHandler 0EED              _TMR1_DefaultInterruptHandler 0EE9  
                            vfprintf@cfmt 0054                                    ___wmul 0FE1  
                               ??___lldiv 007A                                 ??___llmod 007A  
                    read_prec_or_width@ap 0079                                    pad@buf 002D  
                   _I2C1_DO_SEND_ADR_READ 0000                                    fputc@c 0072  
                          _PMD_Initialize 0F08                                    fputs@c 0028  
                                  fputs@i 0029                                    fputs@s 0025  
                                  ltemp0a 0080                                    putch@c 0070  
                                  ttemp0a 007F                          __end_of_vfprintf 0FE1  
                                  utoa@fp 0032  TMR1_SetInterruptHandler@InterruptHandler 0072  
                               ??_sprintf 007A                                    wtemp0a 007F  
                 __end_of_TMR1_WriteTimer 0F51                   _I2C1_DO_RX_NACK_RESTART 0000  
                        ?_TMR1_Initialize 0070                         _SYSTEM_Initialize 0F30  
                 __end_of__initialization 0032                        ?_SYSTEM_Initialize 0070  
                 _rdBlkRegCompleteHandler 0000                            __pcstackCOMMON 0070  
                     ??_SYSTEM_Initialize 0074                                 ?_TMR1_ISR 0070  
           ?_TMR1_DefaultInterruptHandler 0070                             __end_of_fputc 05E0  
                           __end_of_fputs 07E4                             __end_of_putch 0004  
                  __end_of_PMD_Initialize 0F10                                 LCDrecv@hc 0076  
                               LCDrecv@lc 0077                              ??_LCDsend2x4 0075  
                                 ??_fputc 0020                 __end_of_SYSTEM_Initialize 0F40  
                                 ??_fputs 0076                                   ??_putch 0072  
                              __pbssBANK0 0065                                __pbssBANK1 00A0  
                              __pbssBANK2 0141                                   ?_LCDcmd 0070  
                                 ?_LCDstr 0020                                   LCDcmd@c 0079  
                   _rd1RegCompleteHandler 0000                                   LCDstr@c 0021  
                                 LCDstr@p 0020                         _I2C1_DO_SEND_STOP 0000  
                   _wr1RegCompleteHandler 0000                                __pmaintext 0280  
                                 ?___wmul 0072                                ??_TMR1_ISR 0072  
                              __pintentry 0004                           _I2C1_Initialize 0F19  
                      __end_of_LCDsend2x4 0426                                 ?_WriteI2C 0070  
                         ?_PMD_Initialize 0070                                   _LCDchar 0F00  
                                 _LCDbusy 0F51                                   _LCDinit 04AF  
                                 _LCDrecv 0036                                   _LCDsend 0759  
                                 _OSCCON1 088D                                   _OSCCON3 088F  
                                 _OSCTUNE 0892                                   _SSP1ADD 018D  
                                 _SLRCONA 0F3B                                   _SLRCONB 0F46  
                                 _SLRCONC 0F51                                   _SLRCOND 0F5C  
                                 _SLRCONE 0F67                                   _SSP1BUF 018C  
                        ?_TMR1_WriteTimer 0070                              LCDsend2x4@hc 0077  
                            LCDsend2x4@lc 0078                        _i2c1_fsmStateTable 07E4  
                                 _ReadI2C 0F8D                                   _OpenI2C 0F23  
                                 ___lldiv 05E0                                   ___llmod 0684  
                               ?_vfprintf 004E                                ??_WriteI2C 0072  
                                 __ptext1 079C                                   __ptext2 0FC3  
                                 __ptext3 017A                                   __ptext4 0426  
                                 __ptext5 06CD                                   __ptext6 07C0  
                                 __ptext7 0587                                   __ptext8 0003  
                                 __ptext9 0684            ??_TMR1_DefaultInterruptHandler 0070  
                               _T1CONbits 020E                     _OSCILLATOR_Initialize 0F10  
                   read_prec_or_width@fmt 0078                  ??_PIN_MANAGER_Initialize 0072  
               ?_TMR1_SetInterruptHandler 0072                                   main@buf 0120  
                                 _sprintf 079C                                   clrloop0 0EF4  
                    end_of_initialization 0032                                   fputc@fp 0074  
                                 fputs@fp 0026                    _I2C1_DO_SEND_ADR_WRITE 0000  
                      _read_prec_or_width 052B                   __end_of_I2C1_Initialize 0F23  
                         ___lldiv@divisor 0072                           ___lldiv@counter 0024  
                             _I2C1_Status 00A0                         __end_of_vfpfcnvrt 0280  
                     ?_read_prec_or_width 0078                          vfpfcnvrt@convarg 0046  
                              ??_vfprintf 0053                _I2C1_DO_SEND_RESTART_WRITE 0000  
                               _TRISCbits 0013                      ??_read_prec_or_width 0020  
                          __end_of_LCDcmd 0F00                            __end_of_LCDstr 0F77  
                          LCDsend2x4@mode 0074                               vfpfcnvrt@ap 0041  
                             vfpfcnvrt@cp 004C                               vfpfcnvrt@fp 003E  
                          __end_of___wmul 1000                            _I2C1_DO_RX_ACK 0000  
                  ?_OSCILLATOR_Initialize 0070                       start_initialization 001E  
                             __end_of_pad 0713                          WriteI2C@data_out 0073  
                                ??_LCDcmd 0079                                  ??_LCDstr 007A  
                         ___llmod@divisor 0025                           ___llmod@counter 002D  
                        ?_I2C1_Initialize 0070                               vfprintf@fmt 0050  
                        ??_PMD_Initialize 0072                                  ??___wmul 0076  
                                ?_LCDchar 0070                               __pbssCOMMON 007A  
                                ?_LCDbusy 0020                                  ?_LCDinit 0070  
                    _I2C1_DO_SEND_RESTART 0000                                  ?_LCDrecv 0070  
                                ?_LCDsend 0070                                 ___latbits 0002  
                           __pcstackBANK0 0020                             __pcstackBANK1 00C4  
                           __pcstackBANK2 0120                                  LCDchar@c 0079  
                                LCDsend@c 0075                                  ?_ReadI2C 0070  
                               __pnvBANK1 00D0                     _rd2RegCompleteHandler 0000  
                                ?_OpenI2C 0070                    _PIN_MANAGER_Initialize 0713  
                   _wr2RegCompleteHandler 0000                    _MSSP1_InterruptHandler 00C1  
                          _I2C1_MasterIsr 0000          __end_of_TMR1_SetInterruptHandler 0EF3  
                                ?___lldiv 0072                                  ?___llmod 0025  
            ??_INTERRUPT_InterruptManager 0072                                  ?_sprintf 0056  
                          ___wmul@product 0076                                _I2C1_DO_RX 0000  
                              _I2C1_DO_TX 0000                                 clear_ram0 0EF3  
                                _PIE3bits 0719                                  _PIE4bits 071A  
                                _PIR3bits 070F                                  _PIR4bits 0710  
               _I2C1_DO_SEND_RESTART_READ 0000                                  _SSP1CON1 0190  
                                _SSP1CON2 0191                                  _TMR1_ISR 0F77  
                                _SSP1STAT 018F                                 _vfpfcnvrt 017A  
                       ??_TMR1_Initialize 0074                         ___wmul@multiplier 0072  
                               main@hours 0131                             _I2C1_DO_RESET 0000  
                              vfpfcnvrt@c 004B                                vfprintf@ap 0052  
                              vfprintf@fp 004E                   ??_OSCILLATOR_Initialize 0072  
                              ?_vfpfcnvrt 003E                                  _WriteI2C 0639  
                                ___int_sp 0000                  _TMR1_SetInterruptHandler 0EED  
                   _TMR1_InterruptHandler 00D0                                sprintf@fmt 0057  
                                __ptext10 05E0                                  __ptext11 052B  
                                __ptext20 0F23                                  __ptext12 0FE1  
                                __ptext21 0F64                                  __ptext13 0F30  
                              _T1GCONbits 020F                                  __ptext30 0F8D  
                                __ptext22 0F00                                  __ptext14 0FA7  
                                __ptext23 04AF                                  __ptext15 0EED  
                                __ptext32 0F77                                  __ptext24 0759  
                                __ptext16 0F08                                  __ptext33 0F40  
                                __ptext25 0EF9                                  __ptext17 0713  
                                __ptext34 0EE9                                  __ptext26 0375  
                                __ptext18 0F10                                  __ptext27 0F51  
                                __ptext19 0F19                                  __ptext28 0036  
                                __ptext29 0639                              _SSP1CON1bits 0190  
                            _SSP1CON2bits 0191                  _I2C1_CallbackReturnReset 0000  
                                int$flags 007E                                  _vfprintf 0FC3  
      __end_of_INTERRUPT_InterruptManager 001C                _INTERRUPT_InterruptManager 0004  
                            _SSP1STATbits 018F                         ??_TMR1_WriteTimer 0072  
                                main@secs 0139                              _I2C1_DO_IDLE 0000  
                            _I2C1_DO_RCEN 0000                                _INTCONbits 000B  
                              _LCDsend2x4 0375                                  intlevel1 0000  
                               sprintf@ap 00C4                          ___lldiv@dividend 0076  
                 ?_PIN_MANAGER_Initialize 0070                   _I2C1_CallbackReturnStop 0000  
                    _I2C1_DO_ADDRESS_NACK 0000                               ??_vfpfcnvrt 0042  
                           __pstringtext1 07E4                             __pstringtext2 1000  
                           __pstringtext3 0000                                  sprintf@f 00C5  
                                sprintf@s 0056                                _SSP1DATPPS 0EC6  
                              _SSP1CLKPPS 0EC5                          ___lldiv@quotient 0020  
          __end_of_PIN_MANAGER_Initialize 0759                           _TMR1_Initialize 0FA7  
